regime,ss,n_episodes,a_n_success,a_success_rate,a_success_wilson_lo,a_success_wilson_hi,a_n_crash,a_n_off_pad,a_n_hard_landing,a_n_bounce,a_n_timeout,b_n_success,b_success_rate,b_success_wilson_lo,b_success_wilson_hi,b_n_crash,b_n_off_pad,b_n_hard_landing,b_n_bounce,b_n_timeout,success_diff_a_minus_b,success_diff_lo,success_diff_hi,success_diff_separates,n_outcome_changed,n_b_bounce_to_a_success,n_b_success_to_a_bounce,n_b_bounce_to_a_bounce,outcome_transitions_b_to_a,n_first_contact_identical,n_decided_by_first_contact,n_decided_by_first_contact_outcome_identical,n_decided_by_first_contact_outcome_and_reason_identical,n_steps_identical,a_n_tunnelled,a_max_penetration_m,b_n_tunnelled,b_max_penetration_m,a_effort_mean,b_effort_mean,effort_diff_a_minus_b,effort_diff_lo,effort_diff_hi,effort_median_ratio_a_over_b,n_effort_rose,a_jerk_mean,b_jerk_mean,jerk_diff_a_minus_b,jerk_diff_lo,jerk_diff_hi,jerk_median_ratio_a_over_b,n_jerk_rose,method_a,method_b,a_episodes_sha256,b_episodes_sha256,bootstrap_reps,bootstrap_seed,post_hoc
id,SS3,200,200,1.0,0.9811546736227335,1.0,0,0,0,0,0,200,1.0,0.9811546736227335,1.0,0,0,0,0,0,0.0,0.0,0.0,False,0,0,0,0,,0,0,0,0,0,0,0.002248406201754507,0,0.0029939207116606767,0.07041882910050354,0.026425993527094963,0.04399283557340858,0.04271527568128143,0.045271034113258064,2.603454659398589,200,0.008818609364341385,0.007310856255907953,0.001507753108433432,0.001366213539169491,0.0016493827046231175,1.2392768222648327,183,pid_feedforward_lowvz_cut,pid_feedforward,8fe15278cfec1c892c3ddaec9c58b7648f89762b92c64bfebd4067cdb56ccc1b,c5852090822822fa822dd55d0cafb42c43f6c072b0e4365d223baa1f91e5ad7b,10000,20260926,True
id,SS4,200,197,0.985,0.9568342712073097,0.9948857622067417,0,0,0,3,0,200,1.0,0.9811546736227335,1.0,0,0,0,0,0,-0.015000000000000013,-0.035,0.0,False,3,0,3,0,success->bounce:3,0,0,0,0,0,0,0.0022760304088132836,0,0.003251022990516763,0.07171111640189695,0.030183305539448986,0.041527810862447966,0.03989707322712107,0.043077862738495565,2.425574299216018,197,0.011202097059696546,0.01026926240870679,0.0009328346509897556,0.0006835011579642501,0.0011690313882596814,1.1354927522914884,161,pid_feedforward_lowvz_cut,pid_feedforward,8fe15278cfec1c892c3ddaec9c58b7648f89762b92c64bfebd4067cdb56ccc1b,c5852090822822fa822dd55d0cafb42c43f6c072b0e4365d223baa1f91e5ad7b,10000,20260926,True
id,SS5,200,196,0.98,0.9497129130941735,0.9921955735836505,0,0,0,4,0,198,0.99,0.9642782382838231,0.9972533418664555,0,0,1,1,0,-0.010000000000000009,-0.035,0.015,False,6,1,4,0,bounce->success:1;hard_landing->success:1;success->bounce:4,0,1,0,0,0,1,0.005141104645989826,0,0.0034623215574681675,0.07487446208479177,0.03626518103181814,0.038609281052973635,0.036740211066919805,0.04042366816296726,2.1833545280027487,195,0.014553955557830645,0.013857950366588047,0.0006960051912425977,0.00037364312000404137,0.0010203548278555229,1.0934570783448614,137,pid_feedforward_lowvz_cut,pid_feedforward,8fe15278cfec1c892c3ddaec9c58b7648f89762b92c64bfebd4067cdb56ccc1b,c5852090822822fa822dd55d0cafb42c43f6c072b0e4365d223baa1f91e5ad7b,10000,20260926,True
id,SS6,200,176,0.88,0.8276574790170326,0.9180200729362449,0,0,9,15,0,181,0.905,0.8563983883518006,0.9383368972826135,0,0,8,11,0,-0.025000000000000022,-0.075,0.025,False,32,6,11,3,bounce->hard_landing:2;bounce->success:6;hard_landing->bounce:1;hard_landing->success:6;success->bounce:11;success->hard_landing:6,0,16,1,1,0,5,0.0063148310513113535,0,0.003539752603368947,0.07163556235994135,0.03798985815648099,0.033645704203460365,0.030886665017640667,0.03625271249959585,2.0721740780939824,183,0.014497181481061383,0.014367658347361334,0.00012952313370004874,-0.00026365096334265764,0.00051980783702516,1.029855325132707,114,pid_feedforward_lowvz_cut,pid_feedforward,8fe15278cfec1c892c3ddaec9c58b7648f89762b92c64bfebd4067cdb56ccc1b,c5852090822822fa822dd55d0cafb42c43f6c072b0e4365d223baa1f91e5ad7b,10000,20260926,True
unseen_seastate,SS6,200,179,0.895,0.8448196800887696,0.9302925120731899,0,0,7,14,0,180,0.9,0.8505941875672826,0.9343295513309041,0,0,6,14,0,-0.0050000000000000044,-0.055,0.045,False,30,11,12,1,bounce->hard_landing:2;bounce->success:11;hard_landing->bounce:1;hard_landing->success:2;success->bounce:12;success->hard_landing:2,0,10,3,1,0,7,0.007030451107293565,0,0.004046629566245128,0.07133630612617306,0.035928166118762955,0.035408140007410105,0.03291292882956629,0.03777986397662221,2.1309760411686467,185,0.013837694642339833,0.013460563586011696,0.00037713105632813763,5.563172510136319e-05,0.000689835120895361,1.0519252857531227,123,pid_feedforward_lowvz_cut,pid_feedforward,8fe15278cfec1c892c3ddaec9c58b7648f89762b92c64bfebd4067cdb56ccc1b,c5852090822822fa822dd55d0cafb42c43f6c072b0e4365d223baa1f91e5ad7b,10000,20260926,True
unseen_heading,SS3,200,200,1.0,0.9811546736227335,1.0,0,0,0,0,0,200,1.0,0.9811546736227335,1.0,0,0,0,0,0,0.0,0.0,0.0,False,0,0,0,0,,0,0,0,0,0,0,0.002265023304350434,0,0.002506419497203636,0.06905561553862963,0.02552917461327412,0.04352644092535551,0.04234626674831383,0.04470315502364533,2.675249624580312,200,0.006757113822251796,0.005156829034797844,0.0016002847874539514,0.0015069954473031547,0.0016971962080669044,1.3135162534972054,196,pid_feedforward_lowvz_cut,pid_feedforward,8fe15278cfec1c892c3ddaec9c58b7648f89762b92c64bfebd4067cdb56ccc1b,c5852090822822fa822dd55d0cafb42c43f6c072b0e4365d223baa1f91e5ad7b,10000,20260926,True
unseen_heading,SS4,200,198,0.99,0.9642782382838231,0.9972533418664555,0,0,0,2,0,200,1.0,0.9811546736227335,1.0,0,0,0,0,0,-0.010000000000000009,-0.025,0.0,False,2,0,2,0,success->bounce:2,0,0,0,0,0,0,0.002745101810074793,0,0.0026118605753503873,0.0692353006321556,0.026241608456613844,0.04299369217554176,0.04153888894963069,0.04439096973987361,2.5942046413101227,198,0.00782282312115986,0.00626784568772949,0.0015549774334303696,0.0014382431870792736,0.0016702122347460764,1.2483787946466653,192,pid_feedforward_lowvz_cut,pid_feedforward,8fe15278cfec1c892c3ddaec9c58b7648f89762b92c64bfebd4067cdb56ccc1b,c5852090822822fa822dd55d0cafb42c43f6c072b0e4365d223baa1f91e5ad7b,10000,20260926,True
unseen_heading,SS5,200,194,0.97,0.9361057075454807,0.9861796856598887,0,0,0,6,0,199,0.995,0.9722262956021069,0.9991168312843989,0,0,0,1,0,-0.025000000000000022,-0.05,0.0,False,7,1,6,0,bounce->success:1;success->bounce:6,0,0,0,0,0,0,0.00453371623519639,0,0.003523086737132609,0.06944352625879886,0.028882276756414253,0.040561249502384614,0.03876270018328234,0.04226131900763481,2.4379230462817643,194,0.009636832465834945,0.00826887143498737,0.0013679610308475754,0.0011979213922303099,0.0015400734749725679,1.1770222066472171,174,pid_feedforward_lowvz_cut,pid_feedforward,8fe15278cfec1c892c3ddaec9c58b7648f89762b92c64bfebd4067cdb56ccc1b,c5852090822822fa822dd55d0cafb42c43f6c072b0e4365d223baa1f91e5ad7b,10000,20260926,True
unseen_heading,SS6,200,166,0.83,0.7718411637168737,0.8757209208741302,0,0,24,10,0,154,0.77,0.7069169563469642,0.8229065674093119,0,0,24,22,0,0.05999999999999994,-0.01,0.13,False,56,18,6,1,bounce->hard_landing:3;bounce->success:18;hard_landing->bounce:3;hard_landing->success:13;success->bounce:6;success->hard_landing:13,0,40,8,3,0,18,0.006792732859042421,0,0.004364370464027753,0.07054779779313608,0.03424820289027884,0.03629959490285724,0.03371770659817596,0.03872721557716179,2.152902540083969,186,0.011111472605885676,0.01036025217389393,0.0007512204319917448,0.00043995833297880973,0.0010539261058797463,1.078378283686913,129,pid_feedforward_lowvz_cut,pid_feedforward,8fe15278cfec1c892c3ddaec9c58b7648f89762b92c64bfebd4067cdb56ccc1b,c5852090822822fa822dd55d0cafb42c43f6c072b0e4365d223baa1f91e5ad7b,10000,20260926,True
unseen_vessel,SS3,200,200,1.0,0.9811546736227335,1.0,0,0,0,0,0,200,1.0,0.9811546736227335,1.0,0,0,0,0,0,0.0,0.0,0.0,False,0,0,0,0,,0,0,0,0,0,0,0.0025670989064961857,0,0.002247603770234584,0.07041603571625998,0.02625658841111953,0.04415944730514045,0.04303685518958344,0.04528583181207517,2.6644748395378937,200,0.008060502416788773,0.006575206556123658,0.0014852958606651149,0.0013627301520247107,0.0016077277981013365,1.252512478327129,187,pid_feedforward_lowvz_cut,pid_feedforward,8fe15278cfec1c892c3ddaec9c58b7648f89762b92c64bfebd4067cdb56ccc1b,c5852090822822fa822dd55d0cafb42c43f6c072b0e4365d223baa1f91e5ad7b,10000,20260926,True
unseen_vessel,SS4,200,200,1.0,0.9811546736227335,1.0,0,0,0,0,0,200,1.0,0.9811546736227335,1.0,0,0,0,0,0,0.0,0.0,0.0,False,0,0,0,0,,0,0,0,0,0,0,0.002767486373515677,0,0.002291629221565838,0.07310191626364589,0.030113406037438967,0.04298851022620692,0.04174613481021615,0.044217721553951574,2.4538745848794297,200,0.010557981030759382,0.009461081542130583,0.001096899488628799,0.0008956448744003929,0.0012899586659890264,1.1680540064890481,158,pid_feedforward_lowvz_cut,pid_feedforward,8fe15278cfec1c892c3ddaec9c58b7648f89762b92c64bfebd4067cdb56ccc1b,c5852090822822fa822dd55d0cafb42c43f6c072b0e4365d223baa1f91e5ad7b,10000,20260926,True
unseen_vessel,SS5,200,199,0.995,0.9722262956021069,0.9991168312843989,0,0,0,1,0,199,0.995,0.9722262956021069,0.9991168312843989,0,0,0,1,0,0.0,-0.015,0.015,False,2,1,1,0,bounce->success:1;success->bounce:1,0,0,0,0,0,0,0.002537783453978445,0,0.0035838716575163077,0.07671483974653691,0.03775015197632383,0.03896468777021308,0.03716856489129958,0.04078095890845699,2.1656638971642925,198,0.013409704119768343,0.012606034128355268,0.0008036699914130748,0.00048575719696791547,0.001111584183801702,1.1187987101887318,141,pid_feedforward_lowvz_cut,pid_feedforward,8fe15278cfec1c892c3ddaec9c58b7648f89762b92c64bfebd4067cdb56ccc1b,c5852090822822fa822dd55d0cafb42c43f6c072b0e4365d223baa1f91e5ad7b,10000,20260926,True
unseen_vessel,SS6,200,194,0.97,0.9361057075454807,0.9861796856598887,0,0,0,6,0,197,0.985,0.9568342712073097,0.9948857622067417,0,0,1,2,0,-0.015000000000000013,-0.045,0.015,False,9,2,6,0,bounce->success:2;hard_landing->success:1;success->bounce:6,0,1,0,0,0,0,0.004634713435906028,0,0.003460716581455904,0.07759026834718254,0.04254815392291612,0.03504211442426642,0.03280492888603913,0.037160426356775016,1.9701949960925487,192,0.014507813900328603,0.014113219839507198,0.00039459406082140505,2.47782961673712e-05,0.00076532260671243,1.0577654759728605,121,pid_feedforward_lowvz_cut,pid_feedforward,8fe15278cfec1c892c3ddaec9c58b7648f89762b92c64bfebd4067cdb56ccc1b,c5852090822822fa822dd55d0cafb42c43f6c072b0e4365d223baa1f91e5ad7b,10000,20260926,True
static,static,200,200,1.0,0.9811546736227335,1.0,0,0,0,0,0,200,1.0,0.9811546736227335,1.0,0,0,0,0,0,0.0,0.0,0.0,False,0,0,0,0,,0,0,0,0,0,0,0.0023851073674869827,0,0.002010266528752469,0.06960786505220778,0.025221849287956438,0.044386015764251344,0.04328951075351018,0.04550554266634847,2.7109328884567674,200,0.0064000718998385156,0.0046212168390837235,0.001778855060754792,0.0016964864316293376,0.0018650041208948937,1.3969531682881566,199,pid_feedforward_lowvz_cut,pid_feedforward,8fe15278cfec1c892c3ddaec9c58b7648f89762b92c64bfebd4067cdb56ccc1b,c5852090822822fa822dd55d0cafb42c43f6c072b0e4365d223baa1f91e5ad7b,10000,20260926,True
