method,privileged,run_seed,pad,regime,ss,n_episodes,n_success,success_rate,success_wilson_lo,success_wilson_hi,frac_crash,frac_off_pad,frac_hard_landing,frac_bounce,frac_success,frac_timeout,n_touchdowns,rel_vz_normal_p50_m_s,rel_vz_normal_p95_m_s,rel_vz_world_z_p50_m_s,rel_vz_world_z_p95_m_s,lateral_p50_m,lateral_p95_m,rel_tilt_p95_deg,time_to_touchdown_mean_s,time_to_touchdown_p50_s,effort_mean_sq,action_jerk_mean,disagreement_n,disagreement_rate,tunnelling_n,max_penetration_m,n_td_in_quiescent_window,frac_td_in_quiescent_window,frac_in_training_distribution,n_reason_ground_contact,n_reason_off_plate_strike,n_reason_tilt_gt_crash,n_reason_below_deck,n_reason_out_of_bounds,n_reason_dwell_complete,n_reason_release,n_reason_time_limit,n_listed,skip_reason,frac_td_in_quiescent_window_wilson_lo,frac_td_in_quiescent_window_wilson_hi,quiet_landings_per_listed,quiet_landings_per_listed_wilson_lo,quiet_landings_per_listed_wilson_hi,controller_config_sha256,resolved_gains_sha256,forecaster_files_sha256,python,numpy,torch,sb3,gymnasium,pybullet,dmf_sha,gpd_sha,success_yaml_sha256,landing_yaml_sha256,observation_yaml_sha256,noise_yaml_sha256,episodes_manifest_sha256,generator_seed,v_max_m_s,driver
pid_track_descend,False,0,aft,id,SS3,200,200,1.0,0.9811546736227335,1.0,0.0,0.0,0.0,0.0,1.0,0.0,200,0.2378581514410156,0.3084758209616655,0.23778522531096877,0.3088640775250846,0.021086919661205593,0.039537606535527105,3.9401259662686723,4.610854166666667,4.616666666666667,0.02441055319433735,0.00301540505962017,0,0.0,0,-0.0027747478073097175,188,0.94,0.755,0,0,0,0,0,200,0,0,200,,0.8980683070423372,0.9653478057456681,0.94,0.8980683070423372,0.9653478057456681,5d6aef5553054cbb1e7e50628474e64fc986303bacd34fb51030870cda4282e5,29b5899e05be406153db3500a9938a0f23318ea39036416ba45f78de56102469,,3.12.3,2.5.2,2.13.0,2.9.0,1.3.0,3.2.7,e9fa15cc35312a5c1ecf0c42668a690b5061c090,7ebad1ecabd28a7000add2d05f888aa2e837c2cc,c7fbdcc4df48bd4a2cfe21811613e5e50e3e4868822fe6dddd13745d96692118,b98d65cc5e34337369dcd4d69d63651cc2c99c19e8494199e8b5ec9e06c8b87f,3ee7e46399aea60603c767e0a604e79e7db233924ce71fe027a1ccc1623b7eb0,7beb41daec3d6a34c6da7696c56a982667957298f017ebe137829282b6ce7985,e6f30e55e478d39061b94e38de33959ca99b16e8cac38a3bd99b34f6543ad4a2,20260924,1.5,kinematic
pid_track_descend,False,0,aft,id,SS4,200,192,0.96,0.923067931799067,0.9795943679338476,0.0,0.0,0.02,0.02,0.96,0.0,200,0.25374074131917296,0.41166211982936735,0.2544118170897268,0.4116075418223006,0.021473509927311077,0.04194739129458693,4.753353972363465,4.62675,4.591666666666667,0.024399700510961346,0.003057863405482176,0,0.0,0,-0.004985198069492471,145,0.725,0.75,0,0,0,0,0,195,5,0,200,,0.6593166064233035,0.7822029967069265,0.725,0.6593166064233035,0.7822029967069265,5d6aef5553054cbb1e7e50628474e64fc986303bacd34fb51030870cda4282e5,29b5899e05be406153db3500a9938a0f23318ea39036416ba45f78de56102469,,3.12.3,2.5.2,2.13.0,2.9.0,1.3.0,3.2.7,e9fa15cc35312a5c1ecf0c42668a690b5061c090,7ebad1ecabd28a7000add2d05f888aa2e837c2cc,c7fbdcc4df48bd4a2cfe21811613e5e50e3e4868822fe6dddd13745d96692118,b98d65cc5e34337369dcd4d69d63651cc2c99c19e8494199e8b5ec9e06c8b87f,3ee7e46399aea60603c767e0a604e79e7db233924ce71fe027a1ccc1623b7eb0,7beb41daec3d6a34c6da7696c56a982667957298f017ebe137829282b6ce7985,e6f30e55e478d39061b94e38de33959ca99b16e8cac38a3bd99b34f6543ad4a2,20260924,1.5,kinematic
pid_track_descend,False,0,aft,id,SS5,200,170,0.85,0.7939442071583334,0.89286406437758,0.0,0.0,0.06,0.09,0.85,0.0,200,0.3031533145110863,0.5251229641631405,0.30319511001306765,0.5247407648591473,0.018598562189508817,0.03730302194838087,7.502176146984847,4.587395833333334,4.541666666666666,0.024276852059510787,0.0031216597307705198,0,0.0,4,-0.006498021935827149,63,0.315,0.745,0,0,0,0,0,173,27,0,200,,0.2546232099022851,0.3823495608573036,0.315,0.2546232099022851,0.3823495608573036,5d6aef5553054cbb1e7e50628474e64fc986303bacd34fb51030870cda4282e5,29b5899e05be406153db3500a9938a0f23318ea39036416ba45f78de56102469,,3.12.3,2.5.2,2.13.0,2.9.0,1.3.0,3.2.7,e9fa15cc35312a5c1ecf0c42668a690b5061c090,7ebad1ecabd28a7000add2d05f888aa2e837c2cc,c7fbdcc4df48bd4a2cfe21811613e5e50e3e4868822fe6dddd13745d96692118,b98d65cc5e34337369dcd4d69d63651cc2c99c19e8494199e8b5ec9e06c8b87f,3ee7e46399aea60603c767e0a604e79e7db233924ce71fe027a1ccc1623b7eb0,7beb41daec3d6a34c6da7696c56a982667957298f017ebe137829282b6ce7985,e6f30e55e478d39061b94e38de33959ca99b16e8cac38a3bd99b34f6543ad4a2,20260924,1.5,kinematic
pid_track_descend,False,0,aft,id,SS6,200,160,0.8,0.7391448134346212,0.8495479907390189,0.0,0.0,0.085,0.115,0.8,0.0,200,0.2867080343056333,0.5024469078252016,0.28983530208809827,0.5021736391908039,0.020904205324439963,0.040497359083675105,13.949215518856903,4.629708333333333,4.645833333333334,0.024534082453077883,0.003410255838830684,0,0.0,2,-0.006335133722248367,20,0.1,0.0,0,0,0,0,0,173,27,0,200,,0.06567044866909588,0.1494058124327174,0.1,0.06567044866909588,0.1494058124327174,5d6aef5553054cbb1e7e50628474e64fc986303bacd34fb51030870cda4282e5,29b5899e05be406153db3500a9938a0f23318ea39036416ba45f78de56102469,,3.12.3,2.5.2,2.13.0,2.9.0,1.3.0,3.2.7,e9fa15cc35312a5c1ecf0c42668a690b5061c090,7ebad1ecabd28a7000add2d05f888aa2e837c2cc,c7fbdcc4df48bd4a2cfe21811613e5e50e3e4868822fe6dddd13745d96692118,b98d65cc5e34337369dcd4d69d63651cc2c99c19e8494199e8b5ec9e06c8b87f,3ee7e46399aea60603c767e0a604e79e7db233924ce71fe027a1ccc1623b7eb0,7beb41daec3d6a34c6da7696c56a982667957298f017ebe137829282b6ce7985,e6f30e55e478d39061b94e38de33959ca99b16e8cac38a3bd99b34f6543ad4a2,20260924,1.5,kinematic
pid_track_descend,False,0,aft,unseen_seastate,SS6,200,162,0.81,0.7499876129240015,0.8583282847220932,0.0,0.0,0.075,0.115,0.81,0.0,200,0.2818295304187395,0.49698099921122957,0.2838903875448836,0.4976115986427193,0.01968432278142633,0.03893159668555743,14.300487534955165,4.538708333333333,4.489583333333333,0.02415634442414308,0.0033583646122426858,1,0.005,1,-0.0064941322929771795,24,0.12,0.0,0,0,0,0,0,169,31,0,200,,0.08197992706375512,0.17234252098296743,0.12,0.08197992706375512,0.17234252098296743,5d6aef5553054cbb1e7e50628474e64fc986303bacd34fb51030870cda4282e5,29b5899e05be406153db3500a9938a0f23318ea39036416ba45f78de56102469,,3.12.3,2.5.2,2.13.0,2.9.0,1.3.0,3.2.7,e9fa15cc35312a5c1ecf0c42668a690b5061c090,7ebad1ecabd28a7000add2d05f888aa2e837c2cc,c7fbdcc4df48bd4a2cfe21811613e5e50e3e4868822fe6dddd13745d96692118,b98d65cc5e34337369dcd4d69d63651cc2c99c19e8494199e8b5ec9e06c8b87f,3ee7e46399aea60603c767e0a604e79e7db233924ce71fe027a1ccc1623b7eb0,7beb41daec3d6a34c6da7696c56a982667957298f017ebe137829282b6ce7985,e6f30e55e478d39061b94e38de33959ca99b16e8cac38a3bd99b34f6543ad4a2,20260924,1.5,kinematic
pid_track_descend,False,0,aft,unseen_heading,SS3,200,200,1.0,0.9811546736227335,1.0,0.0,0.0,0.0,0.0,1.0,0.0,200,0.23171578590538142,0.25819168778185003,0.23174826154567252,0.2579933119496206,0.020856640665093143,0.04041262431739593,4.0266327664040835,4.683541666666667,4.714583333333334,0.024581598552596232,0.003086567219714523,0,0.0,0,-0.0022845995404363016,200,1.0,0.0,0,0,0,0,0,200,0,0,200,,0.9811546736227335,1.0,1.0,0.9811546736227335,1.0,5d6aef5553054cbb1e7e50628474e64fc986303bacd34fb51030870cda4282e5,29b5899e05be406153db3500a9938a0f23318ea39036416ba45f78de56102469,,3.12.3,2.5.2,2.13.0,2.9.0,1.3.0,3.2.7,e9fa15cc35312a5c1ecf0c42668a690b5061c090,7ebad1ecabd28a7000add2d05f888aa2e837c2cc,c7fbdcc4df48bd4a2cfe21811613e5e50e3e4868822fe6dddd13745d96692118,b98d65cc5e34337369dcd4d69d63651cc2c99c19e8494199e8b5ec9e06c8b87f,3ee7e46399aea60603c767e0a604e79e7db233924ce71fe027a1ccc1623b7eb0,7beb41daec3d6a34c6da7696c56a982667957298f017ebe137829282b6ce7985,e6f30e55e478d39061b94e38de33959ca99b16e8cac38a3bd99b34f6543ad4a2,20260924,1.5,kinematic
pid_track_descend,False,0,aft,unseen_heading,SS4,200,200,1.0,0.9811546736227335,1.0,0.0,0.0,0.0,0.0,1.0,0.0,200,0.24047898300637982,0.312660119012341,0.2408002741296857,0.31329431234338456,0.02115245354981573,0.039796548850903994,4.5306530775597444,4.645270833333333,4.641666666666667,0.024451591190300236,0.0030347457330512227,0,0.0,0,-0.0027374910502020733,184,0.92,0.0,0,0,0,0,0,200,0,0,200,,0.874010511732856,0.9501594141102401,0.92,0.874010511732856,0.9501594141102401,5d6aef5553054cbb1e7e50628474e64fc986303bacd34fb51030870cda4282e5,29b5899e05be406153db3500a9938a0f23318ea39036416ba45f78de56102469,,3.12.3,2.5.2,2.13.0,2.9.0,1.3.0,3.2.7,e9fa15cc35312a5c1ecf0c42668a690b5061c090,7ebad1ecabd28a7000add2d05f888aa2e837c2cc,c7fbdcc4df48bd4a2cfe21811613e5e50e3e4868822fe6dddd13745d96692118,b98d65cc5e34337369dcd4d69d63651cc2c99c19e8494199e8b5ec9e06c8b87f,3ee7e46399aea60603c767e0a604e79e7db233924ce71fe027a1ccc1623b7eb0,7beb41daec3d6a34c6da7696c56a982667957298f017ebe137829282b6ce7985,e6f30e55e478d39061b94e38de33959ca99b16e8cac38a3bd99b34f6543ad4a2,20260924,1.5,kinematic
pid_track_descend,False,0,aft,unseen_heading,SS5,200,195,0.975,0.942821659593358,0.9892752803482386,0.0,0.0,0.0,0.025,0.975,0.0,200,0.26373588522330316,0.3700286782629406,0.26422148116117117,0.3678009727515774,0.021432391812871918,0.04057132062507617,7.015356780819092,4.651083333333333,4.637499999999999,0.02449112209352619,0.00310516486427414,0,0.0,0,-0.0031491838114615822,80,0.4,0.0,0,0,0,0,0,195,5,0,200,,0.33460578566807336,0.46916327960737997,0.4,0.33460578566807336,0.46916327960737997,5d6aef5553054cbb1e7e50628474e64fc986303bacd34fb51030870cda4282e5,29b5899e05be406153db3500a9938a0f23318ea39036416ba45f78de56102469,,3.12.3,2.5.2,2.13.0,2.9.0,1.3.0,3.2.7,e9fa15cc35312a5c1ecf0c42668a690b5061c090,7ebad1ecabd28a7000add2d05f888aa2e837c2cc,c7fbdcc4df48bd4a2cfe21811613e5e50e3e4868822fe6dddd13745d96692118,b98d65cc5e34337369dcd4d69d63651cc2c99c19e8494199e8b5ec9e06c8b87f,3ee7e46399aea60603c767e0a604e79e7db233924ce71fe027a1ccc1623b7eb0,7beb41daec3d6a34c6da7696c56a982667957298f017ebe137829282b6ce7985,e6f30e55e478d39061b94e38de33959ca99b16e8cac38a3bd99b34f6543ad4a2,20260924,1.5,kinematic
pid_track_descend,False,0,aft,unseen_heading,SS6,200,145,0.725,0.6593166064233035,0.7822029967069265,0.0,0.0,0.11,0.165,0.725,0.0,200,0.2847572665751466,0.45385299727827655,0.2908378762813913,0.4630565150778015,0.02219219506825671,0.04413421933906047,18.101667622531437,4.54775,4.535416666666666,0.024349590088871116,0.003748787662215527,0,0.0,5,-0.005916183602925467,12,0.06,0.0,0,0,0,0,0,160,40,0,200,,0.03465219425433187,0.1019316929576627,0.06,0.03465219425433187,0.1019316929576627,5d6aef5553054cbb1e7e50628474e64fc986303bacd34fb51030870cda4282e5,29b5899e05be406153db3500a9938a0f23318ea39036416ba45f78de56102469,,3.12.3,2.5.2,2.13.0,2.9.0,1.3.0,3.2.7,e9fa15cc35312a5c1ecf0c42668a690b5061c090,7ebad1ecabd28a7000add2d05f888aa2e837c2cc,c7fbdcc4df48bd4a2cfe21811613e5e50e3e4868822fe6dddd13745d96692118,b98d65cc5e34337369dcd4d69d63651cc2c99c19e8494199e8b5ec9e06c8b87f,3ee7e46399aea60603c767e0a604e79e7db233924ce71fe027a1ccc1623b7eb0,7beb41daec3d6a34c6da7696c56a982667957298f017ebe137829282b6ce7985,e6f30e55e478d39061b94e38de33959ca99b16e8cac38a3bd99b34f6543ad4a2,20260924,1.5,kinematic
pid_track_descend,False,0,aft,unseen_vessel,SS3,200,200,1.0,0.9811546736227335,1.0,0.0,0.0,0.0,0.0,1.0,0.0,200,0.2351719890727106,0.30025923133930005,0.23521728977246142,0.3002196555050506,0.018356622634848618,0.03994453312640592,4.023412215258487,4.599916666666667,4.5625,0.02451097790094563,0.003081423821039758,0,0.0,0,-0.0027506799116615997,200,1.0,0.0,0,0,0,0,0,200,0,0,200,,0.9811546736227335,1.0,1.0,0.9811546736227335,1.0,5d6aef5553054cbb1e7e50628474e64fc986303bacd34fb51030870cda4282e5,29b5899e05be406153db3500a9938a0f23318ea39036416ba45f78de56102469,,3.12.3,2.5.2,2.13.0,2.9.0,1.3.0,3.2.7,e9fa15cc35312a5c1ecf0c42668a690b5061c090,7ebad1ecabd28a7000add2d05f888aa2e837c2cc,c7fbdcc4df48bd4a2cfe21811613e5e50e3e4868822fe6dddd13745d96692118,b98d65cc5e34337369dcd4d69d63651cc2c99c19e8494199e8b5ec9e06c8b87f,3ee7e46399aea60603c767e0a604e79e7db233924ce71fe027a1ccc1623b7eb0,7beb41daec3d6a34c6da7696c56a982667957298f017ebe137829282b6ce7985,e6f30e55e478d39061b94e38de33959ca99b16e8cac38a3bd99b34f6543ad4a2,20260924,1.5,kinematic
pid_track_descend,False,0,aft,unseen_vessel,SS4,200,195,0.975,0.942821659593358,0.9892752803482386,0.0,0.0,0.0,0.025,0.975,0.0,200,0.2531531834199729,0.38812587339832305,0.2533912084354825,0.3877579531222853,0.020982749039520503,0.0402608575165013,4.450187495336114,4.633249999999999,4.6875,0.02448288089640733,0.003098615860640476,0,0.0,0,-0.003984478967726325,163,0.815,0.0,0,0,0,0,0,195,5,0,200,,0.7554293723884824,0.8626980719938395,0.815,0.7554293723884824,0.8626980719938395,5d6aef5553054cbb1e7e50628474e64fc986303bacd34fb51030870cda4282e5,29b5899e05be406153db3500a9938a0f23318ea39036416ba45f78de56102469,,3.12.3,2.5.2,2.13.0,2.9.0,1.3.0,3.2.7,e9fa15cc35312a5c1ecf0c42668a690b5061c090,7ebad1ecabd28a7000add2d05f888aa2e837c2cc,c7fbdcc4df48bd4a2cfe21811613e5e50e3e4868822fe6dddd13745d96692118,b98d65cc5e34337369dcd4d69d63651cc2c99c19e8494199e8b5ec9e06c8b87f,3ee7e46399aea60603c767e0a604e79e7db233924ce71fe027a1ccc1623b7eb0,7beb41daec3d6a34c6da7696c56a982667957298f017ebe137829282b6ce7985,e6f30e55e478d39061b94e38de33959ca99b16e8cac38a3bd99b34f6543ad4a2,20260924,1.5,kinematic
pid_track_descend,False,0,aft,unseen_vessel,SS5,200,180,0.9,0.8505941875672826,0.9343295513309041,0.0,0.0,0.07,0.03,0.9,0.0,200,0.29186344464344993,0.5203423995983718,0.29182435576055,0.5212626827379416,0.022449465199669227,0.037603261003339224,4.539594640855313,4.626645833333333,4.564583333333333,0.024390215714691212,0.00311927687112974,0,0.0,2,-0.006004779972007181,108,0.54,0.0,0,0,0,0,0,191,9,0,200,,0.4708228918895333,0.6076694820002854,0.54,0.4708228918895333,0.6076694820002854,5d6aef5553054cbb1e7e50628474e64fc986303bacd34fb51030870cda4282e5,29b5899e05be406153db3500a9938a0f23318ea39036416ba45f78de56102469,,3.12.3,2.5.2,2.13.0,2.9.0,1.3.0,3.2.7,e9fa15cc35312a5c1ecf0c42668a690b5061c090,7ebad1ecabd28a7000add2d05f888aa2e837c2cc,c7fbdcc4df48bd4a2cfe21811613e5e50e3e4868822fe6dddd13745d96692118,b98d65cc5e34337369dcd4d69d63651cc2c99c19e8494199e8b5ec9e06c8b87f,3ee7e46399aea60603c767e0a604e79e7db233924ce71fe027a1ccc1623b7eb0,7beb41daec3d6a34c6da7696c56a982667957298f017ebe137829282b6ce7985,e6f30e55e478d39061b94e38de33959ca99b16e8cac38a3bd99b34f6543ad4a2,20260924,1.5,kinematic
pid_track_descend,False,0,aft,unseen_vessel,SS6,200,163,0.815,0.7554293723884824,0.8626980719938395,0.0,0.0,0.1,0.085,0.815,0.0,200,0.31248854119500924,0.545990533441023,0.3127799607441809,0.5459751296321994,0.021908483058555535,0.03921981990477662,7.981528021397911,4.609458333333333,4.675,0.024647966249676224,0.0031741917122302997,0,0.0,0,-0.004951590479236278,40,0.2,0.0,0,0,0,0,0,174,26,0,200,,0.15045200926098115,0.2608551865653788,0.2,0.15045200926098115,0.2608551865653788,5d6aef5553054cbb1e7e50628474e64fc986303bacd34fb51030870cda4282e5,29b5899e05be406153db3500a9938a0f23318ea39036416ba45f78de56102469,,3.12.3,2.5.2,2.13.0,2.9.0,1.3.0,3.2.7,e9fa15cc35312a5c1ecf0c42668a690b5061c090,7ebad1ecabd28a7000add2d05f888aa2e837c2cc,c7fbdcc4df48bd4a2cfe21811613e5e50e3e4868822fe6dddd13745d96692118,b98d65cc5e34337369dcd4d69d63651cc2c99c19e8494199e8b5ec9e06c8b87f,3ee7e46399aea60603c767e0a604e79e7db233924ce71fe027a1ccc1623b7eb0,7beb41daec3d6a34c6da7696c56a982667957298f017ebe137829282b6ce7985,e6f30e55e478d39061b94e38de33959ca99b16e8cac38a3bd99b34f6543ad4a2,20260924,1.5,kinematic
pid_track_descend,False,0,aft,static,static,200,200,1.0,0.9811546736227335,1.0,0.0,0.0,0.0,0.0,1.0,0.0,200,0.2319658523530766,0.24609836803603274,0.2319658523530766,0.24609836803603274,0.02225458993626611,0.04027038249242214,4.153720753548946,4.6038125,4.604166666666666,0.024478909024133556,0.003044463891085207,0,0.0,0,-0.0020926435944489397,200,1.0,0.0,0,0,0,0,0,200,0,0,200,,0.9811546736227335,1.0,1.0,0.9811546736227335,1.0,5d6aef5553054cbb1e7e50628474e64fc986303bacd34fb51030870cda4282e5,29b5899e05be406153db3500a9938a0f23318ea39036416ba45f78de56102469,,3.12.3,2.5.2,2.13.0,2.9.0,1.3.0,3.2.7,e9fa15cc35312a5c1ecf0c42668a690b5061c090,7ebad1ecabd28a7000add2d05f888aa2e837c2cc,c7fbdcc4df48bd4a2cfe21811613e5e50e3e4868822fe6dddd13745d96692118,b98d65cc5e34337369dcd4d69d63651cc2c99c19e8494199e8b5ec9e06c8b87f,3ee7e46399aea60603c767e0a604e79e7db233924ce71fe027a1ccc1623b7eb0,7beb41daec3d6a34c6da7696c56a982667957298f017ebe137829282b6ce7985,e6f30e55e478d39061b94e38de33959ca99b16e8cac38a3bd99b34f6543ad4a2,20260924,1.5,kinematic
pid_feedforward,False,0,aft,id,SS3,200,200,1.0,0.9811546736227335,1.0,0.0,0.0,0.0,0.0,1.0,0.0,200,0.19313922591852783,0.21888063360740284,0.19318986046784786,0.21934593371556024,0.016604464185096493,0.03221803479809114,4.413792751517487,4.523979166666667,4.497916666666667,0.026425993527094963,0.007310856255907953,0,0.0,0,-0.0029939207116606767,190,0.95,0.755,0,0,0,0,0,200,0,0,200,,0.9104218518612239,0.972617354399236,0.95,0.9104218518612239,0.972617354399236,beb988add28122b37d4668c92a0e7402512c3fd7bf99106c121a8e94249fe54e,efe56dfc1f5945cb8deb5c7b4b44a92f0918694c9dbb540a1b22d12a1af374fb,,3.12.3,2.5.2,2.13.0,2.9.0,1.3.0,3.2.7,e9fa15cc35312a5c1ecf0c42668a690b5061c090,7ebad1ecabd28a7000add2d05f888aa2e837c2cc,c7fbdcc4df48bd4a2cfe21811613e5e50e3e4868822fe6dddd13745d96692118,b98d65cc5e34337369dcd4d69d63651cc2c99c19e8494199e8b5ec9e06c8b87f,3ee7e46399aea60603c767e0a604e79e7db233924ce71fe027a1ccc1623b7eb0,7beb41daec3d6a34c6da7696c56a982667957298f017ebe137829282b6ce7985,e6f30e55e478d39061b94e38de33959ca99b16e8cac38a3bd99b34f6543ad4a2,20260924,1.5,kinematic
pid_feedforward,False,0,aft,id,SS4,200,200,1.0,0.9811546736227335,1.0,0.0,0.0,0.0,0.0,1.0,0.0,200,0.18890066769420505,0.22606710897553578,0.18945008267208113,0.22611659809618043,0.015833890522080632,0.034260952801084446,5.093734546142333,4.544375,4.49375,0.030183305539448986,0.01026926240870679,0,0.0,0,-0.003251022990516763,144,0.72,0.75,0,0,0,0,0,200,0,0,200,,0.6540769541334929,0.7776311022605097,0.72,0.6540769541334929,0.7776311022605097,beb988add28122b37d4668c92a0e7402512c3fd7bf99106c121a8e94249fe54e,efe56dfc1f5945cb8deb5c7b4b44a92f0918694c9dbb540a1b22d12a1af374fb,,3.12.3,2.5.2,2.13.0,2.9.0,1.3.0,3.2.7,e9fa15cc35312a5c1ecf0c42668a690b5061c090,7ebad1ecabd28a7000add2d05f888aa2e837c2cc,c7fbdcc4df48bd4a2cfe21811613e5e50e3e4868822fe6dddd13745d96692118,b98d65cc5e34337369dcd4d69d63651cc2c99c19e8494199e8b5ec9e06c8b87f,3ee7e46399aea60603c767e0a604e79e7db233924ce71fe027a1ccc1623b7eb0,7beb41daec3d6a34c6da7696c56a982667957298f017ebe137829282b6ce7985,e6f30e55e478d39061b94e38de33959ca99b16e8cac38a3bd99b34f6543ad4a2,20260924,1.5,kinematic
pid_feedforward,False,0,aft,id,SS5,200,198,0.99,0.9642782382838231,0.9972533418664555,0.0,0.0,0.005,0.005,0.99,0.0,200,0.1920002347473232,0.2620761498533322,0.19202110627896035,0.26236773699195454,0.01553354949642222,0.03315582910773343,8.365724116086218,4.484041666666667,4.408333333333333,0.03626518103181814,0.013857950366588047,0,0.0,0,-0.0034623215574681675,58,0.29,0.745,0,0,0,0,0,199,1,0,200,,0.23154025607067882,0.3563747810077731,0.29,0.23154025607067882,0.3563747810077731,beb988add28122b37d4668c92a0e7402512c3fd7bf99106c121a8e94249fe54e,efe56dfc1f5945cb8deb5c7b4b44a92f0918694c9dbb540a1b22d12a1af374fb,,3.12.3,2.5.2,2.13.0,2.9.0,1.3.0,3.2.7,e9fa15cc35312a5c1ecf0c42668a690b5061c090,7ebad1ecabd28a7000add2d05f888aa2e837c2cc,c7fbdcc4df48bd4a2cfe21811613e5e50e3e4868822fe6dddd13745d96692118,b98d65cc5e34337369dcd4d69d63651cc2c99c19e8494199e8b5ec9e06c8b87f,3ee7e46399aea60603c767e0a604e79e7db233924ce71fe027a1ccc1623b7eb0,7beb41daec3d6a34c6da7696c56a982667957298f017ebe137829282b6ce7985,e6f30e55e478d39061b94e38de33959ca99b16e8cac38a3bd99b34f6543ad4a2,20260924,1.5,kinematic
pid_feedforward,False,0,aft,id,SS6,200,181,0.905,0.8563983883518006,0.9383368972826135,0.0,0.0,0.04,0.055,0.905,0.0,200,0.1930923249778903,0.26369441679676536,0.19486156512135583,0.2642872163821159,0.014721133868254403,0.03073958499223247,13.442978739797686,4.564729166666667,4.552083333333334,0.03798985815648099,0.014367658347361334,0,0.0,0,-0.003539752603368947,16,0.08,0.0,0,0,0,0,0,188,12,0,200,,0.049840585889759974,0.12598948826714396,0.08,0.049840585889759974,0.12598948826714396,beb988add28122b37d4668c92a0e7402512c3fd7bf99106c121a8e94249fe54e,efe56dfc1f5945cb8deb5c7b4b44a92f0918694c9dbb540a1b22d12a1af374fb,,3.12.3,2.5.2,2.13.0,2.9.0,1.3.0,3.2.7,e9fa15cc35312a5c1ecf0c42668a690b5061c090,7ebad1ecabd28a7000add2d05f888aa2e837c2cc,c7fbdcc4df48bd4a2cfe21811613e5e50e3e4868822fe6dddd13745d96692118,b98d65cc5e34337369dcd4d69d63651cc2c99c19e8494199e8b5ec9e06c8b87f,3ee7e46399aea60603c767e0a604e79e7db233924ce71fe027a1ccc1623b7eb0,7beb41daec3d6a34c6da7696c56a982667957298f017ebe137829282b6ce7985,e6f30e55e478d39061b94e38de33959ca99b16e8cac38a3bd99b34f6543ad4a2,20260924,1.5,kinematic
pid_feedforward,False,0,aft,unseen_seastate,SS6,200,180,0.9,0.8505941875672826,0.9343295513309041,0.0,0.0,0.03,0.07,0.9,0.0,200,0.1925324942310907,0.2500387144815379,0.19357926528242347,0.2467737521301977,0.01641768667757587,0.035745420361129536,13.078819002028897,4.510270833333333,4.460416666666667,0.035928166118762955,0.013460563586011696,1,0.005,0,-0.004046629566245128,21,0.105,0.0,0,0,0,0,0,183,17,0,200,,0.06970748792681017,0.1551803199112304,0.105,0.06970748792681017,0.1551803199112304,beb988add28122b37d4668c92a0e7402512c3fd7bf99106c121a8e94249fe54e,efe56dfc1f5945cb8deb5c7b4b44a92f0918694c9dbb540a1b22d12a1af374fb,,3.12.3,2.5.2,2.13.0,2.9.0,1.3.0,3.2.7,e9fa15cc35312a5c1ecf0c42668a690b5061c090,7ebad1ecabd28a7000add2d05f888aa2e837c2cc,c7fbdcc4df48bd4a2cfe21811613e5e50e3e4868822fe6dddd13745d96692118,b98d65cc5e34337369dcd4d69d63651cc2c99c19e8494199e8b5ec9e06c8b87f,3ee7e46399aea60603c767e0a604e79e7db233924ce71fe027a1ccc1623b7eb0,7beb41daec3d6a34c6da7696c56a982667957298f017ebe137829282b6ce7985,e6f30e55e478d39061b94e38de33959ca99b16e8cac38a3bd99b34f6543ad4a2,20260924,1.5,kinematic
pid_feedforward,False,0,aft,unseen_heading,SS3,200,200,1.0,0.9811546736227335,1.0,0.0,0.0,0.0,0.0,1.0,0.0,200,0.19181339083205665,0.204537007801507,0.1919054026639391,0.20458545642015177,0.014899821210432873,0.030724585982686868,4.692135247440941,4.629645833333333,4.7,0.02552917461327412,0.005156829034797844,0,0.0,0,-0.002506419497203636,200,1.0,0.0,0,0,0,0,0,200,0,0,200,,0.9811546736227335,1.0,1.0,0.9811546736227335,1.0,beb988add28122b37d4668c92a0e7402512c3fd7bf99106c121a8e94249fe54e,efe56dfc1f5945cb8deb5c7b4b44a92f0918694c9dbb540a1b22d12a1af374fb,,3.12.3,2.5.2,2.13.0,2.9.0,1.3.0,3.2.7,e9fa15cc35312a5c1ecf0c42668a690b5061c090,7ebad1ecabd28a7000add2d05f888aa2e837c2cc,c7fbdcc4df48bd4a2cfe21811613e5e50e3e4868822fe6dddd13745d96692118,b98d65cc5e34337369dcd4d69d63651cc2c99c19e8494199e8b5ec9e06c8b87f,3ee7e46399aea60603c767e0a604e79e7db233924ce71fe027a1ccc1623b7eb0,7beb41daec3d6a34c6da7696c56a982667957298f017ebe137829282b6ce7985,e6f30e55e478d39061b94e38de33959ca99b16e8cac38a3bd99b34f6543ad4a2,20260924,1.5,kinematic
pid_feedforward,False,0,aft,unseen_heading,SS4,200,200,1.0,0.9811546736227335,1.0,0.0,0.0,0.0,0.0,1.0,0.0,200,0.1901325010623574,0.21161882680763802,0.19007040313058998,0.2116464711284986,0.01599641019962158,0.03290785344440917,5.243090123705206,4.556270833333333,4.535416666666666,0.026241608456613844,0.00626784568772949,0,0.0,0,-0.0026118605753503873,183,0.915,0.0,0,0,0,0,0,200,0,0,200,,0.8681041292843443,0.9462542498225244,0.915,0.8681041292843443,0.9462542498225244,beb988add28122b37d4668c92a0e7402512c3fd7bf99106c121a8e94249fe54e,efe56dfc1f5945cb8deb5c7b4b44a92f0918694c9dbb540a1b22d12a1af374fb,,3.12.3,2.5.2,2.13.0,2.9.0,1.3.0,3.2.7,e9fa15cc35312a5c1ecf0c42668a690b5061c090,7ebad1ecabd28a7000add2d05f888aa2e837c2cc,c7fbdcc4df48bd4a2cfe21811613e5e50e3e4868822fe6dddd13745d96692118,b98d65cc5e34337369dcd4d69d63651cc2c99c19e8494199e8b5ec9e06c8b87f,3ee7e46399aea60603c767e0a604e79e7db233924ce71fe027a1ccc1623b7eb0,7beb41daec3d6a34c6da7696c56a982667957298f017ebe137829282b6ce7985,e6f30e55e478d39061b94e38de33959ca99b16e8cac38a3bd99b34f6543ad4a2,20260924,1.5,kinematic
pid_feedforward,False,0,aft,unseen_heading,SS5,200,199,0.995,0.9722262956021069,0.9991168312843989,0.0,0.0,0.0,0.005,0.995,0.0,200,0.19123270963598932,0.221547344798568,0.19118183310376907,0.22132594551215298,0.015901356049626808,0.030580015449677502,7.889586282640448,4.6068125,4.61875,0.028882276756414253,0.00826887143498737,0,0.0,0,-0.003523086737132609,81,0.405,0.0,0,0,0,0,0,199,1,0,200,,0.3393777128250677,0.47420289918661307,0.405,0.3393777128250677,0.47420289918661307,beb988add28122b37d4668c92a0e7402512c3fd7bf99106c121a8e94249fe54e,efe56dfc1f5945cb8deb5c7b4b44a92f0918694c9dbb540a1b22d12a1af374fb,,3.12.3,2.5.2,2.13.0,2.9.0,1.3.0,3.2.7,e9fa15cc35312a5c1ecf0c42668a690b5061c090,7ebad1ecabd28a7000add2d05f888aa2e837c2cc,c7fbdcc4df48bd4a2cfe21811613e5e50e3e4868822fe6dddd13745d96692118,b98d65cc5e34337369dcd4d69d63651cc2c99c19e8494199e8b5ec9e06c8b87f,3ee7e46399aea60603c767e0a604e79e7db233924ce71fe027a1ccc1623b7eb0,7beb41daec3d6a34c6da7696c56a982667957298f017ebe137829282b6ce7985,e6f30e55e478d39061b94e38de33959ca99b16e8cac38a3bd99b34f6543ad4a2,20260924,1.5,kinematic
pid_feedforward,False,0,aft,unseen_heading,SS6,200,154,0.77,0.7069169563469642,0.8229065674093119,0.0,0.0,0.12,0.11,0.77,0.0,200,0.18843703952595878,0.22975064116560112,0.19124256408194895,0.2309221489863494,0.017231328751671028,0.032943394875593245,17.707212401446018,4.6038958333333335,4.510416666666666,0.03424820289027884,0.01036025217389393,0,0.0,0,-0.004364370464027753,11,0.055,0.0,0,0,0,0,0,168,32,0,200,,0.03098534170345884,0.0957869987723084,0.055,0.03098534170345884,0.0957869987723084,beb988add28122b37d4668c92a0e7402512c3fd7bf99106c121a8e94249fe54e,efe56dfc1f5945cb8deb5c7b4b44a92f0918694c9dbb540a1b22d12a1af374fb,,3.12.3,2.5.2,2.13.0,2.9.0,1.3.0,3.2.7,e9fa15cc35312a5c1ecf0c42668a690b5061c090,7ebad1ecabd28a7000add2d05f888aa2e837c2cc,c7fbdcc4df48bd4a2cfe21811613e5e50e3e4868822fe6dddd13745d96692118,b98d65cc5e34337369dcd4d69d63651cc2c99c19e8494199e8b5ec9e06c8b87f,3ee7e46399aea60603c767e0a604e79e7db233924ce71fe027a1ccc1623b7eb0,7beb41daec3d6a34c6da7696c56a982667957298f017ebe137829282b6ce7985,e6f30e55e478d39061b94e38de33959ca99b16e8cac38a3bd99b34f6543ad4a2,20260924,1.5,kinematic
pid_feedforward,False,0,aft,unseen_vessel,SS3,200,200,1.0,0.9811546736227335,1.0,0.0,0.0,0.0,0.0,1.0,0.0,200,0.1912186255967313,0.2105148758750789,0.1912252756183775,0.2104724810806175,0.01624404046353272,0.031580808991688414,4.356963809983722,4.585541666666667,4.529166666666667,0.02625658841111953,0.006575206556123658,0,0.0,0,-0.002247603770234584,200,1.0,0.0,0,0,0,0,0,200,0,0,200,,0.9811546736227335,1.0,1.0,0.9811546736227335,1.0,beb988add28122b37d4668c92a0e7402512c3fd7bf99106c121a8e94249fe54e,efe56dfc1f5945cb8deb5c7b4b44a92f0918694c9dbb540a1b22d12a1af374fb,,3.12.3,2.5.2,2.13.0,2.9.0,1.3.0,3.2.7,e9fa15cc35312a5c1ecf0c42668a690b5061c090,7ebad1ecabd28a7000add2d05f888aa2e837c2cc,c7fbdcc4df48bd4a2cfe21811613e5e50e3e4868822fe6dddd13745d96692118,b98d65cc5e34337369dcd4d69d63651cc2c99c19e8494199e8b5ec9e06c8b87f,3ee7e46399aea60603c767e0a604e79e7db233924ce71fe027a1ccc1623b7eb0,7beb41daec3d6a34c6da7696c56a982667957298f017ebe137829282b6ce7985,e6f30e55e478d39061b94e38de33959ca99b16e8cac38a3bd99b34f6543ad4a2,20260924,1.5,kinematic
pid_feedforward,False,0,aft,unseen_vessel,SS4,200,200,1.0,0.9811546736227335,1.0,0.0,0.0,0.0,0.0,1.0,0.0,200,0.1913372729548239,0.22812495496617344,0.19132778082353702,0.22778675572615548,0.015380605503572111,0.03387335217266208,4.437283453131725,4.572666666666667,4.552083333333333,0.030113406037438967,0.009461081542130583,0,0.0,0,-0.002291629221565838,163,0.815,0.0,0,0,0,0,0,200,0,0,200,,0.7554293723884824,0.8626980719938395,0.815,0.7554293723884824,0.8626980719938395,beb988add28122b37d4668c92a0e7402512c3fd7bf99106c121a8e94249fe54e,efe56dfc1f5945cb8deb5c7b4b44a92f0918694c9dbb540a1b22d12a1af374fb,,3.12.3,2.5.2,2.13.0,2.9.0,1.3.0,3.2.7,e9fa15cc35312a5c1ecf0c42668a690b5061c090,7ebad1ecabd28a7000add2d05f888aa2e837c2cc,c7fbdcc4df48bd4a2cfe21811613e5e50e3e4868822fe6dddd13745d96692118,b98d65cc5e34337369dcd4d69d63651cc2c99c19e8494199e8b5ec9e06c8b87f,3ee7e46399aea60603c767e0a604e79e7db233924ce71fe027a1ccc1623b7eb0,7beb41daec3d6a34c6da7696c56a982667957298f017ebe137829282b6ce7985,e6f30e55e478d39061b94e38de33959ca99b16e8cac38a3bd99b34f6543ad4a2,20260924,1.5,kinematic
pid_feedforward,False,0,aft,unseen_vessel,SS5,200,199,0.995,0.9722262956021069,0.9991168312843989,0.0,0.0,0.0,0.005,0.995,0.0,200,0.1953903136881758,0.2550155309033687,0.19538657979095797,0.2546580721751443,0.015262607292249139,0.03321196851905526,5.812397424801386,4.4983125,4.485416666666667,0.03775015197632383,0.012606034128355268,0,0.0,0,-0.0035838716575163077,105,0.525,0.0,0,0,0,0,0,199,1,0,200,,0.4559739601468475,0.5930837735342891,0.525,0.4559739601468475,0.5930837735342891,beb988add28122b37d4668c92a0e7402512c3fd7bf99106c121a8e94249fe54e,efe56dfc1f5945cb8deb5c7b4b44a92f0918694c9dbb540a1b22d12a1af374fb,,3.12.3,2.5.2,2.13.0,2.9.0,1.3.0,3.2.7,e9fa15cc35312a5c1ecf0c42668a690b5061c090,7ebad1ecabd28a7000add2d05f888aa2e837c2cc,c7fbdcc4df48bd4a2cfe21811613e5e50e3e4868822fe6dddd13745d96692118,b98d65cc5e34337369dcd4d69d63651cc2c99c19e8494199e8b5ec9e06c8b87f,3ee7e46399aea60603c767e0a604e79e7db233924ce71fe027a1ccc1623b7eb0,7beb41daec3d6a34c6da7696c56a982667957298f017ebe137829282b6ce7985,e6f30e55e478d39061b94e38de33959ca99b16e8cac38a3bd99b34f6543ad4a2,20260924,1.5,kinematic
pid_feedforward,False,0,aft,unseen_vessel,SS6,200,197,0.985,0.9568342712073097,0.9948857622067417,0.0,0.0,0.005,0.01,0.985,0.0,200,0.19332491127838874,0.2604304759367981,0.19386721261987674,0.26012417240986063,0.01569139576841556,0.03322467074603996,8.763711806911806,4.623708333333333,4.570833333333333,0.04254815392291612,0.014113219839507198,1,0.005,0,-0.003460716581455904,41,0.205,0.0,0,0,0,0,0,198,2,0,200,,0.15486176203836208,0.26625698052422514,0.205,0.15486176203836208,0.26625698052422514,beb988add28122b37d4668c92a0e7402512c3fd7bf99106c121a8e94249fe54e,efe56dfc1f5945cb8deb5c7b4b44a92f0918694c9dbb540a1b22d12a1af374fb,,3.12.3,2.5.2,2.13.0,2.9.0,1.3.0,3.2.7,e9fa15cc35312a5c1ecf0c42668a690b5061c090,7ebad1ecabd28a7000add2d05f888aa2e837c2cc,c7fbdcc4df48bd4a2cfe21811613e5e50e3e4868822fe6dddd13745d96692118,b98d65cc5e34337369dcd4d69d63651cc2c99c19e8494199e8b5ec9e06c8b87f,3ee7e46399aea60603c767e0a604e79e7db233924ce71fe027a1ccc1623b7eb0,7beb41daec3d6a34c6da7696c56a982667957298f017ebe137829282b6ce7985,e6f30e55e478d39061b94e38de33959ca99b16e8cac38a3bd99b34f6543ad4a2,20260924,1.5,kinematic
pid_feedforward,False,0,aft,static,static,200,200,1.0,0.9811546736227335,1.0,0.0,0.0,0.0,0.0,1.0,0.0,200,0.19008892876554112,0.20287188792259292,0.19008892876554112,0.20287188792259292,0.016049321587635775,0.03142915250915828,4.15867894637512,4.560416666666668,4.529166666666667,0.025221849287956438,0.0046212168390837235,0,0.0,0,-0.002010266528752469,200,1.0,0.0,0,0,0,0,0,200,0,0,200,,0.9811546736227335,1.0,1.0,0.9811546736227335,1.0,beb988add28122b37d4668c92a0e7402512c3fd7bf99106c121a8e94249fe54e,efe56dfc1f5945cb8deb5c7b4b44a92f0918694c9dbb540a1b22d12a1af374fb,,3.12.3,2.5.2,2.13.0,2.9.0,1.3.0,3.2.7,e9fa15cc35312a5c1ecf0c42668a690b5061c090,7ebad1ecabd28a7000add2d05f888aa2e837c2cc,c7fbdcc4df48bd4a2cfe21811613e5e50e3e4868822fe6dddd13745d96692118,b98d65cc5e34337369dcd4d69d63651cc2c99c19e8494199e8b5ec9e06c8b87f,3ee7e46399aea60603c767e0a604e79e7db233924ce71fe027a1ccc1623b7eb0,7beb41daec3d6a34c6da7696c56a982667957298f017ebe137829282b6ce7985,e6f30e55e478d39061b94e38de33959ca99b16e8cac38a3bd99b34f6543ad4a2,20260924,1.5,kinematic
pid_feedforward_lowvz,False,0,aft,id,SS3,200,200,1.0,0.9811546736227335,1.0,0.0,0.0,0.0,0.0,1.0,0.0,200,0.10264269078088717,0.12657351335996186,0.10252310746382354,0.12664902268893688,0.01495993094633407,0.03115942903753997,4.5124139249384845,7.798895833333334,7.68125,0.010633926678330604,0.005195551458736732,0,0.0,0,-0.002151637023400027,188,0.94,0.755,0,0,0,0,0,200,0,0,200,,0.8980683070423372,0.9653478057456681,0.94,0.8980683070423372,0.9653478057456681,373c2307857988a88f90cd39959e873b808034cddf7fc70fe7c14f323da34f4c,19b1f9c8ee916a3894ac2d6f52407aa38978ff83c4de001d90a0edd729bd1268,,3.12.3,2.5.2,2.13.0,2.9.0,1.3.0,3.2.7,e9fa15cc35312a5c1ecf0c42668a690b5061c090,7ebad1ecabd28a7000add2d05f888aa2e837c2cc,c7fbdcc4df48bd4a2cfe21811613e5e50e3e4868822fe6dddd13745d96692118,b98d65cc5e34337369dcd4d69d63651cc2c99c19e8494199e8b5ec9e06c8b87f,3ee7e46399aea60603c767e0a604e79e7db233924ce71fe027a1ccc1623b7eb0,7beb41daec3d6a34c6da7696c56a982667957298f017ebe137829282b6ce7985,e6f30e55e478d39061b94e38de33959ca99b16e8cac38a3bd99b34f6543ad4a2,20260924,1.5,kinematic
pid_feedforward_lowvz,False,0,aft,id,SS4,200,196,0.98,0.9497129130941735,0.9921955735836505,0.0,0.0,0.0,0.02,0.98,0.0,200,0.1033076674132003,0.13943986160002161,0.10336445736505925,0.1403765887414273,0.014647933577091883,0.03173839642931831,5.183976233389957,7.786604166666667,7.6499999999999995,0.013377518605543082,0.007671846712969676,0,0.0,0,-0.001965169656343393,148,0.74,0.75,0,0,0,0,0,196,4,0,200,,0.6750925439746589,0.7958616993642531,0.74,0.6750925439746589,0.7958616993642531,373c2307857988a88f90cd39959e873b808034cddf7fc70fe7c14f323da34f4c,19b1f9c8ee916a3894ac2d6f52407aa38978ff83c4de001d90a0edd729bd1268,,3.12.3,2.5.2,2.13.0,2.9.0,1.3.0,3.2.7,e9fa15cc35312a5c1ecf0c42668a690b5061c090,7ebad1ecabd28a7000add2d05f888aa2e837c2cc,c7fbdcc4df48bd4a2cfe21811613e5e50e3e4868822fe6dddd13745d96692118,b98d65cc5e34337369dcd4d69d63651cc2c99c19e8494199e8b5ec9e06c8b87f,3ee7e46399aea60603c767e0a604e79e7db233924ce71fe027a1ccc1623b7eb0,7beb41daec3d6a34c6da7696c56a982667957298f017ebe137829282b6ce7985,e6f30e55e478d39061b94e38de33959ca99b16e8cac38a3bd99b34f6543ad4a2,20260924,1.5,kinematic
pid_feedforward_lowvz,False,0,aft,id,SS5,200,191,0.955,0.9167032959981803,0.976147456998507,0.0,0.0,0.0,0.045,0.955,0.0,200,0.10989506966309856,0.18768229125816208,0.11041093103860972,0.18532032432906276,0.014287056748415381,0.032131765946587336,9.21875171613334,7.696583333333333,7.60625,0.01831850601100277,0.011098600534916254,0,0.0,0,-0.0028581588886432753,56,0.28,0.745,0,0,0,0,0,191,9,0,200,,0.22236889773949026,0.3459230458665071,0.28,0.22236889773949026,0.3459230458665071,373c2307857988a88f90cd39959e873b808034cddf7fc70fe7c14f323da34f4c,19b1f9c8ee916a3894ac2d6f52407aa38978ff83c4de001d90a0edd729bd1268,,3.12.3,2.5.2,2.13.0,2.9.0,1.3.0,3.2.7,e9fa15cc35312a5c1ecf0c42668a690b5061c090,7ebad1ecabd28a7000add2d05f888aa2e837c2cc,c7fbdcc4df48bd4a2cfe21811613e5e50e3e4868822fe6dddd13745d96692118,b98d65cc5e34337369dcd4d69d63651cc2c99c19e8494199e8b5ec9e06c8b87f,3ee7e46399aea60603c767e0a604e79e7db233924ce71fe027a1ccc1623b7eb0,7beb41daec3d6a34c6da7696c56a982667957298f017ebe137829282b6ce7985,e6f30e55e478d39061b94e38de33959ca99b16e8cac38a3bd99b34f6543ad4a2,20260924,1.5,kinematic
pid_feedforward_lowvz,False,0,aft,id,SS6,200,170,0.85,0.7939442071583334,0.89286406437758,0.0,0.0,0.045,0.105,0.85,0.0,200,0.10649729559970743,0.1805440860957514,0.10764816412904046,0.18225866359037646,0.017210912627794388,0.033710007166042645,13.93198347255708,7.793416666666667,7.772916666666667,0.01937464643698773,0.011177102431045314,0,0.0,0,-0.003836055282066005,23,0.115,0.0,0,0,0,0,0,175,25,0,200,,0.07786373232561955,0.16664716898487572,0.115,0.07786373232561955,0.16664716898487572,373c2307857988a88f90cd39959e873b808034cddf7fc70fe7c14f323da34f4c,19b1f9c8ee916a3894ac2d6f52407aa38978ff83c4de001d90a0edd729bd1268,,3.12.3,2.5.2,2.13.0,2.9.0,1.3.0,3.2.7,e9fa15cc35312a5c1ecf0c42668a690b5061c090,7ebad1ecabd28a7000add2d05f888aa2e837c2cc,c7fbdcc4df48bd4a2cfe21811613e5e50e3e4868822fe6dddd13745d96692118,b98d65cc5e34337369dcd4d69d63651cc2c99c19e8494199e8b5ec9e06c8b87f,3ee7e46399aea60603c767e0a604e79e7db233924ce71fe027a1ccc1623b7eb0,7beb41daec3d6a34c6da7696c56a982667957298f017ebe137829282b6ce7985,e6f30e55e478d39061b94e38de33959ca99b16e8cac38a3bd99b34f6543ad4a2,20260924,1.5,kinematic
pid_feedforward_lowvz,False,0,aft,unseen_seastate,SS6,200,172,0.86,0.8051011913429243,0.9013301736654437,0.0,0.0,0.035,0.105,0.86,0.0,200,0.10655303634770541,0.1524040910345497,0.1095111523411536,0.15475904876538102,0.014537875579643604,0.03477324076764785,13.781402665903476,7.704854166666666,7.664583333333333,0.01783155472314507,0.010551790140923395,1,0.005,0,-0.003907181165072667,16,0.08,0.0,0,0,0,0,0,177,23,0,200,,0.049840585889759974,0.12598948826714396,0.08,0.049840585889759974,0.12598948826714396,373c2307857988a88f90cd39959e873b808034cddf7fc70fe7c14f323da34f4c,19b1f9c8ee916a3894ac2d6f52407aa38978ff83c4de001d90a0edd729bd1268,,3.12.3,2.5.2,2.13.0,2.9.0,1.3.0,3.2.7,e9fa15cc35312a5c1ecf0c42668a690b5061c090,7ebad1ecabd28a7000add2d05f888aa2e837c2cc,c7fbdcc4df48bd4a2cfe21811613e5e50e3e4868822fe6dddd13745d96692118,b98d65cc5e34337369dcd4d69d63651cc2c99c19e8494199e8b5ec9e06c8b87f,3ee7e46399aea60603c767e0a604e79e7db233924ce71fe027a1ccc1623b7eb0,7beb41daec3d6a34c6da7696c56a982667957298f017ebe137829282b6ce7985,e6f30e55e478d39061b94e38de33959ca99b16e8cac38a3bd99b34f6543ad4a2,20260924,1.5,kinematic
pid_feedforward_lowvz,False,0,aft,unseen_heading,SS3,200,200,1.0,0.9811546736227335,1.0,0.0,0.0,0.0,0.0,1.0,0.0,200,0.1027452516129855,0.11095567243264164,0.1029010341425508,0.11113194802514266,0.017287134299022164,0.03492655415078612,4.576054897301243,7.868083333333333,7.997916666666667,0.0100094930345638,0.0030251623105890567,0,0.0,0,-0.0019920752238733463,200,1.0,0.0,0,0,0,0,0,200,0,0,200,,0.9811546736227335,1.0,1.0,0.9811546736227335,1.0,373c2307857988a88f90cd39959e873b808034cddf7fc70fe7c14f323da34f4c,19b1f9c8ee916a3894ac2d6f52407aa38978ff83c4de001d90a0edd729bd1268,,3.12.3,2.5.2,2.13.0,2.9.0,1.3.0,3.2.7,e9fa15cc35312a5c1ecf0c42668a690b5061c090,7ebad1ecabd28a7000add2d05f888aa2e837c2cc,c7fbdcc4df48bd4a2cfe21811613e5e50e3e4868822fe6dddd13745d96692118,b98d65cc5e34337369dcd4d69d63651cc2c99c19e8494199e8b5ec9e06c8b87f,3ee7e46399aea60603c767e0a604e79e7db233924ce71fe027a1ccc1623b7eb0,7beb41daec3d6a34c6da7696c56a982667957298f017ebe137829282b6ce7985,e6f30e55e478d39061b94e38de33959ca99b16e8cac38a3bd99b34f6543ad4a2,20260924,1.5,kinematic
pid_feedforward_lowvz,False,0,aft,unseen_heading,SS4,200,198,0.99,0.9642782382838231,0.9972533418664555,0.0,0.0,0.0,0.01,0.99,0.0,200,0.10227744464559013,0.11700076365628297,0.10233893277940478,0.11754288444833987,0.015965097494364176,0.032959339531647924,5.3739447924228125,7.834145833333333,7.85,0.010441037432309744,0.004115583700306324,0,0.0,0,-0.0019800817962938744,180,0.9,0.0,0,0,0,0,0,198,2,0,200,,0.8505941875672826,0.9343295513309041,0.9,0.8505941875672826,0.9343295513309041,373c2307857988a88f90cd39959e873b808034cddf7fc70fe7c14f323da34f4c,19b1f9c8ee916a3894ac2d6f52407aa38978ff83c4de001d90a0edd729bd1268,,3.12.3,2.5.2,2.13.0,2.9.0,1.3.0,3.2.7,e9fa15cc35312a5c1ecf0c42668a690b5061c090,7ebad1ecabd28a7000add2d05f888aa2e837c2cc,c7fbdcc4df48bd4a2cfe21811613e5e50e3e4868822fe6dddd13745d96692118,b98d65cc5e34337369dcd4d69d63651cc2c99c19e8494199e8b5ec9e06c8b87f,3ee7e46399aea60603c767e0a604e79e7db233924ce71fe027a1ccc1623b7eb0,7beb41daec3d6a34c6da7696c56a982667957298f017ebe137829282b6ce7985,e6f30e55e478d39061b94e38de33959ca99b16e8cac38a3bd99b34f6543ad4a2,20260924,1.5,kinematic
pid_feedforward_lowvz,False,0,aft,unseen_heading,SS5,200,193,0.965,0.9295293884777092,0.9829444579914328,0.0,0.0,0.0,0.035,0.965,0.0,200,0.10439005543117669,0.1298989087230441,0.10588297321629453,0.12991284898941502,0.01704544121113305,0.03456297889418235,7.3329652506914185,7.815270833333334,7.822916666666666,0.012553004396335643,0.0059907359317372295,0,0.0,0,-0.0022909140010212584,71,0.355,0.0,0,0,0,0,0,193,7,0,200,,0.2919862754043116,0.42347886924509565,0.355,0.2919862754043116,0.42347886924509565,373c2307857988a88f90cd39959e873b808034cddf7fc70fe7c14f323da34f4c,19b1f9c8ee916a3894ac2d6f52407aa38978ff83c4de001d90a0edd729bd1268,,3.12.3,2.5.2,2.13.0,2.9.0,1.3.0,3.2.7,e9fa15cc35312a5c1ecf0c42668a690b5061c090,7ebad1ecabd28a7000add2d05f888aa2e837c2cc,c7fbdcc4df48bd4a2cfe21811613e5e50e3e4868822fe6dddd13745d96692118,b98d65cc5e34337369dcd4d69d63651cc2c99c19e8494199e8b5ec9e06c8b87f,3ee7e46399aea60603c767e0a604e79e7db233924ce71fe027a1ccc1623b7eb0,7beb41daec3d6a34c6da7696c56a982667957298f017ebe137829282b6ce7985,e6f30e55e478d39061b94e38de33959ca99b16e8cac38a3bd99b34f6543ad4a2,20260924,1.5,kinematic
pid_feedforward_lowvz,False,0,aft,unseen_heading,SS6,200,140,0.7,0.6332093162728074,0.7592525531762859,0.0,0.0,0.12,0.18,0.7,0.0,200,0.10182812309288733,0.13889379670603488,0.10369561465963223,0.13875380190816966,0.016340402990370456,0.034328395575581476,18.717780020073636,7.7910208333333335,7.783333333333333,0.016777626365241875,0.007598939803452995,0,0.0,0,-0.0034994329755369123,10,0.05,0.0,0,0,0,0,0,156,44,0,200,,0.02738264560076393,0.08957814813877599,0.05,0.02738264560076393,0.08957814813877599,373c2307857988a88f90cd39959e873b808034cddf7fc70fe7c14f323da34f4c,19b1f9c8ee916a3894ac2d6f52407aa38978ff83c4de001d90a0edd729bd1268,,3.12.3,2.5.2,2.13.0,2.9.0,1.3.0,3.2.7,e9fa15cc35312a5c1ecf0c42668a690b5061c090,7ebad1ecabd28a7000add2d05f888aa2e837c2cc,c7fbdcc4df48bd4a2cfe21811613e5e50e3e4868822fe6dddd13745d96692118,b98d65cc5e34337369dcd4d69d63651cc2c99c19e8494199e8b5ec9e06c8b87f,3ee7e46399aea60603c767e0a604e79e7db233924ce71fe027a1ccc1623b7eb0,7beb41daec3d6a34c6da7696c56a982667957298f017ebe137829282b6ce7985,e6f30e55e478d39061b94e38de33959ca99b16e8cac38a3bd99b34f6543ad4a2,20260924,1.5,kinematic
pid_feedforward_lowvz,False,0,aft,unseen_vessel,SS3,200,200,1.0,0.9811546736227335,1.0,0.0,0.0,0.0,0.0,1.0,0.0,200,0.10232642969240631,0.11999682537579492,0.10232363855817901,0.1200065051807005,0.015301319502130265,0.03262209577613071,4.469518483600625,7.7945625,7.779166666666667,0.010557651017746425,0.004411699441432727,0,0.0,0,-0.0021652490312909396,197,0.985,0.0,0,0,0,0,0,200,0,0,200,,0.9568342712073097,0.9948857622067417,0.985,0.9568342712073097,0.9948857622067417,373c2307857988a88f90cd39959e873b808034cddf7fc70fe7c14f323da34f4c,19b1f9c8ee916a3894ac2d6f52407aa38978ff83c4de001d90a0edd729bd1268,,3.12.3,2.5.2,2.13.0,2.9.0,1.3.0,3.2.7,e9fa15cc35312a5c1ecf0c42668a690b5061c090,7ebad1ecabd28a7000add2d05f888aa2e837c2cc,c7fbdcc4df48bd4a2cfe21811613e5e50e3e4868822fe6dddd13745d96692118,b98d65cc5e34337369dcd4d69d63651cc2c99c19e8494199e8b5ec9e06c8b87f,3ee7e46399aea60603c767e0a604e79e7db233924ce71fe027a1ccc1623b7eb0,7beb41daec3d6a34c6da7696c56a982667957298f017ebe137829282b6ce7985,e6f30e55e478d39061b94e38de33959ca99b16e8cac38a3bd99b34f6543ad4a2,20260924,1.5,kinematic
pid_feedforward_lowvz,False,0,aft,unseen_vessel,SS4,200,200,1.0,0.9811546736227335,1.0,0.0,0.0,0.0,0.0,1.0,0.0,200,0.10397282772835709,0.13835070494131138,0.10404556211723834,0.13842179974015933,0.01614534676363013,0.03485669454070775,4.427872239229568,7.746187499999999,7.764583333333333,0.013370206245348362,0.006950550132460989,0,0.0,0,-0.0021769473175961944,166,0.83,0.0,0,0,0,0,0,200,0,0,200,,0.7718411637168737,0.8757209208741302,0.83,0.7718411637168737,0.8757209208741302,373c2307857988a88f90cd39959e873b808034cddf7fc70fe7c14f323da34f4c,19b1f9c8ee916a3894ac2d6f52407aa38978ff83c4de001d90a0edd729bd1268,,3.12.3,2.5.2,2.13.0,2.9.0,1.3.0,3.2.7,e9fa15cc35312a5c1ecf0c42668a690b5061c090,7ebad1ecabd28a7000add2d05f888aa2e837c2cc,c7fbdcc4df48bd4a2cfe21811613e5e50e3e4868822fe6dddd13745d96692118,b98d65cc5e34337369dcd4d69d63651cc2c99c19e8494199e8b5ec9e06c8b87f,3ee7e46399aea60603c767e0a604e79e7db233924ce71fe027a1ccc1623b7eb0,7beb41daec3d6a34c6da7696c56a982667957298f017ebe137829282b6ce7985,e6f30e55e478d39061b94e38de33959ca99b16e8cac38a3bd99b34f6543ad4a2,20260924,1.5,kinematic
pid_feedforward_lowvz,False,0,aft,unseen_vessel,SS5,200,199,0.995,0.9722262956021069,0.9991168312843989,0.0,0.0,0.0,0.005,0.995,0.0,200,0.10807751159834876,0.15542164033884165,0.10859425314331432,0.15534087480621608,0.016053224720965407,0.03418758691420475,4.836697250672613,7.726604166666666,7.75,0.018775441737830034,0.00987321601030054,0,0.0,0,-0.002325926485099474,100,0.5,0.0,0,0,0,0,0,199,1,0,200,,0.43136085960389187,0.5686391403961082,0.5,0.43136085960389187,0.5686391403961082,373c2307857988a88f90cd39959e873b808034cddf7fc70fe7c14f323da34f4c,19b1f9c8ee916a3894ac2d6f52407aa38978ff83c4de001d90a0edd729bd1268,,3.12.3,2.5.2,2.13.0,2.9.0,1.3.0,3.2.7,e9fa15cc35312a5c1ecf0c42668a690b5061c090,7ebad1ecabd28a7000add2d05f888aa2e837c2cc,c7fbdcc4df48bd4a2cfe21811613e5e50e3e4868822fe6dddd13745d96692118,b98d65cc5e34337369dcd4d69d63651cc2c99c19e8494199e8b5ec9e06c8b87f,3ee7e46399aea60603c767e0a604e79e7db233924ce71fe027a1ccc1623b7eb0,7beb41daec3d6a34c6da7696c56a982667957298f017ebe137829282b6ce7985,e6f30e55e478d39061b94e38de33959ca99b16e8cac38a3bd99b34f6543ad4a2,20260924,1.5,kinematic
pid_feedforward_lowvz,False,0,aft,unseen_vessel,SS6,200,190,0.95,0.9104218518612239,0.972617354399236,0.0,0.0,0.0,0.05,0.95,0.0,200,0.11009298901811714,0.15887393868387623,0.10983418909397052,0.15762982027047992,0.015975904065599157,0.03307393659394282,7.9175115386459884,7.897895833333334,7.895833333333333,0.02287650484052786,0.011149045351880287,0,0.0,0,-0.003334407018149435,38,0.19,0.0,0,0,0,0,0,190,10,0,200,,0.14167171527790676,0.25001238707599854,0.19,0.14167171527790676,0.25001238707599854,373c2307857988a88f90cd39959e873b808034cddf7fc70fe7c14f323da34f4c,19b1f9c8ee916a3894ac2d6f52407aa38978ff83c4de001d90a0edd729bd1268,,3.12.3,2.5.2,2.13.0,2.9.0,1.3.0,3.2.7,e9fa15cc35312a5c1ecf0c42668a690b5061c090,7ebad1ecabd28a7000add2d05f888aa2e837c2cc,c7fbdcc4df48bd4a2cfe21811613e5e50e3e4868822fe6dddd13745d96692118,b98d65cc5e34337369dcd4d69d63651cc2c99c19e8494199e8b5ec9e06c8b87f,3ee7e46399aea60603c767e0a604e79e7db233924ce71fe027a1ccc1623b7eb0,7beb41daec3d6a34c6da7696c56a982667957298f017ebe137829282b6ce7985,e6f30e55e478d39061b94e38de33959ca99b16e8cac38a3bd99b34f6543ad4a2,20260924,1.5,kinematic
pid_feedforward_lowvz,False,0,aft,static,static,200,200,1.0,0.9811546736227335,1.0,0.0,0.0,0.0,0.0,1.0,0.0,200,0.10137897462702929,0.10872229395631194,0.10137897462702929,0.10872229395631194,0.016198751861871592,0.03131565956868533,4.080806235115718,7.786875,7.772916666666667,0.009730934630094737,0.0026256305267543345,0,0.0,0,-0.001875151911774564,200,1.0,0.0,0,0,0,0,0,200,0,0,200,,0.9811546736227335,1.0,1.0,0.9811546736227335,1.0,373c2307857988a88f90cd39959e873b808034cddf7fc70fe7c14f323da34f4c,19b1f9c8ee916a3894ac2d6f52407aa38978ff83c4de001d90a0edd729bd1268,,3.12.3,2.5.2,2.13.0,2.9.0,1.3.0,3.2.7,e9fa15cc35312a5c1ecf0c42668a690b5061c090,7ebad1ecabd28a7000add2d05f888aa2e837c2cc,c7fbdcc4df48bd4a2cfe21811613e5e50e3e4868822fe6dddd13745d96692118,b98d65cc5e34337369dcd4d69d63651cc2c99c19e8494199e8b5ec9e06c8b87f,3ee7e46399aea60603c767e0a604e79e7db233924ce71fe027a1ccc1623b7eb0,7beb41daec3d6a34c6da7696c56a982667957298f017ebe137829282b6ce7985,e6f30e55e478d39061b94e38de33959ca99b16e8cac38a3bd99b34f6543ad4a2,20260924,1.5,kinematic
gated,False,0,aft,id,SS3,200,200,1.0,0.9811546736227335,1.0,0.0,0.0,0.0,0.0,1.0,0.0,200,0.19348897869510728,0.2165770162997279,0.19319872914473052,0.21643761536969583,0.02374920901007725,0.04383297574852794,4.686273977402831,3.2640208333333334,3.1791666666666663,0.043607355762062754,0.008467014579145261,0,0.0,0,-0.0019048440666125236,190,0.95,0.755,0,0,0,0,0,200,0,0,200,,0.9104218518612239,0.972617354399236,0.95,0.9104218518612239,0.972617354399236,da8eb57897cc9259ec1d9967d1528919cc4bf1325d7ed1fda0b7785ee97fecee,7c2133f9e141fe5cdc5a59b86eeda6ba292ba909061c1ae9511977b445bb7b74,,3.12.3,2.5.2,2.13.0,2.9.0,1.3.0,3.2.7,e9fa15cc35312a5c1ecf0c42668a690b5061c090,7ebad1ecabd28a7000add2d05f888aa2e837c2cc,c7fbdcc4df48bd4a2cfe21811613e5e50e3e4868822fe6dddd13745d96692118,b98d65cc5e34337369dcd4d69d63651cc2c99c19e8494199e8b5ec9e06c8b87f,3ee7e46399aea60603c767e0a604e79e7db233924ce71fe027a1ccc1623b7eb0,7beb41daec3d6a34c6da7696c56a982667957298f017ebe137829282b6ce7985,e6f30e55e478d39061b94e38de33959ca99b16e8cac38a3bd99b34f6543ad4a2,20260924,1.5,kinematic
gated,False,0,aft,id,SS4,200,197,0.985,0.9568342712073097,0.9948857622067417,0.0,0.0,0.0,0.0,0.985,0.015,197,0.19199756451248381,0.22877720335180332,0.19152941775136875,0.22858757459189988,0.02116981644939582,0.04530550031907511,4.94324018676319,3.5478637901861245,3.279166666666667,0.045502227481183696,0.011047210680043273,0,0.0,0,-0.0023682486288281964,146,0.7411167512690355,0.75,0,0,0,0,0,197,0,3,200,,0.675751414228437,0.7972584939739001,0.73,0.6645656480133157,0.7867655018531416,da8eb57897cc9259ec1d9967d1528919cc4bf1325d7ed1fda0b7785ee97fecee,7c2133f9e141fe5cdc5a59b86eeda6ba292ba909061c1ae9511977b445bb7b74,,3.12.3,2.5.2,2.13.0,2.9.0,1.3.0,3.2.7,e9fa15cc35312a5c1ecf0c42668a690b5061c090,7ebad1ecabd28a7000add2d05f888aa2e837c2cc,c7fbdcc4df48bd4a2cfe21811613e5e50e3e4868822fe6dddd13745d96692118,b98d65cc5e34337369dcd4d69d63651cc2c99c19e8494199e8b5ec9e06c8b87f,3ee7e46399aea60603c767e0a604e79e7db233924ce71fe027a1ccc1623b7eb0,7beb41daec3d6a34c6da7696c56a982667957298f017ebe137829282b6ce7985,e6f30e55e478d39061b94e38de33959ca99b16e8cac38a3bd99b34f6543ad4a2,20260924,1.5,kinematic
gated,False,0,aft,id,SS5,200,179,0.895,0.8448196800887696,0.9302925120731899,0.0,0.0,0.0,0.0,0.895,0.105,179,0.19279401010336006,0.2496136127835818,0.19213319109446897,0.2491991786958619,0.018543073401843385,0.039451094685097825,6.25766230037191,4.641061452513966,3.7375,0.04272524926862339,0.01396675123638595,0,0.0,0,-0.002800514320241292,77,0.4301675977653631,0.745,0,0,0,0,0,179,0,21,200,,0.3598563381056029,0.5034131842377043,0.385,0.32033309726923215,0.45400132779753916,da8eb57897cc9259ec1d9967d1528919cc4bf1325d7ed1fda0b7785ee97fecee,7c2133f9e141fe5cdc5a59b86eeda6ba292ba909061c1ae9511977b445bb7b74,,3.12.3,2.5.2,2.13.0,2.9.0,1.3.0,3.2.7,e9fa15cc35312a5c1ecf0c42668a690b5061c090,7ebad1ecabd28a7000add2d05f888aa2e837c2cc,c7fbdcc4df48bd4a2cfe21811613e5e50e3e4868822fe6dddd13745d96692118,b98d65cc5e34337369dcd4d69d63651cc2c99c19e8494199e8b5ec9e06c8b87f,3ee7e46399aea60603c767e0a604e79e7db233924ce71fe027a1ccc1623b7eb0,7beb41daec3d6a34c6da7696c56a982667957298f017ebe137829282b6ce7985,e6f30e55e478d39061b94e38de33959ca99b16e8cac38a3bd99b34f6543ad4a2,20260924,1.5,kinematic
gated,False,0,aft,id,SS6,200,126,0.63,0.5612262992405018,0.6938739159014088,0.0,0.0,0.0,0.02,0.63,0.35,130,0.19396819284686823,0.2666778820115755,0.19415808333055934,0.26725945372468474,0.016488297719121026,0.03820455414494894,7.755417913533771,5.359391025641026,4.6625,0.036384163118932465,0.013936532375831806,0,0.0,0,-0.0030829472065927645,22,0.16923076923076924,0.0,0,0,0,0,0,126,4,70,200,,0.11449563024308644,0.24295309485476824,0.11,0.07377244460125303,0.1609269099730149,da8eb57897cc9259ec1d9967d1528919cc4bf1325d7ed1fda0b7785ee97fecee,7c2133f9e141fe5cdc5a59b86eeda6ba292ba909061c1ae9511977b445bb7b74,,3.12.3,2.5.2,2.13.0,2.9.0,1.3.0,3.2.7,e9fa15cc35312a5c1ecf0c42668a690b5061c090,7ebad1ecabd28a7000add2d05f888aa2e837c2cc,c7fbdcc4df48bd4a2cfe21811613e5e50e3e4868822fe6dddd13745d96692118,b98d65cc5e34337369dcd4d69d63651cc2c99c19e8494199e8b5ec9e06c8b87f,3ee7e46399aea60603c767e0a604e79e7db233924ce71fe027a1ccc1623b7eb0,7beb41daec3d6a34c6da7696c56a982667957298f017ebe137829282b6ce7985,e6f30e55e478d39061b94e38de33959ca99b16e8cac38a3bd99b34f6543ad4a2,20260924,1.5,kinematic
gated,False,0,aft,unseen_seastate,SS6,200,129,0.645,0.5765211307549043,0.7080137245956883,0.0,0.0,0.0,0.01,0.645,0.345,131,0.1950766798529386,0.24300714344078853,0.1939027809251912,0.24387715583053232,0.016216829681853978,0.03972981251367144,7.2381877680896505,5.667270992366412,4.933333333333334,0.0330309155750276,0.012889465993415821,0,0.0,0,-0.0037023018307659255,28,0.21374045801526717,0.0,0,0,0,0,0,129,2,69,200,,0.1522236056949521,0.2915676388084799,0.14,0.09866982633455634,0.1948988086570756,da8eb57897cc9259ec1d9967d1528919cc4bf1325d7ed1fda0b7785ee97fecee,7c2133f9e141fe5cdc5a59b86eeda6ba292ba909061c1ae9511977b445bb7b74,,3.12.3,2.5.2,2.13.0,2.9.0,1.3.0,3.2.7,e9fa15cc35312a5c1ecf0c42668a690b5061c090,7ebad1ecabd28a7000add2d05f888aa2e837c2cc,c7fbdcc4df48bd4a2cfe21811613e5e50e3e4868822fe6dddd13745d96692118,b98d65cc5e34337369dcd4d69d63651cc2c99c19e8494199e8b5ec9e06c8b87f,3ee7e46399aea60603c767e0a604e79e7db233924ce71fe027a1ccc1623b7eb0,7beb41daec3d6a34c6da7696c56a982667957298f017ebe137829282b6ce7985,e6f30e55e478d39061b94e38de33959ca99b16e8cac38a3bd99b34f6543ad4a2,20260924,1.5,kinematic
gated,False,0,aft,unseen_heading,SS3,200,200,1.0,0.9811546736227335,1.0,0.0,0.0,0.0,0.0,1.0,0.0,200,0.19254524946799187,0.20378293966498776,0.19242359712135626,0.2037742299190407,0.024296924132150812,0.04722823140465143,4.5389357950329385,3.281625,3.247916666666667,0.04345822392056895,0.006515596596017966,0,0.0,0,-0.0021482545704959283,200,1.0,0.0,0,0,0,0,0,200,0,0,200,,0.9811546736227335,1.0,1.0,0.9811546736227335,1.0,da8eb57897cc9259ec1d9967d1528919cc4bf1325d7ed1fda0b7785ee97fecee,7c2133f9e141fe5cdc5a59b86eeda6ba292ba909061c1ae9511977b445bb7b74,,3.12.3,2.5.2,2.13.0,2.9.0,1.3.0,3.2.7,e9fa15cc35312a5c1ecf0c42668a690b5061c090,7ebad1ecabd28a7000add2d05f888aa2e837c2cc,c7fbdcc4df48bd4a2cfe21811613e5e50e3e4868822fe6dddd13745d96692118,b98d65cc5e34337369dcd4d69d63651cc2c99c19e8494199e8b5ec9e06c8b87f,3ee7e46399aea60603c767e0a604e79e7db233924ce71fe027a1ccc1623b7eb0,7beb41daec3d6a34c6da7696c56a982667957298f017ebe137829282b6ce7985,e6f30e55e478d39061b94e38de33959ca99b16e8cac38a3bd99b34f6543ad4a2,20260924,1.5,kinematic
gated,False,0,aft,unseen_heading,SS4,200,200,1.0,0.9811546736227335,1.0,0.0,0.0,0.0,0.0,1.0,0.0,200,0.1902076391946097,0.21029364260602593,0.1906080538905538,0.20941590535494645,0.024691714574941848,0.04685247585334685,5.337309271312812,3.2755833333333326,3.2333333333333334,0.04392759464978726,0.0074654897589741505,0,0.0,0,-0.00233034856204612,177,0.885,0.0,0,0,0,0,0,200,0,0,200,,0.8333528310151243,0.9221362676743804,0.885,0.8333528310151243,0.9221362676743804,da8eb57897cc9259ec1d9967d1528919cc4bf1325d7ed1fda0b7785ee97fecee,7c2133f9e141fe5cdc5a59b86eeda6ba292ba909061c1ae9511977b445bb7b74,,3.12.3,2.5.2,2.13.0,2.9.0,1.3.0,3.2.7,e9fa15cc35312a5c1ecf0c42668a690b5061c090,7ebad1ecabd28a7000add2d05f888aa2e837c2cc,c7fbdcc4df48bd4a2cfe21811613e5e50e3e4868822fe6dddd13745d96692118,b98d65cc5e34337369dcd4d69d63651cc2c99c19e8494199e8b5ec9e06c8b87f,3ee7e46399aea60603c767e0a604e79e7db233924ce71fe027a1ccc1623b7eb0,7beb41daec3d6a34c6da7696c56a982667957298f017ebe137829282b6ce7985,e6f30e55e478d39061b94e38de33959ca99b16e8cac38a3bd99b34f6543ad4a2,20260924,1.5,kinematic
gated,False,0,aft,unseen_heading,SS5,200,196,0.98,0.9497129130941735,0.9921955735836505,0.0,0.0,0.0,0.005,0.98,0.015,197,0.19153335264064808,0.21856551083761544,0.1909595213518493,0.21953024022483034,0.020100158809796632,0.04299193266062635,6.2257615657709335,4.201036379018612,3.5,0.04025489418506976,0.008933566063329335,0,0.0,0,-0.003013035939178285,100,0.5076142131979695,0.0,0,0,0,0,0,196,1,3,200,,0.43832656571735307,0.5766105892785102,0.5,0.43136085960389187,0.5686391403961082,da8eb57897cc9259ec1d9967d1528919cc4bf1325d7ed1fda0b7785ee97fecee,7c2133f9e141fe5cdc5a59b86eeda6ba292ba909061c1ae9511977b445bb7b74,,3.12.3,2.5.2,2.13.0,2.9.0,1.3.0,3.2.7,e9fa15cc35312a5c1ecf0c42668a690b5061c090,7ebad1ecabd28a7000add2d05f888aa2e837c2cc,c7fbdcc4df48bd4a2cfe21811613e5e50e3e4868822fe6dddd13745d96692118,b98d65cc5e34337369dcd4d69d63651cc2c99c19e8494199e8b5ec9e06c8b87f,3ee7e46399aea60603c767e0a604e79e7db233924ce71fe027a1ccc1623b7eb0,7beb41daec3d6a34c6da7696c56a982667957298f017ebe137829282b6ce7985,e6f30e55e478d39061b94e38de33959ca99b16e8cac38a3bd99b34f6543ad4a2,20260924,1.5,kinematic
gated,False,0,aft,unseen_heading,SS6,200,84,0.42,0.35373599161616726,0.4892792606041954,0.0,0.0,0.0,0.035,0.42,0.545,91,0.189424492282926,0.21794524881168287,0.1901392584606847,0.21823957796340485,0.01688371477812469,0.0359919929592269,7.29184136021942,6.29514652014652,5.358333333333333,0.025977733643755708,0.009269339290887371,0,0.0,0,-0.002969893822469146,23,0.25274725274725274,0.0,0,0,0,0,0,84,7,109,200,,0.17472717254356776,0.3507967854432412,0.115,0.07786373232561955,0.16664716898487572,da8eb57897cc9259ec1d9967d1528919cc4bf1325d7ed1fda0b7785ee97fecee,7c2133f9e141fe5cdc5a59b86eeda6ba292ba909061c1ae9511977b445bb7b74,,3.12.3,2.5.2,2.13.0,2.9.0,1.3.0,3.2.7,e9fa15cc35312a5c1ecf0c42668a690b5061c090,7ebad1ecabd28a7000add2d05f888aa2e837c2cc,c7fbdcc4df48bd4a2cfe21811613e5e50e3e4868822fe6dddd13745d96692118,b98d65cc5e34337369dcd4d69d63651cc2c99c19e8494199e8b5ec9e06c8b87f,3ee7e46399aea60603c767e0a604e79e7db233924ce71fe027a1ccc1623b7eb0,7beb41daec3d6a34c6da7696c56a982667957298f017ebe137829282b6ce7985,e6f30e55e478d39061b94e38de33959ca99b16e8cac38a3bd99b34f6543ad4a2,20260924,1.5,kinematic
gated,False,0,aft,unseen_vessel,SS3,200,200,1.0,0.9811546736227335,1.0,0.0,0.0,0.0,0.0,1.0,0.0,200,0.19114321105359477,0.21629806537094398,0.19118605162351887,0.2162274632229645,0.025317307913069364,0.04820725275151096,4.524394838515676,3.2680000000000002,3.166666666666667,0.04382357675534124,0.007763883717837657,0,0.0,0,-0.0023002612642707048,199,0.995,0.0,0,0,0,0,0,200,0,0,200,,0.9722262956021069,0.9991168312843989,0.995,0.9722262956021069,0.9991168312843989,da8eb57897cc9259ec1d9967d1528919cc4bf1325d7ed1fda0b7785ee97fecee,7c2133f9e141fe5cdc5a59b86eeda6ba292ba909061c1ae9511977b445bb7b74,,3.12.3,2.5.2,2.13.0,2.9.0,1.3.0,3.2.7,e9fa15cc35312a5c1ecf0c42668a690b5061c090,7ebad1ecabd28a7000add2d05f888aa2e837c2cc,c7fbdcc4df48bd4a2cfe21811613e5e50e3e4868822fe6dddd13745d96692118,b98d65cc5e34337369dcd4d69d63651cc2c99c19e8494199e8b5ec9e06c8b87f,3ee7e46399aea60603c767e0a604e79e7db233924ce71fe027a1ccc1623b7eb0,7beb41daec3d6a34c6da7696c56a982667957298f017ebe137829282b6ce7985,e6f30e55e478d39061b94e38de33959ca99b16e8cac38a3bd99b34f6543ad4a2,20260924,1.5,kinematic
gated,False,0,aft,unseen_vessel,SS4,200,200,1.0,0.9811546736227335,1.0,0.0,0.0,0.0,0.0,1.0,0.0,200,0.19165076111347568,0.2272316180671553,0.19165997169716809,0.22819604024188248,0.025250070360915026,0.04621559817977895,4.9415633642331285,3.4691041666666664,3.2458333333333336,0.0461070346359059,0.010305625195684094,0,0.0,0,-0.002390742533660534,163,0.815,0.0,0,0,0,0,0,200,0,0,200,,0.7554293723884824,0.8626980719938395,0.815,0.7554293723884824,0.8626980719938395,da8eb57897cc9259ec1d9967d1528919cc4bf1325d7ed1fda0b7785ee97fecee,7c2133f9e141fe5cdc5a59b86eeda6ba292ba909061c1ae9511977b445bb7b74,,3.12.3,2.5.2,2.13.0,2.9.0,1.3.0,3.2.7,e9fa15cc35312a5c1ecf0c42668a690b5061c090,7ebad1ecabd28a7000add2d05f888aa2e837c2cc,c7fbdcc4df48bd4a2cfe21811613e5e50e3e4868822fe6dddd13745d96692118,b98d65cc5e34337369dcd4d69d63651cc2c99c19e8494199e8b5ec9e06c8b87f,3ee7e46399aea60603c767e0a604e79e7db233924ce71fe027a1ccc1623b7eb0,7beb41daec3d6a34c6da7696c56a982667957298f017ebe137829282b6ce7985,e6f30e55e478d39061b94e38de33959ca99b16e8cac38a3bd99b34f6543ad4a2,20260924,1.5,kinematic
gated,False,0,aft,unseen_vessel,SS5,200,187,0.935,0.8919809207009312,0.961623645350847,0.0,0.0,0.0,0.0,0.935,0.065,187,0.1941341730852701,0.24776982856027432,0.1941646183590091,0.24656563855235997,0.021223536241581204,0.04330088102988458,4.969463416012419,4.074442959001782,3.404166666666667,0.04769803598596836,0.012861235112942635,0,0.0,0,-0.002848328079946355,113,0.6042780748663101,0.0,0,0,0,0,0,187,0,13,200,,0.5327687628773162,0.6715893479912588,0.565,0.49570736259794607,0.6318427449730093,da8eb57897cc9259ec1d9967d1528919cc4bf1325d7ed1fda0b7785ee97fecee,7c2133f9e141fe5cdc5a59b86eeda6ba292ba909061c1ae9511977b445bb7b74,,3.12.3,2.5.2,2.13.0,2.9.0,1.3.0,3.2.7,e9fa15cc35312a5c1ecf0c42668a690b5061c090,7ebad1ecabd28a7000add2d05f888aa2e837c2cc,c7fbdcc4df48bd4a2cfe21811613e5e50e3e4868822fe6dddd13745d96692118,b98d65cc5e34337369dcd4d69d63651cc2c99c19e8494199e8b5ec9e06c8b87f,3ee7e46399aea60603c767e0a604e79e7db233924ce71fe027a1ccc1623b7eb0,7beb41daec3d6a34c6da7696c56a982667957298f017ebe137829282b6ce7985,e6f30e55e478d39061b94e38de33959ca99b16e8cac38a3bd99b34f6543ad4a2,20260924,1.5,kinematic
gated,False,0,aft,unseen_vessel,SS6,200,180,0.9,0.8505941875672826,0.9343295513309041,0.0,0.0,0.0,0.0,0.9,0.1,180,0.18917368351587258,0.24926611860741257,0.18881936580336817,0.24821661198468475,0.017993484606707133,0.03830074934741793,6.480239862917925,5.329699074074074,4.233333333333333,0.04623091243148611,0.013983509892038433,1,0.005,0,-0.0024886300230983547,46,0.25555555555555554,0.0,0,0,0,0,0,180,0,20,200,,0.19740677519090521,0.32391991268188325,0.23,0.17709343259068805,0.2930830436530359,da8eb57897cc9259ec1d9967d1528919cc4bf1325d7ed1fda0b7785ee97fecee,7c2133f9e141fe5cdc5a59b86eeda6ba292ba909061c1ae9511977b445bb7b74,,3.12.3,2.5.2,2.13.0,2.9.0,1.3.0,3.2.7,e9fa15cc35312a5c1ecf0c42668a690b5061c090,7ebad1ecabd28a7000add2d05f888aa2e837c2cc,c7fbdcc4df48bd4a2cfe21811613e5e50e3e4868822fe6dddd13745d96692118,b98d65cc5e34337369dcd4d69d63651cc2c99c19e8494199e8b5ec9e06c8b87f,3ee7e46399aea60603c767e0a604e79e7db233924ce71fe027a1ccc1623b7eb0,7beb41daec3d6a34c6da7696c56a982667957298f017ebe137829282b6ce7985,e6f30e55e478d39061b94e38de33959ca99b16e8cac38a3bd99b34f6543ad4a2,20260924,1.5,kinematic
gated,False,0,aft,static,static,200,200,1.0,0.9811546736227335,1.0,0.0,0.0,0.0,0.0,1.0,0.0,200,0.19326196200714016,0.20363783183421635,0.19326196200714016,0.20363783183421635,0.02397730478303757,0.045108137324711646,4.45742139772843,3.2058541666666667,3.1416666666666666,0.042960959748209106,0.006007045729600286,0,0.0,0,-0.0026128690860842685,200,1.0,0.0,0,0,0,0,0,200,0,0,200,,0.9811546736227335,1.0,1.0,0.9811546736227335,1.0,da8eb57897cc9259ec1d9967d1528919cc4bf1325d7ed1fda0b7785ee97fecee,7c2133f9e141fe5cdc5a59b86eeda6ba292ba909061c1ae9511977b445bb7b74,,3.12.3,2.5.2,2.13.0,2.9.0,1.3.0,3.2.7,e9fa15cc35312a5c1ecf0c42668a690b5061c090,7ebad1ecabd28a7000add2d05f888aa2e837c2cc,c7fbdcc4df48bd4a2cfe21811613e5e50e3e4868822fe6dddd13745d96692118,b98d65cc5e34337369dcd4d69d63651cc2c99c19e8494199e8b5ec9e06c8b87f,3ee7e46399aea60603c767e0a604e79e7db233924ce71fe027a1ccc1623b7eb0,7beb41daec3d6a34c6da7696c56a982667957298f017ebe137829282b6ce7985,e6f30e55e478d39061b94e38de33959ca99b16e8cac38a3bd99b34f6543ad4a2,20260924,1.5,kinematic
oracle_gated,True,0,aft,id,SS3,200,200,1.0,0.9811546736227335,1.0,0.0,0.0,0.0,0.0,1.0,0.0,200,0.19316029971433185,0.21975493269266635,0.19319872914473052,0.2193668678179681,0.023678779398680138,0.04383297574852794,4.6420608177391305,3.2901249999999997,3.1875,0.043473092461956124,0.00849363643810338,0,0.0,0,-0.0019048440666125236,197,0.985,0.755,0,0,0,0,0,200,0,0,200,,0.9568342712073097,0.9948857622067417,0.985,0.9568342712073097,0.9948857622067417,5daca06e217fc765611af98af2fc70f312ca4cbdafffe408d5827eae8138bce3,dec9793dee4adbccbd2d7ab225cc7509ca9a1b1e51c3f582ec8f0cc5f04e6755,,3.12.3,2.5.2,2.13.0,2.9.0,1.3.0,3.2.7,e9fa15cc35312a5c1ecf0c42668a690b5061c090,7ebad1ecabd28a7000add2d05f888aa2e837c2cc,c7fbdcc4df48bd4a2cfe21811613e5e50e3e4868822fe6dddd13745d96692118,b98d65cc5e34337369dcd4d69d63651cc2c99c19e8494199e8b5ec9e06c8b87f,3ee7e46399aea60603c767e0a604e79e7db233924ce71fe027a1ccc1623b7eb0,7beb41daec3d6a34c6da7696c56a982667957298f017ebe137829282b6ce7985,e6f30e55e478d39061b94e38de33959ca99b16e8cac38a3bd99b34f6543ad4a2,20260924,1.5,kinematic
oracle_gated,True,0,aft,id,SS4,200,197,0.985,0.9568342712073097,0.9948857622067417,0.0,0.0,0.0,0.0,0.985,0.015,197,0.19389305832660483,0.2358603498425173,0.1939319980999714,0.23657438620930685,0.021054847799282263,0.04393110231577475,4.4394039373644,3.596806260575296,3.2875,0.0456571187868782,0.011294370230047446,0,0.0,0,-0.0021511385188230075,179,0.9086294416243654,0.75,0,0,0,0,0,197,0,3,200,,0.8602053708027305,0.9414219473085986,0.895,0.8448196800887696,0.9302925120731899,5daca06e217fc765611af98af2fc70f312ca4cbdafffe408d5827eae8138bce3,dec9793dee4adbccbd2d7ab225cc7509ca9a1b1e51c3f582ec8f0cc5f04e6755,,3.12.3,2.5.2,2.13.0,2.9.0,1.3.0,3.2.7,e9fa15cc35312a5c1ecf0c42668a690b5061c090,7ebad1ecabd28a7000add2d05f888aa2e837c2cc,c7fbdcc4df48bd4a2cfe21811613e5e50e3e4868822fe6dddd13745d96692118,b98d65cc5e34337369dcd4d69d63651cc2c99c19e8494199e8b5ec9e06c8b87f,3ee7e46399aea60603c767e0a604e79e7db233924ce71fe027a1ccc1623b7eb0,7beb41daec3d6a34c6da7696c56a982667957298f017ebe137829282b6ce7985,e6f30e55e478d39061b94e38de33959ca99b16e8cac38a3bd99b34f6543ad4a2,20260924,1.5,kinematic
oracle_gated,True,0,aft,id,SS5,200,178,0.89,0.839073090026985,0.926227555398747,0.0,0.0,0.0,0.005,0.89,0.105,179,0.19123879405580535,0.25203147612614507,0.1910760981083505,0.25222250024374815,0.019245424491988176,0.042452216811366995,5.127458140465082,4.703119180633148,3.6041666666666665,0.04422241479748634,0.014546319871191265,0,0.0,0,-0.0024267073111010804,138,0.770949720670391,0.745,0,0,0,0,0,178,1,21,200,,0.7040816097986243,0.8264326435093429,0.69,0.6228282243374195,0.750010551639219,5daca06e217fc765611af98af2fc70f312ca4cbdafffe408d5827eae8138bce3,dec9793dee4adbccbd2d7ab225cc7509ca9a1b1e51c3f582ec8f0cc5f04e6755,,3.12.3,2.5.2,2.13.0,2.9.0,1.3.0,3.2.7,e9fa15cc35312a5c1ecf0c42668a690b5061c090,7ebad1ecabd28a7000add2d05f888aa2e837c2cc,c7fbdcc4df48bd4a2cfe21811613e5e50e3e4868822fe6dddd13745d96692118,b98d65cc5e34337369dcd4d69d63651cc2c99c19e8494199e8b5ec9e06c8b87f,3ee7e46399aea60603c767e0a604e79e7db233924ce71fe027a1ccc1623b7eb0,7beb41daec3d6a34c6da7696c56a982667957298f017ebe137829282b6ce7985,e6f30e55e478d39061b94e38de33959ca99b16e8cac38a3bd99b34f6543ad4a2,20260924,1.5,kinematic
oracle_gated,True,0,aft,id,SS6,200,129,0.645,0.5765211307549043,0.7080137245956883,0.0,0.0,0.0,0.0,0.645,0.355,129,0.19028333913505124,0.2538161822629184,0.1907533711445752,0.2530393695347004,0.018578146797344902,0.04314187262000617,5.919746327715753,5.672480620155039,4.795833333333333,0.03713279786536626,0.014305738850023553,0,0.0,0,-0.002568938593732916,88,0.6821705426356589,0.0,0,0,0,0,0,129,0,71,200,,0.5975458593064132,0.7562593489263519,0.44,0.37297819251185865,0.5092832466534134,5daca06e217fc765611af98af2fc70f312ca4cbdafffe408d5827eae8138bce3,dec9793dee4adbccbd2d7ab225cc7509ca9a1b1e51c3f582ec8f0cc5f04e6755,,3.12.3,2.5.2,2.13.0,2.9.0,1.3.0,3.2.7,e9fa15cc35312a5c1ecf0c42668a690b5061c090,7ebad1ecabd28a7000add2d05f888aa2e837c2cc,c7fbdcc4df48bd4a2cfe21811613e5e50e3e4868822fe6dddd13745d96692118,b98d65cc5e34337369dcd4d69d63651cc2c99c19e8494199e8b5ec9e06c8b87f,3ee7e46399aea60603c767e0a604e79e7db233924ce71fe027a1ccc1623b7eb0,7beb41daec3d6a34c6da7696c56a982667957298f017ebe137829282b6ce7985,e6f30e55e478d39061b94e38de33959ca99b16e8cac38a3bd99b34f6543ad4a2,20260924,1.5,kinematic
oracle_gated,True,0,aft,unseen_seastate,SS6,200,130,0.65,0.5816346433604008,0.7127117587264192,0.0,0.0,0.0,0.0,0.65,0.35,130,0.19510425419979555,0.2399471672145468,0.19448979220879126,0.2409808214745581,0.016647428525887645,0.035306143700770475,5.516902164728461,5.445608974358974,4.366666666666666,0.03434301012619501,0.013240317634709564,0,0.0,0,-0.0026851536491383026,86,0.6615384615384615,0.0,0,0,0,0,0,130,0,70,200,,0.5766030601074924,0.7372010508912298,0.43,0.36334322333434416,0.4992951223584731,5daca06e217fc765611af98af2fc70f312ca4cbdafffe408d5827eae8138bce3,dec9793dee4adbccbd2d7ab225cc7509ca9a1b1e51c3f582ec8f0cc5f04e6755,,3.12.3,2.5.2,2.13.0,2.9.0,1.3.0,3.2.7,e9fa15cc35312a5c1ecf0c42668a690b5061c090,7ebad1ecabd28a7000add2d05f888aa2e837c2cc,c7fbdcc4df48bd4a2cfe21811613e5e50e3e4868822fe6dddd13745d96692118,b98d65cc5e34337369dcd4d69d63651cc2c99c19e8494199e8b5ec9e06c8b87f,3ee7e46399aea60603c767e0a604e79e7db233924ce71fe027a1ccc1623b7eb0,7beb41daec3d6a34c6da7696c56a982667957298f017ebe137829282b6ce7985,e6f30e55e478d39061b94e38de33959ca99b16e8cac38a3bd99b34f6543ad4a2,20260924,1.5,kinematic
oracle_gated,True,0,aft,unseen_heading,SS3,200,200,1.0,0.9811546736227335,1.0,0.0,0.0,0.0,0.0,1.0,0.0,200,0.19254524946799187,0.20378293966498776,0.19242359712135626,0.2037742299190407,0.024296924132150812,0.04722823140465143,4.5389357950329385,3.281625,3.247916666666667,0.04345822392056895,0.006515596596017966,0,0.0,0,-0.0021482545704959283,200,1.0,0.0,0,0,0,0,0,200,0,0,200,,0.9811546736227335,1.0,1.0,0.9811546736227335,1.0,5daca06e217fc765611af98af2fc70f312ca4cbdafffe408d5827eae8138bce3,dec9793dee4adbccbd2d7ab225cc7509ca9a1b1e51c3f582ec8f0cc5f04e6755,,3.12.3,2.5.2,2.13.0,2.9.0,1.3.0,3.2.7,e9fa15cc35312a5c1ecf0c42668a690b5061c090,7ebad1ecabd28a7000add2d05f888aa2e837c2cc,c7fbdcc4df48bd4a2cfe21811613e5e50e3e4868822fe6dddd13745d96692118,b98d65cc5e34337369dcd4d69d63651cc2c99c19e8494199e8b5ec9e06c8b87f,3ee7e46399aea60603c767e0a604e79e7db233924ce71fe027a1ccc1623b7eb0,7beb41daec3d6a34c6da7696c56a982667957298f017ebe137829282b6ce7985,e6f30e55e478d39061b94e38de33959ca99b16e8cac38a3bd99b34f6543ad4a2,20260924,1.5,kinematic
oracle_gated,True,0,aft,unseen_heading,SS4,200,200,1.0,0.9811546736227335,1.0,0.0,0.0,0.0,0.0,1.0,0.0,200,0.1904817102664241,0.21033244660057296,0.1906080538905538,0.20998808045557044,0.024080432094490373,0.04904061400577777,5.2914720745343775,3.2958541666666665,3.247916666666667,0.04366693762161461,0.007504955776454264,0,0.0,0,-0.00233034856204612,197,0.985,0.0,0,0,0,0,0,200,0,0,200,,0.9568342712073097,0.9948857622067417,0.985,0.9568342712073097,0.9948857622067417,5daca06e217fc765611af98af2fc70f312ca4cbdafffe408d5827eae8138bce3,dec9793dee4adbccbd2d7ab225cc7509ca9a1b1e51c3f582ec8f0cc5f04e6755,,3.12.3,2.5.2,2.13.0,2.9.0,1.3.0,3.2.7,e9fa15cc35312a5c1ecf0c42668a690b5061c090,7ebad1ecabd28a7000add2d05f888aa2e837c2cc,c7fbdcc4df48bd4a2cfe21811613e5e50e3e4868822fe6dddd13745d96692118,b98d65cc5e34337369dcd4d69d63651cc2c99c19e8494199e8b5ec9e06c8b87f,3ee7e46399aea60603c767e0a604e79e7db233924ce71fe027a1ccc1623b7eb0,7beb41daec3d6a34c6da7696c56a982667957298f017ebe137829282b6ce7985,e6f30e55e478d39061b94e38de33959ca99b16e8cac38a3bd99b34f6543ad4a2,20260924,1.5,kinematic
oracle_gated,True,0,aft,unseen_heading,SS5,200,199,0.995,0.9722262956021069,0.9991168312843989,0.0,0.0,0.0,0.0,0.995,0.005,199,0.1970570291396916,0.2201724786381703,0.19633131319356295,0.22069538810833364,0.019655786227714328,0.04164542951177273,5.51365162284839,4.35931742043551,3.6125,0.03989614012703646,0.009085451410790073,0,0.0,0,-0.0021570813058370344,157,0.7889447236180904,0.0,0,0,0,0,0,199,0,1,200,,0.7270512862991216,0.8398939559043304,0.785,0.7229769265100339,0.8362812374549242,5daca06e217fc765611af98af2fc70f312ca4cbdafffe408d5827eae8138bce3,dec9793dee4adbccbd2d7ab225cc7509ca9a1b1e51c3f582ec8f0cc5f04e6755,,3.12.3,2.5.2,2.13.0,2.9.0,1.3.0,3.2.7,e9fa15cc35312a5c1ecf0c42668a690b5061c090,7ebad1ecabd28a7000add2d05f888aa2e837c2cc,c7fbdcc4df48bd4a2cfe21811613e5e50e3e4868822fe6dddd13745d96692118,b98d65cc5e34337369dcd4d69d63651cc2c99c19e8494199e8b5ec9e06c8b87f,3ee7e46399aea60603c767e0a604e79e7db233924ce71fe027a1ccc1623b7eb0,7beb41daec3d6a34c6da7696c56a982667957298f017ebe137829282b6ce7985,e6f30e55e478d39061b94e38de33959ca99b16e8cac38a3bd99b34f6543ad4a2,20260924,1.5,kinematic
oracle_gated,True,0,aft,unseen_heading,SS6,200,93,0.465,0.3971856415700402,0.5341335312763685,0.0,0.0,0.0,0.0,0.465,0.535,93,0.19081709889755868,0.2148467397635279,0.19108295566018793,0.21521265659775124,0.015516004324759065,0.03376106945116425,6.262912307285486,6.11939964157706,5.6,0.026685450976272042,0.009209341478441208,0,0.0,0,-0.0024571922412212435,59,0.6344086021505376,0.0,0,0,0,0,0,93,0,107,200,,0.533010918790097,0.7251429783572861,0.295,0.23613943856849148,0.36158714524618774,5daca06e217fc765611af98af2fc70f312ca4cbdafffe408d5827eae8138bce3,dec9793dee4adbccbd2d7ab225cc7509ca9a1b1e51c3f582ec8f0cc5f04e6755,,3.12.3,2.5.2,2.13.0,2.9.0,1.3.0,3.2.7,e9fa15cc35312a5c1ecf0c42668a690b5061c090,7ebad1ecabd28a7000add2d05f888aa2e837c2cc,c7fbdcc4df48bd4a2cfe21811613e5e50e3e4868822fe6dddd13745d96692118,b98d65cc5e34337369dcd4d69d63651cc2c99c19e8494199e8b5ec9e06c8b87f,3ee7e46399aea60603c767e0a604e79e7db233924ce71fe027a1ccc1623b7eb0,7beb41daec3d6a34c6da7696c56a982667957298f017ebe137829282b6ce7985,e6f30e55e478d39061b94e38de33959ca99b16e8cac38a3bd99b34f6543ad4a2,20260924,1.5,kinematic
oracle_gated,True,0,aft,unseen_vessel,SS3,200,200,1.0,0.9811546736227335,1.0,0.0,0.0,0.0,0.0,1.0,0.0,200,0.19136232246672952,0.21781663748097338,0.19129896342264924,0.2177914679439322,0.025317307913069364,0.048223295067156016,4.524394838515676,3.267395833333333,3.166666666666667,0.04381236551563021,0.007766224760496232,0,0.0,0,-0.0023002612642707048,200,1.0,0.0,0,0,0,0,0,200,0,0,200,,0.9811546736227335,1.0,1.0,0.9811546736227335,1.0,5daca06e217fc765611af98af2fc70f312ca4cbdafffe408d5827eae8138bce3,dec9793dee4adbccbd2d7ab225cc7509ca9a1b1e51c3f582ec8f0cc5f04e6755,,3.12.3,2.5.2,2.13.0,2.9.0,1.3.0,3.2.7,e9fa15cc35312a5c1ecf0c42668a690b5061c090,7ebad1ecabd28a7000add2d05f888aa2e837c2cc,c7fbdcc4df48bd4a2cfe21811613e5e50e3e4868822fe6dddd13745d96692118,b98d65cc5e34337369dcd4d69d63651cc2c99c19e8494199e8b5ec9e06c8b87f,3ee7e46399aea60603c767e0a604e79e7db233924ce71fe027a1ccc1623b7eb0,7beb41daec3d6a34c6da7696c56a982667957298f017ebe137829282b6ce7985,e6f30e55e478d39061b94e38de33959ca99b16e8cac38a3bd99b34f6543ad4a2,20260924,1.5,kinematic
oracle_gated,True,0,aft,unseen_vessel,SS4,200,200,1.0,0.9811546736227335,1.0,0.0,0.0,0.0,0.0,1.0,0.0,200,0.1911724071332576,0.2235156180350935,0.19136760340829567,0.22343862964449104,0.024637087907043505,0.043870483139025286,4.523482575978897,3.453395833333333,3.2375,0.04675251197794812,0.010528581870278199,0,0.0,0,-0.0023329267644038583,182,0.91,0.0,0,0,0,0,0,200,0,0,200,,0.8622342812328346,0.9423125511378069,0.91,0.8622342812328346,0.9423125511378069,5daca06e217fc765611af98af2fc70f312ca4cbdafffe408d5827eae8138bce3,dec9793dee4adbccbd2d7ab225cc7509ca9a1b1e51c3f582ec8f0cc5f04e6755,,3.12.3,2.5.2,2.13.0,2.9.0,1.3.0,3.2.7,e9fa15cc35312a5c1ecf0c42668a690b5061c090,7ebad1ecabd28a7000add2d05f888aa2e837c2cc,c7fbdcc4df48bd4a2cfe21811613e5e50e3e4868822fe6dddd13745d96692118,b98d65cc5e34337369dcd4d69d63651cc2c99c19e8494199e8b5ec9e06c8b87f,3ee7e46399aea60603c767e0a604e79e7db233924ce71fe027a1ccc1623b7eb0,7beb41daec3d6a34c6da7696c56a982667957298f017ebe137829282b6ce7985,e6f30e55e478d39061b94e38de33959ca99b16e8cac38a3bd99b34f6543ad4a2,20260924,1.5,kinematic
oracle_gated,True,0,aft,unseen_vessel,SS5,200,190,0.95,0.9104218518612239,0.972617354399236,0.0,0.0,0.0,0.0,0.95,0.05,190,0.19356262803755886,0.23785559505676512,0.19315190919105962,0.23841439290770663,0.019356588359932907,0.04275362323387797,5.0441226933187435,4.35267543859649,3.5125,0.04823803485330035,0.013381747813710744,0,0.0,0,-0.0027891117495847904,161,0.8473684210526315,0.0,0,0,0,0,0,190,0,10,200,,0.7893914535120105,0.891577420758079,0.805,0.7445595562538726,0.8539447946559949,5daca06e217fc765611af98af2fc70f312ca4cbdafffe408d5827eae8138bce3,dec9793dee4adbccbd2d7ab225cc7509ca9a1b1e51c3f582ec8f0cc5f04e6755,,3.12.3,2.5.2,2.13.0,2.9.0,1.3.0,3.2.7,e9fa15cc35312a5c1ecf0c42668a690b5061c090,7ebad1ecabd28a7000add2d05f888aa2e837c2cc,c7fbdcc4df48bd4a2cfe21811613e5e50e3e4868822fe6dddd13745d96692118,b98d65cc5e34337369dcd4d69d63651cc2c99c19e8494199e8b5ec9e06c8b87f,3ee7e46399aea60603c767e0a604e79e7db233924ce71fe027a1ccc1623b7eb0,7beb41daec3d6a34c6da7696c56a982667957298f017ebe137829282b6ce7985,e6f30e55e478d39061b94e38de33959ca99b16e8cac38a3bd99b34f6543ad4a2,20260924,1.5,kinematic
oracle_gated,True,0,aft,unseen_vessel,SS6,200,178,0.89,0.839073090026985,0.926227555398747,0.0,0.0,0.0,0.0,0.89,0.11,178,0.19264334716746617,0.2354213056684685,0.19259101255624683,0.2354110040761667,0.018790046980271702,0.03489232794013427,5.442458919823842,5.409035580524345,4.808333333333334,0.047809848799217354,0.014707249685745976,0,0.0,0,-0.0032397104476671393,139,0.7808988764044944,0.0,0,0,0,0,0,178,0,22,200,,0.7145523234584009,0.8353772726223564,0.695,0.6280144790202163,0.7546358436926496,5daca06e217fc765611af98af2fc70f312ca4cbdafffe408d5827eae8138bce3,dec9793dee4adbccbd2d7ab225cc7509ca9a1b1e51c3f582ec8f0cc5f04e6755,,3.12.3,2.5.2,2.13.0,2.9.0,1.3.0,3.2.7,e9fa15cc35312a5c1ecf0c42668a690b5061c090,7ebad1ecabd28a7000add2d05f888aa2e837c2cc,c7fbdcc4df48bd4a2cfe21811613e5e50e3e4868822fe6dddd13745d96692118,b98d65cc5e34337369dcd4d69d63651cc2c99c19e8494199e8b5ec9e06c8b87f,3ee7e46399aea60603c767e0a604e79e7db233924ce71fe027a1ccc1623b7eb0,7beb41daec3d6a34c6da7696c56a982667957298f017ebe137829282b6ce7985,e6f30e55e478d39061b94e38de33959ca99b16e8cac38a3bd99b34f6543ad4a2,20260924,1.5,kinematic
oracle_gated,True,0,aft,static,static,200,200,1.0,0.9811546736227335,1.0,0.0,0.0,0.0,0.0,1.0,0.0,200,0.19326196200714016,0.20363783183421635,0.19326196200714016,0.20363783183421635,0.02397730478303757,0.045108137324711646,4.45742139772843,3.2058541666666667,3.1416666666666666,0.042960959748209106,0.006007045729600286,0,0.0,0,-0.0026128690860842685,200,1.0,0.0,0,0,0,0,0,200,0,0,200,,0.9811546736227335,1.0,1.0,0.9811546736227335,1.0,5daca06e217fc765611af98af2fc70f312ca4cbdafffe408d5827eae8138bce3,dec9793dee4adbccbd2d7ab225cc7509ca9a1b1e51c3f582ec8f0cc5f04e6755,,3.12.3,2.5.2,2.13.0,2.9.0,1.3.0,3.2.7,e9fa15cc35312a5c1ecf0c42668a690b5061c090,7ebad1ecabd28a7000add2d05f888aa2e837c2cc,c7fbdcc4df48bd4a2cfe21811613e5e50e3e4868822fe6dddd13745d96692118,b98d65cc5e34337369dcd4d69d63651cc2c99c19e8494199e8b5ec9e06c8b87f,3ee7e46399aea60603c767e0a604e79e7db233924ce71fe027a1ccc1623b7eb0,7beb41daec3d6a34c6da7696c56a982667957298f017ebe137829282b6ce7985,e6f30e55e478d39061b94e38de33959ca99b16e8cac38a3bd99b34f6543ad4a2,20260924,1.5,kinematic
pid_feedforward_lowvz_cut,False,0,aft,id,SS3,200,200,1.0,0.9811546736227335,1.0,0.0,0.0,0.0,0.0,1.0,0.0,200,0.10264269078088717,0.12657351335996186,0.10252310746382354,0.12664902268893688,0.01495993094633407,0.03115942903753997,4.5124139249384845,7.798895833333334,7.68125,0.07041882910050354,0.008818609364341385,0,0.0,0,-0.002248406201754507,188,0.94,0.755,0,0,0,0,0,200,0,0,200,,0.8980683070423372,0.9653478057456681,0.94,0.8980683070423372,0.9653478057456681,e5f19903a89165ecdc50218f2d626b7b41b03b566895f7be520f5d9a59e499bb,123b890f4c7137d654512aef113d4f1935e5cca21bca74c2d0002a0b4635be8f,,3.12.3,2.5.2,2.13.0,2.9.0,1.3.0,3.2.7,e9fa15cc35312a5c1ecf0c42668a690b5061c090,7ebad1ecabd28a7000add2d05f888aa2e837c2cc,c7fbdcc4df48bd4a2cfe21811613e5e50e3e4868822fe6dddd13745d96692118,b98d65cc5e34337369dcd4d69d63651cc2c99c19e8494199e8b5ec9e06c8b87f,3ee7e46399aea60603c767e0a604e79e7db233924ce71fe027a1ccc1623b7eb0,7beb41daec3d6a34c6da7696c56a982667957298f017ebe137829282b6ce7985,e6f30e55e478d39061b94e38de33959ca99b16e8cac38a3bd99b34f6543ad4a2,20260924,1.5,kinematic
pid_feedforward_lowvz_cut,False,0,aft,id,SS4,200,197,0.985,0.9568342712073097,0.9948857622067417,0.0,0.0,0.0,0.015,0.985,0.0,200,0.1033076674132003,0.13943986160002161,0.10336445736505925,0.1403765887414273,0.014647933577091883,0.03173839642931831,5.183976233389957,7.786604166666667,7.6499999999999995,0.07171111640189695,0.011202097059696546,0,0.0,0,-0.0022760304088132836,148,0.74,0.75,0,0,0,0,0,197,3,0,200,,0.6750925439746589,0.7958616993642531,0.74,0.6750925439746589,0.7958616993642531,e5f19903a89165ecdc50218f2d626b7b41b03b566895f7be520f5d9a59e499bb,123b890f4c7137d654512aef113d4f1935e5cca21bca74c2d0002a0b4635be8f,,3.12.3,2.5.2,2.13.0,2.9.0,1.3.0,3.2.7,e9fa15cc35312a5c1ecf0c42668a690b5061c090,7ebad1ecabd28a7000add2d05f888aa2e837c2cc,c7fbdcc4df48bd4a2cfe21811613e5e50e3e4868822fe6dddd13745d96692118,b98d65cc5e34337369dcd4d69d63651cc2c99c19e8494199e8b5ec9e06c8b87f,3ee7e46399aea60603c767e0a604e79e7db233924ce71fe027a1ccc1623b7eb0,7beb41daec3d6a34c6da7696c56a982667957298f017ebe137829282b6ce7985,e6f30e55e478d39061b94e38de33959ca99b16e8cac38a3bd99b34f6543ad4a2,20260924,1.5,kinematic
pid_feedforward_lowvz_cut,False,0,aft,id,SS5,200,196,0.98,0.9497129130941735,0.9921955735836505,0.0,0.0,0.0,0.02,0.98,0.0,200,0.10989506966309856,0.18768229125816208,0.11041093103860972,0.18532032432906276,0.014287056748415381,0.032131765946587336,9.21875171613334,7.696583333333333,7.60625,0.07487446208479177,0.014553955557830645,0,0.0,1,-0.005141104645989826,56,0.28,0.745,0,0,0,0,0,196,4,0,200,,0.22236889773949026,0.3459230458665071,0.28,0.22236889773949026,0.3459230458665071,e5f19903a89165ecdc50218f2d626b7b41b03b566895f7be520f5d9a59e499bb,123b890f4c7137d654512aef113d4f1935e5cca21bca74c2d0002a0b4635be8f,,3.12.3,2.5.2,2.13.0,2.9.0,1.3.0,3.2.7,e9fa15cc35312a5c1ecf0c42668a690b5061c090,7ebad1ecabd28a7000add2d05f888aa2e837c2cc,c7fbdcc4df48bd4a2cfe21811613e5e50e3e4868822fe6dddd13745d96692118,b98d65cc5e34337369dcd4d69d63651cc2c99c19e8494199e8b5ec9e06c8b87f,3ee7e46399aea60603c767e0a604e79e7db233924ce71fe027a1ccc1623b7eb0,7beb41daec3d6a34c6da7696c56a982667957298f017ebe137829282b6ce7985,e6f30e55e478d39061b94e38de33959ca99b16e8cac38a3bd99b34f6543ad4a2,20260924,1.5,kinematic
pid_feedforward_lowvz_cut,False,0,aft,id,SS6,200,176,0.88,0.8276574790170326,0.9180200729362449,0.0,0.0,0.045,0.075,0.88,0.0,200,0.10649729559970743,0.1805440860957514,0.10764816412904046,0.18225866359037646,0.017210912627794388,0.033710007166042645,13.93198347255708,7.793416666666667,7.772916666666667,0.07163556235994135,0.014497181481061383,0,0.0,5,-0.0063148310513113535,23,0.115,0.0,0,0,0,0,0,182,18,0,200,,0.07786373232561955,0.16664716898487572,0.115,0.07786373232561955,0.16664716898487572,e5f19903a89165ecdc50218f2d626b7b41b03b566895f7be520f5d9a59e499bb,123b890f4c7137d654512aef113d4f1935e5cca21bca74c2d0002a0b4635be8f,,3.12.3,2.5.2,2.13.0,2.9.0,1.3.0,3.2.7,e9fa15cc35312a5c1ecf0c42668a690b5061c090,7ebad1ecabd28a7000add2d05f888aa2e837c2cc,c7fbdcc4df48bd4a2cfe21811613e5e50e3e4868822fe6dddd13745d96692118,b98d65cc5e34337369dcd4d69d63651cc2c99c19e8494199e8b5ec9e06c8b87f,3ee7e46399aea60603c767e0a604e79e7db233924ce71fe027a1ccc1623b7eb0,7beb41daec3d6a34c6da7696c56a982667957298f017ebe137829282b6ce7985,e6f30e55e478d39061b94e38de33959ca99b16e8cac38a3bd99b34f6543ad4a2,20260924,1.5,kinematic
pid_feedforward_lowvz_cut,False,0,aft,unseen_seastate,SS6,200,179,0.895,0.8448196800887696,0.9302925120731899,0.0,0.0,0.035,0.07,0.895,0.0,200,0.10655303634770541,0.1524040910345497,0.1095111523411536,0.15475904876538102,0.014537875579643604,0.03477324076764785,13.781402665903476,7.704854166666666,7.664583333333333,0.07133630612617306,0.013837694642339833,1,0.005,7,-0.007030451107293565,16,0.08,0.0,0,0,0,0,0,185,15,0,200,,0.049840585889759974,0.12598948826714396,0.08,0.049840585889759974,0.12598948826714396,e5f19903a89165ecdc50218f2d626b7b41b03b566895f7be520f5d9a59e499bb,123b890f4c7137d654512aef113d4f1935e5cca21bca74c2d0002a0b4635be8f,,3.12.3,2.5.2,2.13.0,2.9.0,1.3.0,3.2.7,e9fa15cc35312a5c1ecf0c42668a690b5061c090,7ebad1ecabd28a7000add2d05f888aa2e837c2cc,c7fbdcc4df48bd4a2cfe21811613e5e50e3e4868822fe6dddd13745d96692118,b98d65cc5e34337369dcd4d69d63651cc2c99c19e8494199e8b5ec9e06c8b87f,3ee7e46399aea60603c767e0a604e79e7db233924ce71fe027a1ccc1623b7eb0,7beb41daec3d6a34c6da7696c56a982667957298f017ebe137829282b6ce7985,e6f30e55e478d39061b94e38de33959ca99b16e8cac38a3bd99b34f6543ad4a2,20260924,1.5,kinematic
pid_feedforward_lowvz_cut,False,0,aft,unseen_heading,SS3,200,200,1.0,0.9811546736227335,1.0,0.0,0.0,0.0,0.0,1.0,0.0,200,0.1027452516129855,0.11095567243264164,0.1029010341425508,0.11113194802514266,0.017287134299022164,0.03492655415078612,4.576054897301243,7.868083333333333,7.997916666666667,0.06905561553862963,0.006757113822251796,0,0.0,0,-0.002265023304350434,200,1.0,0.0,0,0,0,0,0,200,0,0,200,,0.9811546736227335,1.0,1.0,0.9811546736227335,1.0,e5f19903a89165ecdc50218f2d626b7b41b03b566895f7be520f5d9a59e499bb,123b890f4c7137d654512aef113d4f1935e5cca21bca74c2d0002a0b4635be8f,,3.12.3,2.5.2,2.13.0,2.9.0,1.3.0,3.2.7,e9fa15cc35312a5c1ecf0c42668a690b5061c090,7ebad1ecabd28a7000add2d05f888aa2e837c2cc,c7fbdcc4df48bd4a2cfe21811613e5e50e3e4868822fe6dddd13745d96692118,b98d65cc5e34337369dcd4d69d63651cc2c99c19e8494199e8b5ec9e06c8b87f,3ee7e46399aea60603c767e0a604e79e7db233924ce71fe027a1ccc1623b7eb0,7beb41daec3d6a34c6da7696c56a982667957298f017ebe137829282b6ce7985,e6f30e55e478d39061b94e38de33959ca99b16e8cac38a3bd99b34f6543ad4a2,20260924,1.5,kinematic
pid_feedforward_lowvz_cut,False,0,aft,unseen_heading,SS4,200,198,0.99,0.9642782382838231,0.9972533418664555,0.0,0.0,0.0,0.01,0.99,0.0,200,0.10227744464559013,0.11700076365628297,0.10233893277940478,0.11754288444833987,0.015965097494364176,0.032959339531647924,5.3739447924228125,7.834145833333333,7.85,0.0692353006321556,0.00782282312115986,0,0.0,0,-0.002745101810074793,180,0.9,0.0,0,0,0,0,0,198,2,0,200,,0.8505941875672826,0.9343295513309041,0.9,0.8505941875672826,0.9343295513309041,e5f19903a89165ecdc50218f2d626b7b41b03b566895f7be520f5d9a59e499bb,123b890f4c7137d654512aef113d4f1935e5cca21bca74c2d0002a0b4635be8f,,3.12.3,2.5.2,2.13.0,2.9.0,1.3.0,3.2.7,e9fa15cc35312a5c1ecf0c42668a690b5061c090,7ebad1ecabd28a7000add2d05f888aa2e837c2cc,c7fbdcc4df48bd4a2cfe21811613e5e50e3e4868822fe6dddd13745d96692118,b98d65cc5e34337369dcd4d69d63651cc2c99c19e8494199e8b5ec9e06c8b87f,3ee7e46399aea60603c767e0a604e79e7db233924ce71fe027a1ccc1623b7eb0,7beb41daec3d6a34c6da7696c56a982667957298f017ebe137829282b6ce7985,e6f30e55e478d39061b94e38de33959ca99b16e8cac38a3bd99b34f6543ad4a2,20260924,1.5,kinematic
pid_feedforward_lowvz_cut,False,0,aft,unseen_heading,SS5,200,194,0.97,0.9361057075454807,0.9861796856598887,0.0,0.0,0.0,0.03,0.97,0.0,200,0.10439005543117669,0.1298989087230441,0.10588297321629453,0.12991284898941502,0.01704544121113305,0.03456297889418235,7.3329652506914185,7.815270833333334,7.822916666666666,0.06944352625879886,0.009636832465834945,0,0.0,0,-0.00453371623519639,71,0.355,0.0,0,0,0,0,0,194,6,0,200,,0.2919862754043116,0.42347886924509565,0.355,0.2919862754043116,0.42347886924509565,e5f19903a89165ecdc50218f2d626b7b41b03b566895f7be520f5d9a59e499bb,123b890f4c7137d654512aef113d4f1935e5cca21bca74c2d0002a0b4635be8f,,3.12.3,2.5.2,2.13.0,2.9.0,1.3.0,3.2.7,e9fa15cc35312a5c1ecf0c42668a690b5061c090,7ebad1ecabd28a7000add2d05f888aa2e837c2cc,c7fbdcc4df48bd4a2cfe21811613e5e50e3e4868822fe6dddd13745d96692118,b98d65cc5e34337369dcd4d69d63651cc2c99c19e8494199e8b5ec9e06c8b87f,3ee7e46399aea60603c767e0a604e79e7db233924ce71fe027a1ccc1623b7eb0,7beb41daec3d6a34c6da7696c56a982667957298f017ebe137829282b6ce7985,e6f30e55e478d39061b94e38de33959ca99b16e8cac38a3bd99b34f6543ad4a2,20260924,1.5,kinematic
pid_feedforward_lowvz_cut,False,0,aft,unseen_heading,SS6,200,166,0.83,0.7718411637168737,0.8757209208741302,0.0,0.0,0.12,0.05,0.83,0.0,200,0.10182812309288733,0.13889379670603488,0.10369561465963223,0.13875380190816966,0.016340402990370456,0.034328395575581476,18.717780020073636,7.7910208333333335,7.783333333333333,0.07054779779313608,0.011111472605885676,0,0.0,18,-0.006792732859042421,10,0.05,0.0,0,0,0,0,0,185,15,0,200,,0.02738264560076393,0.08957814813877599,0.05,0.02738264560076393,0.08957814813877599,e5f19903a89165ecdc50218f2d626b7b41b03b566895f7be520f5d9a59e499bb,123b890f4c7137d654512aef113d4f1935e5cca21bca74c2d0002a0b4635be8f,,3.12.3,2.5.2,2.13.0,2.9.0,1.3.0,3.2.7,e9fa15cc35312a5c1ecf0c42668a690b5061c090,7ebad1ecabd28a7000add2d05f888aa2e837c2cc,c7fbdcc4df48bd4a2cfe21811613e5e50e3e4868822fe6dddd13745d96692118,b98d65cc5e34337369dcd4d69d63651cc2c99c19e8494199e8b5ec9e06c8b87f,3ee7e46399aea60603c767e0a604e79e7db233924ce71fe027a1ccc1623b7eb0,7beb41daec3d6a34c6da7696c56a982667957298f017ebe137829282b6ce7985,e6f30e55e478d39061b94e38de33959ca99b16e8cac38a3bd99b34f6543ad4a2,20260924,1.5,kinematic
pid_feedforward_lowvz_cut,False,0,aft,unseen_vessel,SS3,200,200,1.0,0.9811546736227335,1.0,0.0,0.0,0.0,0.0,1.0,0.0,200,0.10232642969240631,0.11999682537579492,0.10232363855817901,0.1200065051807005,0.015301319502130265,0.03262209577613071,4.469518483600625,7.7945625,7.779166666666667,0.07041603571625998,0.008060502416788773,0,0.0,0,-0.0025670989064961857,197,0.985,0.0,0,0,0,0,0,200,0,0,200,,0.9568342712073097,0.9948857622067417,0.985,0.9568342712073097,0.9948857622067417,e5f19903a89165ecdc50218f2d626b7b41b03b566895f7be520f5d9a59e499bb,123b890f4c7137d654512aef113d4f1935e5cca21bca74c2d0002a0b4635be8f,,3.12.3,2.5.2,2.13.0,2.9.0,1.3.0,3.2.7,e9fa15cc35312a5c1ecf0c42668a690b5061c090,7ebad1ecabd28a7000add2d05f888aa2e837c2cc,c7fbdcc4df48bd4a2cfe21811613e5e50e3e4868822fe6dddd13745d96692118,b98d65cc5e34337369dcd4d69d63651cc2c99c19e8494199e8b5ec9e06c8b87f,3ee7e46399aea60603c767e0a604e79e7db233924ce71fe027a1ccc1623b7eb0,7beb41daec3d6a34c6da7696c56a982667957298f017ebe137829282b6ce7985,e6f30e55e478d39061b94e38de33959ca99b16e8cac38a3bd99b34f6543ad4a2,20260924,1.5,kinematic
pid_feedforward_lowvz_cut,False,0,aft,unseen_vessel,SS4,200,200,1.0,0.9811546736227335,1.0,0.0,0.0,0.0,0.0,1.0,0.0,200,0.10397282772835709,0.13835070494131138,0.10404556211723834,0.13842179974015933,0.01614534676363013,0.03485669454070775,4.427872239229568,7.746187499999999,7.764583333333333,0.07310191626364589,0.010557981030759382,0,0.0,0,-0.002767486373515677,166,0.83,0.0,0,0,0,0,0,200,0,0,200,,0.7718411637168737,0.8757209208741302,0.83,0.7718411637168737,0.8757209208741302,e5f19903a89165ecdc50218f2d626b7b41b03b566895f7be520f5d9a59e499bb,123b890f4c7137d654512aef113d4f1935e5cca21bca74c2d0002a0b4635be8f,,3.12.3,2.5.2,2.13.0,2.9.0,1.3.0,3.2.7,e9fa15cc35312a5c1ecf0c42668a690b5061c090,7ebad1ecabd28a7000add2d05f888aa2e837c2cc,c7fbdcc4df48bd4a2cfe21811613e5e50e3e4868822fe6dddd13745d96692118,b98d65cc5e34337369dcd4d69d63651cc2c99c19e8494199e8b5ec9e06c8b87f,3ee7e46399aea60603c767e0a604e79e7db233924ce71fe027a1ccc1623b7eb0,7beb41daec3d6a34c6da7696c56a982667957298f017ebe137829282b6ce7985,e6f30e55e478d39061b94e38de33959ca99b16e8cac38a3bd99b34f6543ad4a2,20260924,1.5,kinematic
pid_feedforward_lowvz_cut,False,0,aft,unseen_vessel,SS5,200,199,0.995,0.9722262956021069,0.9991168312843989,0.0,0.0,0.0,0.005,0.995,0.0,200,0.10807751159834876,0.15542164033884165,0.10859425314331432,0.15534087480621608,0.016053224720965407,0.03418758691420475,4.836697250672613,7.726604166666666,7.75,0.07671483974653691,0.013409704119768343,0,0.0,0,-0.002537783453978445,100,0.5,0.0,0,0,0,0,0,199,1,0,200,,0.43136085960389187,0.5686391403961082,0.5,0.43136085960389187,0.5686391403961082,e5f19903a89165ecdc50218f2d626b7b41b03b566895f7be520f5d9a59e499bb,123b890f4c7137d654512aef113d4f1935e5cca21bca74c2d0002a0b4635be8f,,3.12.3,2.5.2,2.13.0,2.9.0,1.3.0,3.2.7,e9fa15cc35312a5c1ecf0c42668a690b5061c090,7ebad1ecabd28a7000add2d05f888aa2e837c2cc,c7fbdcc4df48bd4a2cfe21811613e5e50e3e4868822fe6dddd13745d96692118,b98d65cc5e34337369dcd4d69d63651cc2c99c19e8494199e8b5ec9e06c8b87f,3ee7e46399aea60603c767e0a604e79e7db233924ce71fe027a1ccc1623b7eb0,7beb41daec3d6a34c6da7696c56a982667957298f017ebe137829282b6ce7985,e6f30e55e478d39061b94e38de33959ca99b16e8cac38a3bd99b34f6543ad4a2,20260924,1.5,kinematic
pid_feedforward_lowvz_cut,False,0,aft,unseen_vessel,SS6,200,194,0.97,0.9361057075454807,0.9861796856598887,0.0,0.0,0.0,0.03,0.97,0.0,200,0.11009298901811714,0.15887393868387623,0.10983418909397052,0.15762982027047992,0.015975904065599157,0.03307393659394282,7.9175115386459884,7.897895833333334,7.895833333333333,0.07759026834718254,0.014507813900328603,0,0.0,0,-0.004634713435906028,38,0.19,0.0,0,0,0,0,0,194,6,0,200,,0.14167171527790676,0.25001238707599854,0.19,0.14167171527790676,0.25001238707599854,e5f19903a89165ecdc50218f2d626b7b41b03b566895f7be520f5d9a59e499bb,123b890f4c7137d654512aef113d4f1935e5cca21bca74c2d0002a0b4635be8f,,3.12.3,2.5.2,2.13.0,2.9.0,1.3.0,3.2.7,e9fa15cc35312a5c1ecf0c42668a690b5061c090,7ebad1ecabd28a7000add2d05f888aa2e837c2cc,c7fbdcc4df48bd4a2cfe21811613e5e50e3e4868822fe6dddd13745d96692118,b98d65cc5e34337369dcd4d69d63651cc2c99c19e8494199e8b5ec9e06c8b87f,3ee7e46399aea60603c767e0a604e79e7db233924ce71fe027a1ccc1623b7eb0,7beb41daec3d6a34c6da7696c56a982667957298f017ebe137829282b6ce7985,e6f30e55e478d39061b94e38de33959ca99b16e8cac38a3bd99b34f6543ad4a2,20260924,1.5,kinematic
pid_feedforward_lowvz_cut,False,0,aft,static,static,200,200,1.0,0.9811546736227335,1.0,0.0,0.0,0.0,0.0,1.0,0.0,200,0.10137897462702929,0.10872229395631194,0.10137897462702929,0.10872229395631194,0.016198751861871592,0.03131565956868533,4.080806235115718,7.786875,7.772916666666667,0.06960786505220778,0.0064000718998385156,0,0.0,0,-0.0023851073674869827,200,1.0,0.0,0,0,0,0,0,200,0,0,200,,0.9811546736227335,1.0,1.0,0.9811546736227335,1.0,e5f19903a89165ecdc50218f2d626b7b41b03b566895f7be520f5d9a59e499bb,123b890f4c7137d654512aef113d4f1935e5cca21bca74c2d0002a0b4635be8f,,3.12.3,2.5.2,2.13.0,2.9.0,1.3.0,3.2.7,e9fa15cc35312a5c1ecf0c42668a690b5061c090,7ebad1ecabd28a7000add2d05f888aa2e837c2cc,c7fbdcc4df48bd4a2cfe21811613e5e50e3e4868822fe6dddd13745d96692118,b98d65cc5e34337369dcd4d69d63651cc2c99c19e8494199e8b5ec9e06c8b87f,3ee7e46399aea60603c767e0a604e79e7db233924ce71fe027a1ccc1623b7eb0,7beb41daec3d6a34c6da7696c56a982667957298f017ebe137829282b6ce7985,e6f30e55e478d39061b94e38de33959ca99b16e8cac38a3bd99b34f6543ad4a2,20260924,1.5,kinematic
