method,seed,regime,ss,index,episode_seed,outcome_torch,outcome_onnx,steps_torch,steps_onnx,rel_vz_normal_m_s_torch,rel_vz_normal_m_s_onnx,outcome_identical,row_identical,torch_row_matches_committed
ppo,0,id,SS3,0,1520178405,success,success,64,64,-0.24815479105918634,-0.25028435380498515,True,False,True
ppo,0,id,SS3,1,719968530,success,success,65,65,-0.25708426617577107,-0.23093724484161673,True,False,True
ppo,0,id,SS3,2,1033372514,success,success,64,64,-0.24058998926946454,-0.2486684342013596,True,False,True
ppo,0,id,SS3,3,379898598,success,success,59,59,-0.2582857314068174,-0.22984765485074685,True,False,True
ppo,0,id,SS3,4,1189676213,success,success,63,63,-0.23060133159823903,-0.24344971945816726,True,False,True
ppo,0,id,SS3,5,558736479,success,success,62,62,-0.25181915310758696,-0.23052512422116722,True,False,True
ppo,0,id,SS3,6,1156695222,success,success,59,59,-0.24342916724792762,-0.23537462211668725,True,False,True
ppo,0,id,SS3,7,1139605222,success,success,62,62,-0.22837809386553332,-0.22828412077661694,True,False,True
ppo,0,id,SS3,8,899600238,success,success,60,60,-0.23658293292740978,-0.2600325355737123,True,False,True
ppo,0,id,SS3,9,35049575,success,success,62,62,-0.2653824886003001,-0.26542037865678697,True,False,True
ppo,0,id,SS3,10,1542540426,success,success,63,63,-0.2694228206635162,-0.2407932002291757,True,False,True
ppo,0,id,SS3,11,965327443,success,success,63,63,-0.24979613672206288,-0.27192236897135824,True,False,True
ppo,0,id,SS3,12,2092881167,success,success,60,61,-0.2691767712281006,-0.250853977929269,True,False,True
ppo,0,id,SS4,0,977198590,success,success,63,63,-0.24762157538674892,-0.26369083038046837,True,False,True
ppo,0,id,SS4,1,1071247665,success,success,61,62,-0.252222791640555,-0.22995743152611076,True,False,True
ppo,0,id,SS4,2,57131827,success,success,59,59,-0.23336992173306847,-0.22055952250941363,True,False,True
ppo,0,id,SS4,3,1806882220,success,success,65,66,-0.2716542977041934,-0.23706835538940166,True,False,True
ppo,0,id,SS4,4,1467825707,success,success,61,61,-0.23550087937809325,-0.23094788129247917,True,False,True
ppo,0,id,SS4,5,1460585141,success,success,64,64,-0.28259269290091316,-0.24576846268491007,True,False,True
ppo,0,id,SS4,6,1383413671,success,success,64,64,-0.2891024757373541,-0.29502854642649956,True,False,True
ppo,0,id,SS4,7,636405973,success,success,58,58,-0.2660811130315144,-0.2514619630090626,True,False,True
ppo,0,id,SS4,8,114257208,success,success,57,57,-0.24454943762346576,-0.2500234177048885,True,False,True
ppo,0,id,SS4,9,2048447269,success,success,61,61,-0.26159295410529393,-0.25785381811415203,True,False,True
ppo,0,id,SS4,10,75654190,success,success,65,64,-0.22372152791216127,-0.24055150815528503,True,False,True
ppo,0,id,SS4,11,2018301507,success,success,63,63,-0.23991773628548463,-0.25120850325693966,True,False,True
ppo,0,id,SS4,12,1949201741,success,success,59,59,-0.2156768568526644,-0.20999042193752773,True,False,True
ppo,0,id,SS5,0,578769763,success,success,62,62,-0.2524872769965085,-0.2599622187858895,True,False,True
ppo,0,id,SS5,1,1081822447,success,success,60,61,-0.2593675947130074,-0.25357379181442435,True,False,True
ppo,0,id,SS5,2,953709142,success,success,58,58,-0.24077635642513484,-0.23199777234340993,True,False,True
ppo,0,id,SS5,3,1842599450,success,success,61,61,-0.26332510301498996,-0.25227899738176623,True,False,True
ppo,0,id,SS5,4,1337608328,success,success,66,66,-0.172227576831077,-0.16956169316561684,True,False,True
ppo,0,id,SS5,5,1236210681,success,success,66,66,-0.22670508661877511,-0.25368000586324824,True,False,True
ppo,0,id,SS5,6,1293852831,success,success,63,63,-0.2911522452595069,-0.26753466278303506,True,False,True
ppo,0,id,SS5,7,737057067,success,success,59,59,-0.23182431860726394,-0.2181437028171302,True,False,True
ppo,0,id,SS5,8,1065105648,success,success,58,58,-0.23426797238826785,-0.24779525416648557,True,False,True
ppo,0,id,SS5,9,249755962,success,success,61,61,-0.2440499988194164,-0.24372087411423374,True,False,True
ppo,0,id,SS5,10,1282958506,success,success,63,63,-0.2415557541953726,-0.22761018398581664,True,False,True
ppo,0,id,SS5,11,1072639523,success,success,65,65,-0.26597204584727113,-0.2661300626873852,True,False,True
ppo,0,id,SS6,0,1490732229,success,success,58,58,-0.26006371558410707,-0.2650021230709044,True,False,True
ppo,0,id,SS6,1,2117260245,success,success,63,64,-0.23921114037504906,-0.26445418976039947,True,False,True
ppo,0,id,SS6,2,1867446106,success,success,61,61,-0.24654371175695364,-0.28177738853748463,True,False,True
ppo,0,id,SS6,3,349236203,success,success,62,62,-0.2630789395515471,-0.2515777677446056,True,False,True
ppo,0,id,SS6,4,1896452608,success,success,62,62,-0.26702447322090445,-0.27077568909505007,True,False,True
ppo,0,id,SS6,5,384627516,success,success,60,60,-0.2612109005815357,-0.2629859146934358,True,False,True
ppo,0,id,SS6,6,2144706323,success,success,64,64,-0.2543929658950377,-0.2535254315612166,True,False,True
ppo,0,id,SS6,7,2012805540,success,success,64,64,-0.22777034505431434,-0.2453908674569205,True,False,True
ppo,0,id,SS6,8,1442354209,success,success,61,61,-0.24966062737144012,-0.24966956601079696,True,False,True
ppo,0,id,SS6,9,903867449,success,success,65,65,-0.1826023461316621,-0.16518475705872265,True,False,True
ppo,0,id,SS6,10,1323121477,hard_landing,success,51,66,-0.13567420913896255,-0.1706798724233803,False,False,True
ppo,0,id,SS6,11,1781395626,success,success,60,60,-0.23995779929909608,-0.22455315395123834,True,False,True
ppo,4,id,SS3,0,1520178405,success,success,65,66,-0.26441886795192293,-0.2611587740091161,True,False,True
ppo,4,id,SS3,1,719968530,success,success,65,65,-0.2706521374968333,-0.2647208916723646,True,False,True
ppo,4,id,SS3,2,1033372514,success,success,65,65,-0.24528908692642926,-0.2568665485296281,True,False,True
ppo,4,id,SS3,3,379898598,success,success,60,60,-0.24142616439011705,-0.2528809196890974,True,False,True
ppo,4,id,SS3,4,1189676213,success,success,63,63,-0.23386786538856974,-0.25153243592030855,True,False,True
ppo,4,id,SS3,5,558736479,success,success,62,62,-0.2547577832727726,-0.25205693996446005,True,False,True
ppo,4,id,SS3,6,1156695222,success,success,60,60,-0.25635327701423927,-0.24845424049833428,True,False,True
ppo,4,id,SS3,7,1139605222,success,success,61,61,-0.23627716835561488,-0.2384726180675648,True,False,True
ppo,4,id,SS3,8,899600238,success,success,61,61,-0.2344421520268951,-0.24936922597439828,True,False,True
ppo,4,id,SS3,9,35049575,success,success,61,62,-0.21929860004237653,-0.2510975969866858,True,False,True
ppo,4,id,SS3,10,1542540426,success,success,64,64,-0.2696554876215712,-0.24492870769039207,True,False,True
ppo,4,id,SS3,11,965327443,success,success,65,65,-0.24526381800358213,-0.23611957861116095,True,False,True
ppo,4,id,SS3,12,2092881167,success,success,61,61,-0.2683593669884174,-0.2650750844848953,True,False,True
ppo,4,id,SS4,0,977198590,success,success,64,64,-0.24202528543780225,-0.27072883777398515,True,False,True
ppo,4,id,SS4,1,1071247665,success,success,63,63,-0.2384740065168686,-0.25355596017547316,True,False,True
ppo,4,id,SS4,2,57131827,success,success,59,59,-0.21206004145087054,-0.2188887176426462,True,False,True
ppo,4,id,SS4,3,1806882220,success,success,65,65,-0.255968887168733,-0.23121432396386707,True,False,True
ppo,4,id,SS4,4,1467825707,success,success,59,59,-0.23119959898480147,-0.2334230331510987,True,False,True
ppo,4,id,SS4,5,1460585141,success,success,65,65,-0.23663876551661084,-0.24159139162238796,True,False,True
ppo,4,id,SS4,6,1383413671,success,success,64,64,-0.2510881249508258,-0.24089635889231634,True,False,True
ppo,4,id,SS4,7,636405973,success,success,60,59,-0.24809928467013742,-0.25011542875475634,True,False,True
ppo,4,id,SS4,8,114257208,success,success,58,58,-0.21806616266299667,-0.1917655279309679,True,False,True
ppo,4,id,SS4,9,2048447269,success,success,62,62,-0.23842498065350357,-0.25537403151553767,True,False,True
ppo,4,id,SS4,10,75654190,success,success,66,66,-0.23447807224621559,-0.24601152034859053,True,False,True
ppo,4,id,SS4,11,2018301507,success,success,65,65,-0.2571243246685057,-0.23349349593784666,True,False,True
ppo,4,id,SS4,12,1949201741,success,success,60,60,-0.24633073959490093,-0.2368043553250506,True,False,True
ppo,4,id,SS5,0,578769763,success,success,61,61,-0.24504355198396385,-0.2458881423607865,True,False,True
ppo,4,id,SS5,1,1081822447,success,success,61,61,-0.24146084808213222,-0.24104960562356983,True,False,True
ppo,4,id,SS5,2,953709142,success,success,59,59,-0.22801236374744108,-0.22651350565106393,True,False,True
ppo,4,id,SS5,3,1842599450,success,success,63,63,-0.25263199345662257,-0.22622687076319165,True,False,True
ppo,4,id,SS5,4,1337608328,success,success,67,68,-0.22290189096352778,-0.2028674890041846,True,False,True
ppo,4,id,SS5,5,1236210681,success,success,66,66,-0.24688236406473135,-0.26414244369186196,True,False,True
ppo,4,id,SS5,6,1293852831,success,success,62,62,-0.26819798771910275,-0.24281209081759136,True,False,True
ppo,4,id,SS5,7,737057067,success,success,61,61,-0.24591929542197905,-0.22045303202873764,True,False,True
ppo,4,id,SS5,8,1065105648,success,success,60,60,-0.23558055291753952,-0.24649187801735892,True,False,True
ppo,4,id,SS5,9,249755962,success,success,61,61,-0.25281695591847075,-0.25215804265079744,True,False,True
ppo,4,id,SS5,10,1282958506,success,success,62,62,-0.21863303014037794,-0.23569014615748923,True,False,True
ppo,4,id,SS5,11,1072639523,success,success,65,65,-0.25753648784628563,-0.2637180114038866,True,False,True
ppo,4,id,SS6,0,1490732229,success,success,60,60,-0.2450564473931575,-0.2500287045574628,True,False,True
ppo,4,id,SS6,1,2117260245,success,success,62,62,-0.21696650712696486,-0.2526130384475136,True,False,True
ppo,4,id,SS6,2,1867446106,success,success,63,62,-0.2210789765934717,-0.23400012456699715,True,False,True
ppo,4,id,SS6,3,349236203,success,success,61,61,-0.24924757514905782,-0.2611525268028582,True,False,True
ppo,4,id,SS6,4,1896452608,success,success,61,61,-0.25011713613432923,-0.2507633332992744,True,False,True
ppo,4,id,SS6,5,384627516,success,success,64,64,-0.23958392902993025,-0.23935353715352484,True,False,True
ppo,4,id,SS6,6,2144706323,success,success,66,65,-0.2489788153301885,-0.2370011238456825,True,False,True
ppo,4,id,SS6,7,2012805540,success,success,64,63,-0.23678837505926523,-0.2597552943354905,True,False,True
ppo,4,id,SS6,8,1442354209,success,success,63,63,-0.27534205763188835,-0.2618082024617806,True,False,True
ppo,4,id,SS6,9,903867449,success,hard_landing,60,60,-0.2429429164600682,-0.21282438822247574,False,False,True
ppo,4,id,SS6,10,1323121477,hard_landing,hard_landing,65,52,-0.2495134174442884,-0.19375836109399155,True,False,True
ppo,4,id,SS6,11,1781395626,success,success,61,61,-0.2539718316335348,-0.2565454578985333,True,False,True
residual_ppo_forecast,0,id,SS3,0,1520178405,success,success,84,84,-0.23319779462188323,-0.2708349354684942,True,False,True
residual_ppo_forecast,0,id,SS3,1,719968530,success,success,84,84,-0.24393509323084198,-0.2612989285742946,True,False,True
residual_ppo_forecast,0,id,SS3,2,1033372514,success,success,80,79,-0.25312222448896743,-0.26820429978414,True,False,True
residual_ppo_forecast,0,id,SS3,3,379898598,success,success,72,72,-0.2508621241015357,-0.2396116505230799,True,False,True
residual_ppo_forecast,0,id,SS3,4,1189676213,success,success,82,81,-0.2555887883131665,-0.2508538237461956,True,False,True
residual_ppo_forecast,0,id,SS3,5,558736479,success,success,76,76,-0.2709639761613386,-0.2726922887926669,True,False,True
residual_ppo_forecast,0,id,SS3,6,1156695222,success,success,68,68,-0.2597153913956159,-0.2553256867422574,True,False,True
residual_ppo_forecast,0,id,SS3,7,1139605222,success,success,76,75,-0.2509422018337838,-0.2552093005191952,True,False,True
residual_ppo_forecast,0,id,SS3,8,899600238,success,success,74,74,-0.24836715497415376,-0.2657276706406736,True,False,True
residual_ppo_forecast,0,id,SS3,9,35049575,success,success,72,72,-0.2515435870120684,-0.26483523727423686,True,False,True
residual_ppo_forecast,0,id,SS3,10,1542540426,success,success,82,82,-0.25348284988014763,-0.2631213597012015,True,False,True
residual_ppo_forecast,0,id,SS3,11,965327443,success,success,82,82,-0.24524897668734078,-0.26022697689150137,True,False,True
residual_ppo_forecast,0,id,SS3,12,2092881167,success,success,74,74,-0.26392195731807067,-0.26832659719547036,True,False,True
residual_ppo_forecast,0,id,SS4,0,977198590,success,success,84,84,-0.25215154109743626,-0.2688103499036219,True,False,True
residual_ppo_forecast,0,id,SS4,1,1071247665,success,success,77,77,-0.253035532413467,-0.26120798187469274,True,False,True
residual_ppo_forecast,0,id,SS4,2,57131827,success,success,65,66,-0.24640213092040314,-0.25759809903533665,True,False,True
residual_ppo_forecast,0,id,SS4,3,1806882220,success,success,84,85,-0.24947265899141072,-0.2755841700859884,True,False,True
residual_ppo_forecast,0,id,SS4,4,1467825707,success,success,74,74,-0.24966959546415435,-0.2507421282241563,True,False,True
residual_ppo_forecast,0,id,SS4,5,1460585141,success,success,82,82,-0.26489618932158326,-0.24225212414558184,True,False,True
residual_ppo_forecast,0,id,SS4,6,1383413671,success,success,83,82,-0.27097462764400604,-0.25878119287590046,True,False,True
residual_ppo_forecast,0,id,SS4,7,636405973,success,success,71,71,-0.2607856624230606,-0.2518986250622263,True,False,True
residual_ppo_forecast,0,id,SS4,8,114257208,success,success,65,65,-0.2500430201390598,-0.26559767587689165,True,False,True
residual_ppo_forecast,0,id,SS4,9,2048447269,success,success,73,72,-0.23673757097526146,-0.25187499501026384,True,False,True
residual_ppo_forecast,0,id,SS4,10,75654190,success,success,81,81,-0.2684703159610883,-0.274447969631944,True,False,True
residual_ppo_forecast,0,id,SS4,11,2018301507,success,success,85,85,-0.26539562851776705,-0.2422877843867039,True,False,True
residual_ppo_forecast,0,id,SS4,12,1949201741,success,success,66,66,-0.25383502799623797,-0.23645608240517538,True,False,True
residual_ppo_forecast,0,id,SS5,0,578769763,success,success,72,72,-0.26766854888153924,-0.2642323019147397,True,False,True
residual_ppo_forecast,0,id,SS5,1,1081822447,success,success,74,73,-0.25948164270525176,-0.279206941770341,True,False,True
residual_ppo_forecast,0,id,SS5,2,953709142,success,success,70,70,-0.2598340541412639,-0.2724291027585207,True,False,True
residual_ppo_forecast,0,id,SS5,3,1842599450,success,success,80,79,-0.2518342501366873,-0.2534671821311391,True,False,True
residual_ppo_forecast,0,id,SS5,4,1337608328,success,success,85,85,-0.23624185796532907,-0.2503628754296504,True,False,True
residual_ppo_forecast,0,id,SS5,5,1236210681,success,success,77,77,-0.24884222816859708,-0.2551040721784597,True,False,True
residual_ppo_forecast,0,id,SS5,6,1293852831,success,success,79,79,-0.28041603515551966,-0.2600128330851663,True,False,True
residual_ppo_forecast,0,id,SS5,7,737057067,success,success,71,71,-0.25649772324883446,-0.262250757846805,True,False,True
residual_ppo_forecast,0,id,SS5,8,1065105648,success,success,67,67,-0.2485268353768447,-0.24332512111449847,True,False,True
residual_ppo_forecast,0,id,SS5,9,249755962,success,success,72,71,-0.2633416216444318,-0.2730469305887193,True,False,True
residual_ppo_forecast,0,id,SS5,10,1282958506,success,success,74,74,-0.248847695136453,-0.27397533544486596,True,False,True
residual_ppo_forecast,0,id,SS5,11,1072639523,success,success,78,79,-0.2633214248902798,-0.24256491079425588,True,False,True
residual_ppo_forecast,0,id,SS6,0,1490732229,success,success,74,74,-0.27853011139194983,-0.2677728551354706,True,False,True
residual_ppo_forecast,0,id,SS6,1,2117260245,success,success,72,72,-0.2355187946364293,-0.23988837693462955,True,False,True
residual_ppo_forecast,0,id,SS6,2,1867446106,success,success,81,81,-0.2685222936175115,-0.25504866919974484,True,False,True
residual_ppo_forecast,0,id,SS6,3,349236203,success,success,71,71,-0.2771675031461079,-0.2786807536296008,True,False,True
residual_ppo_forecast,0,id,SS6,4,1896452608,success,success,72,72,-0.2577518120321902,-0.2505820285724936,True,False,True
residual_ppo_forecast,0,id,SS6,5,384627516,success,success,71,71,-0.2507537704898502,-0.25727459985438267,True,False,True
residual_ppo_forecast,0,id,SS6,6,2144706323,success,success,76,76,-0.25042404556712283,-0.2505939835439951,True,False,True
residual_ppo_forecast,0,id,SS6,7,2012805540,success,success,79,79,-0.27094439699466216,-0.24909133643848091,True,False,True
residual_ppo_forecast,0,id,SS6,8,1442354209,success,success,73,73,-0.23800272360403016,-0.2388939174948919,True,False,True
residual_ppo_forecast,0,id,SS6,9,903867449,success,success,68,68,-0.26136060750874646,-0.26342016136848256,True,False,True
residual_ppo_forecast,0,id,SS6,10,1323121477,success,success,83,82,-0.26405946179100304,-0.26684339334451723,True,False,True
residual_ppo_forecast,0,id,SS6,11,1781395626,success,success,75,76,-0.24152935716349266,-0.2518397001169184,True,False,True
residual_ppo_forecast,4,id,SS3,0,1520178405,success,success,82,82,-0.2452966617480671,-0.2576926946978211,True,False,True
residual_ppo_forecast,4,id,SS3,1,719968530,success,success,83,83,-0.2738526952623236,-0.2722383300927366,True,False,True
residual_ppo_forecast,4,id,SS3,2,1033372514,success,success,81,81,-0.24686357949841198,-0.24175025222029753,True,False,True
residual_ppo_forecast,4,id,SS3,3,379898598,success,success,71,71,-0.28226843889188563,-0.25242922031699166,True,False,True
residual_ppo_forecast,4,id,SS3,4,1189676213,success,success,78,78,-0.27425543130779084,-0.24536588972000406,True,False,True
residual_ppo_forecast,4,id,SS3,5,558736479,success,success,75,75,-0.25962256309367293,-0.2557181722684298,True,False,True
residual_ppo_forecast,4,id,SS3,6,1156695222,success,success,67,67,-0.2792017366110028,-0.27630923115182904,True,False,True
residual_ppo_forecast,4,id,SS3,7,1139605222,success,success,75,75,-0.2568979358913516,-0.24794037950790526,True,False,True
residual_ppo_forecast,4,id,SS3,8,899600238,success,success,73,74,-0.277814819035288,-0.2502090540332632,True,False,True
residual_ppo_forecast,4,id,SS3,9,35049575,success,success,73,72,-0.2591717528270366,-0.2574807734364105,True,False,True
residual_ppo_forecast,4,id,SS3,10,1542540426,success,success,82,82,-0.24865063087926628,-0.2578956726058848,True,False,True
residual_ppo_forecast,4,id,SS3,11,965327443,success,success,81,81,-0.2615983545891706,-0.24903046145319105,True,False,True
residual_ppo_forecast,4,id,SS3,12,2092881167,success,success,73,73,-0.2485063518098924,-0.25025715437928503,True,False,True
residual_ppo_forecast,4,id,SS4,0,977198590,success,success,82,82,-0.26635820653064657,-0.2534139527155765,True,False,True
residual_ppo_forecast,4,id,SS4,1,1071247665,success,success,77,77,-0.25238422477210976,-0.2602122111741382,True,False,True
residual_ppo_forecast,4,id,SS4,2,57131827,success,success,64,64,-0.2566936896182537,-0.24994591263036833,True,False,True
residual_ppo_forecast,4,id,SS4,3,1806882220,success,success,84,84,-0.282091226877305,-0.2851952104993547,True,False,True
residual_ppo_forecast,4,id,SS4,4,1467825707,success,success,73,73,-0.2413540802811344,-0.24859073306426918,True,False,True
residual_ppo_forecast,4,id,SS4,5,1460585141,success,success,80,80,-0.2413010335935319,-0.23535213485346287,True,False,True
residual_ppo_forecast,4,id,SS4,6,1383413671,success,success,82,82,-0.2513934471198131,-0.2530337124607234,True,False,True
residual_ppo_forecast,4,id,SS4,7,636405973,success,success,72,71,-0.2586973315104827,-0.2334678090368694,True,False,True
residual_ppo_forecast,4,id,SS4,8,114257208,success,success,66,65,-0.2606832149392953,-0.25280344207571087,True,False,True
residual_ppo_forecast,4,id,SS4,9,2048447269,success,success,72,72,-0.2763732671953582,-0.2499737702104107,True,False,True
residual_ppo_forecast,4,id,SS4,10,75654190,success,success,80,80,-0.2729019998101639,-0.2529195480994725,True,False,True
residual_ppo_forecast,4,id,SS4,11,2018301507,success,success,84,84,-0.24265693824762363,-0.26458781864064673,True,False,True
residual_ppo_forecast,4,id,SS4,12,1949201741,success,success,66,66,-0.23339063037882204,-0.2486979808592488,True,False,True
residual_ppo_forecast,4,id,SS5,0,578769763,success,success,72,72,-0.252237822094147,-0.26819935400209705,True,False,True
residual_ppo_forecast,4,id,SS5,1,1081822447,success,success,73,73,-0.2619355411761357,-0.27218393415832015,True,False,True
residual_ppo_forecast,4,id,SS5,2,953709142,success,success,70,70,-0.2651728814473909,-0.26203271241790965,True,False,True
residual_ppo_forecast,4,id,SS5,3,1842599450,success,success,79,79,-0.26148950245391295,-0.2587731455146332,True,False,True
residual_ppo_forecast,4,id,SS5,4,1337608328,success,success,84,85,-0.26659955228593013,-0.2561118569623272,True,False,True
residual_ppo_forecast,4,id,SS5,5,1236210681,success,success,77,77,-0.24675013467973278,-0.2529401545677563,True,False,True
residual_ppo_forecast,4,id,SS5,6,1293852831,success,success,80,79,-0.25030194005350737,-0.2576729494215628,True,False,True
residual_ppo_forecast,4,id,SS5,7,737057067,success,success,71,70,-0.2361144935006035,-0.2575701021058951,True,False,True
residual_ppo_forecast,4,id,SS5,8,1065105648,success,success,67,67,-0.25877709381132313,-0.24637077582351055,True,False,True
residual_ppo_forecast,4,id,SS5,9,249755962,success,success,72,72,-0.24746343062219567,-0.26918744588283133,True,False,True
residual_ppo_forecast,4,id,SS5,10,1282958506,success,success,74,74,-0.2588198592079851,-0.24028320200385336,True,False,True
residual_ppo_forecast,4,id,SS5,11,1072639523,success,success,78,78,-0.25840318677733043,-0.25359951969397976,True,False,True
residual_ppo_forecast,4,id,SS6,0,1490732229,success,success,75,75,-0.2754695511950224,-0.2745742099106793,True,False,True
residual_ppo_forecast,4,id,SS6,1,2117260245,success,success,71,70,-0.2657111445148153,-0.22977853902571194,True,False,True
residual_ppo_forecast,4,id,SS6,2,1867446106,success,success,79,79,-0.24561282516754224,-0.2573521880408383,True,False,True
residual_ppo_forecast,4,id,SS6,3,349236203,success,success,72,72,-0.24700918806015265,-0.2445243285497235,True,False,True
residual_ppo_forecast,4,id,SS6,4,1896452608,success,success,71,71,-0.2683015850311877,-0.24708081269327128,True,False,True
residual_ppo_forecast,4,id,SS6,5,384627516,success,success,73,73,-0.25503746201904354,-0.2691674325027929,True,False,True
residual_ppo_forecast,4,id,SS6,6,2144706323,success,success,78,78,-0.2580464116628553,-0.23006637672294983,True,False,True
residual_ppo_forecast,4,id,SS6,7,2012805540,success,success,77,77,-0.27324956617755236,-0.2557915626476134,True,False,True
residual_ppo_forecast,4,id,SS6,8,1442354209,success,success,73,73,-0.25313370139286717,-0.23934673588524455,True,False,True
residual_ppo_forecast,4,id,SS6,9,903867449,success,success,69,68,-0.27222504337739734,-0.24121001481233037,True,False,True
residual_ppo_forecast,4,id,SS6,10,1323121477,success,hard_landing,79,65,-0.2691015896623346,-0.27121827738981685,False,False,True
residual_ppo_forecast,4,id,SS6,11,1781395626,success,success,75,75,-0.2673245072309031,-0.27378403616810476,True,False,True
