method,privileged,run_seed,pad,regime,ss,source,n_episodes,n_success,n_tunnelled,n_success_tunnelled,tunnelling_penetration_m
ppo,False,0,aft,id,SS3,flown here,200,141,9,6,0.005
ppo,False,0,aft,id,SS4,flown here,200,150,5,2,0.005
ppo,False,0,aft,id,SS5,flown here,200,143,11,8,0.005
ppo,False,0,aft,id,SS6,flown here,200,133,19,11,0.005
ppo,False,1,aft,id,SS3,flown here,200,172,14,6,0.005
ppo,False,1,aft,id,SS4,flown here,200,172,15,9,0.005
ppo,False,1,aft,id,SS5,flown here,200,166,10,8,0.005
ppo,False,1,aft,id,SS6,flown here,200,153,18,13,0.005
ppo,False,2,aft,id,SS3,flown here,200,155,6,4,0.005
ppo,False,2,aft,id,SS4,flown here,200,165,9,5,0.005
ppo,False,2,aft,id,SS5,flown here,200,159,10,7,0.005
ppo,False,2,aft,id,SS6,flown here,200,150,10,7,0.005
ppo,False,3,aft,id,SS3,flown here,200,152,17,11,0.005
ppo,False,3,aft,id,SS4,flown here,200,152,16,9,0.005
ppo,False,3,aft,id,SS5,flown here,200,150,16,9,0.005
ppo,False,3,aft,id,SS6,flown here,200,151,24,13,0.005
ppo,False,4,aft,id,SS3,flown here,200,183,6,4,0.005
ppo,False,4,aft,id,SS4,flown here,200,182,8,6,0.005
ppo,False,4,aft,id,SS5,flown here,200,171,10,5,0.005
ppo,False,4,aft,id,SS6,flown here,200,168,20,14,0.005
sac,False,0,aft,id,SS3,flown here,200,73,101,26,0.005
sac,False,0,aft,id,SS4,flown here,200,70,102,29,0.005
sac,False,0,aft,id,SS5,flown here,200,61,97,20,0.005
sac,False,0,aft,id,SS6,flown here,200,41,93,16,0.005
sac,False,1,aft,id,SS3,flown here,200,26,120,15,0.005
sac,False,1,aft,id,SS4,flown here,200,30,111,13,0.005
sac,False,1,aft,id,SS5,flown here,200,30,104,23,0.005
sac,False,1,aft,id,SS6,flown here,200,5,97,3,0.005
sac,False,2,aft,id,SS3,flown here,200,22,88,9,0.005
sac,False,2,aft,id,SS4,flown here,200,26,91,6,0.005
sac,False,2,aft,id,SS5,flown here,200,28,108,13,0.005
sac,False,2,aft,id,SS6,flown here,200,15,91,9,0.005
sac,False,3,aft,id,SS3,flown here,200,50,117,13,0.005
sac,False,3,aft,id,SS4,flown here,200,40,113,16,0.005
sac,False,3,aft,id,SS5,flown here,200,34,111,13,0.005
sac,False,3,aft,id,SS6,flown here,200,23,122,9,0.005
sac,False,4,aft,id,SS3,flown here,200,39,117,10,0.005
sac,False,4,aft,id,SS4,flown here,200,29,98,9,0.005
sac,False,4,aft,id,SS5,flown here,200,31,96,13,0.005
sac,False,4,aft,id,SS6,flown here,200,25,90,12,0.005
residual_ppo,False,0,aft,id,SS3,flown here,200,5,6,0,0.005
residual_ppo,False,0,aft,id,SS4,flown here,200,7,8,0,0.005
residual_ppo,False,0,aft,id,SS5,flown here,200,10,6,3,0.005
residual_ppo,False,0,aft,id,SS6,flown here,200,5,11,1,0.005
residual_ppo,False,1,aft,id,SS3,flown here,200,10,7,0,0.005
residual_ppo,False,1,aft,id,SS4,flown here,200,12,12,1,0.005
residual_ppo,False,1,aft,id,SS5,flown here,200,6,15,0,0.005
residual_ppo,False,1,aft,id,SS6,flown here,200,16,9,0,0.005
residual_ppo,False,2,aft,id,SS3,flown here,200,5,12,0,0.005
residual_ppo,False,2,aft,id,SS4,flown here,200,3,5,0,0.005
residual_ppo,False,2,aft,id,SS5,flown here,200,5,9,1,0.005
residual_ppo,False,2,aft,id,SS6,flown here,200,5,14,1,0.005
residual_ppo,False,3,aft,id,SS3,flown here,200,4,8,0,0.005
residual_ppo,False,3,aft,id,SS4,flown here,200,8,7,0,0.005
residual_ppo,False,3,aft,id,SS5,flown here,200,5,9,1,0.005
residual_ppo,False,3,aft,id,SS6,flown here,200,6,17,2,0.005
residual_ppo,False,4,aft,id,SS3,flown here,200,5,8,1,0.005
residual_ppo,False,4,aft,id,SS4,flown here,200,1,10,0,0.005
residual_ppo,False,4,aft,id,SS5,flown here,200,4,5,0,0.005
residual_ppo,False,4,aft,id,SS6,flown here,200,8,9,1,0.005
ppo_forecast,False,0,aft,id,SS3,flown here,200,197,0,0,0.005
ppo_forecast,False,0,aft,id,SS4,flown here,200,182,2,2,0.005
ppo_forecast,False,0,aft,id,SS5,flown here,200,192,1,0,0.005
ppo_forecast,False,0,aft,id,SS6,flown here,200,179,6,3,0.005
ppo_forecast,False,1,aft,id,SS3,flown here,200,195,2,1,0.005
ppo_forecast,False,1,aft,id,SS4,flown here,200,196,0,0,0.005
ppo_forecast,False,1,aft,id,SS5,flown here,200,195,2,2,0.005
ppo_forecast,False,1,aft,id,SS6,flown here,200,186,5,3,0.005
ppo_forecast,False,2,aft,id,SS3,flown here,200,195,3,3,0.005
ppo_forecast,False,2,aft,id,SS4,flown here,200,197,5,5,0.005
ppo_forecast,False,2,aft,id,SS5,flown here,200,190,1,1,0.005
ppo_forecast,False,2,aft,id,SS6,flown here,200,179,8,6,0.005
ppo_forecast,False,3,aft,id,SS3,flown here,200,187,0,0,0.005
ppo_forecast,False,3,aft,id,SS4,flown here,200,187,3,2,0.005
ppo_forecast,False,3,aft,id,SS5,flown here,200,188,2,1,0.005
ppo_forecast,False,3,aft,id,SS6,flown here,200,178,6,3,0.005
ppo_forecast,False,4,aft,id,SS3,flown here,200,188,2,2,0.005
ppo_forecast,False,4,aft,id,SS4,flown here,200,188,3,3,0.005
ppo_forecast,False,4,aft,id,SS5,flown here,200,193,2,1,0.005
ppo_forecast,False,4,aft,id,SS6,flown here,200,181,12,9,0.005
residual_ppo_forecast,False,0,aft,id,SS3,flown here,200,6,17,0,0.005
residual_ppo_forecast,False,0,aft,id,SS4,flown here,200,4,4,1,0.005
residual_ppo_forecast,False,0,aft,id,SS5,flown here,200,5,15,0,0.005
residual_ppo_forecast,False,0,aft,id,SS6,flown here,200,13,17,2,0.005
residual_ppo_forecast,False,1,aft,id,SS3,flown here,200,6,8,0,0.005
residual_ppo_forecast,False,1,aft,id,SS4,flown here,200,11,7,0,0.005
residual_ppo_forecast,False,1,aft,id,SS5,flown here,200,9,8,0,0.005
residual_ppo_forecast,False,1,aft,id,SS6,flown here,200,8,9,0,0.005
residual_ppo_forecast,False,2,aft,id,SS3,flown here,200,14,9,0,0.005
residual_ppo_forecast,False,2,aft,id,SS4,flown here,200,9,7,0,0.005
residual_ppo_forecast,False,2,aft,id,SS5,flown here,200,5,7,0,0.005
residual_ppo_forecast,False,2,aft,id,SS6,flown here,200,12,17,0,0.005
residual_ppo_forecast,False,3,aft,id,SS3,flown here,200,10,7,0,0.005
residual_ppo_forecast,False,3,aft,id,SS4,flown here,200,6,11,0,0.005
residual_ppo_forecast,False,3,aft,id,SS5,flown here,200,7,17,1,0.005
residual_ppo_forecast,False,3,aft,id,SS6,flown here,200,8,15,0,0.005
residual_ppo_forecast,False,4,aft,id,SS3,flown here,200,22,10,2,0.005
residual_ppo_forecast,False,4,aft,id,SS4,flown here,200,25,12,2,0.005
residual_ppo_forecast,False,4,aft,id,SS5,flown here,200,21,14,1,0.005
residual_ppo_forecast,False,4,aft,id,SS6,flown here,200,27,11,2,0.005
ppo_sinusoid,False,0,aft,id,SS3,flown here,200,118,9,1,0.005
ppo_sinusoid,False,0,aft,id,SS4,flown here,200,136,7,5,0.005
ppo_sinusoid,False,0,aft,id,SS5,flown here,200,125,7,4,0.005
ppo_sinusoid,False,0,aft,id,SS6,flown here,200,121,11,4,0.005
ppo_sinusoid,False,1,aft,id,SS3,flown here,200,157,7,4,0.005
ppo_sinusoid,False,1,aft,id,SS4,flown here,200,171,9,6,0.005
ppo_sinusoid,False,1,aft,id,SS5,flown here,200,149,9,4,0.005
ppo_sinusoid,False,1,aft,id,SS6,flown here,200,148,17,9,0.005
ppo_sinusoid,False,2,aft,id,SS3,flown here,200,143,5,3,0.005
ppo_sinusoid,False,2,aft,id,SS4,flown here,200,143,8,3,0.005
ppo_sinusoid,False,2,aft,id,SS5,flown here,200,146,16,7,0.005
ppo_sinusoid,False,2,aft,id,SS6,flown here,200,142,17,7,0.005
ppo_sinusoid,False,3,aft,id,SS3,flown here,200,116,11,5,0.005
ppo_sinusoid,False,3,aft,id,SS4,flown here,200,118,12,4,0.005
ppo_sinusoid,False,3,aft,id,SS5,flown here,200,106,14,8,0.005
ppo_sinusoid,False,3,aft,id,SS6,flown here,200,97,24,12,0.005
ppo_sinusoid,False,4,aft,id,SS3,flown here,200,164,10,5,0.005
ppo_sinusoid,False,4,aft,id,SS4,flown here,200,162,8,6,0.005
ppo_sinusoid,False,4,aft,id,SS5,flown here,200,156,9,5,0.005
ppo_sinusoid,False,4,aft,id,SS6,flown here,200,149,21,9,0.005
pid_track_descend,False,0,aft,id,SS3,flown here,200,43,0,0,0.005
pid_track_descend,False,0,aft,id,SS4,flown here,200,45,0,0,0.005
pid_track_descend,False,0,aft,id,SS5,flown here,200,44,1,0,0.005
pid_track_descend,False,0,aft,id,SS6,flown here,200,49,0,0,0.005
pid_feedforward,False,0,aft,id,SS3,flown here,200,0,2,0,0.005
pid_feedforward,False,0,aft,id,SS4,flown here,200,0,5,0,0.005
pid_feedforward,False,0,aft,id,SS5,flown here,200,0,9,0,0.005
pid_feedforward,False,0,aft,id,SS6,flown here,200,1,9,0,0.005
pid_feedforward_lowvz,False,0,aft,id,SS3,flown here,200,15,1,0,0.005
pid_feedforward_lowvz,False,0,aft,id,SS4,flown here,200,11,2,0,0.005
pid_feedforward_lowvz,False,0,aft,id,SS5,flown here,200,18,3,0,0.005
pid_feedforward_lowvz,False,0,aft,id,SS6,flown here,200,12,5,1,0.005
pid_feedforward_lowvz_cut,False,0,aft,id,SS3,flown here,200,83,55,26,0.005
pid_feedforward_lowvz_cut,False,0,aft,id,SS4,flown here,200,85,48,18,0.005
pid_feedforward_lowvz_cut,False,0,aft,id,SS5,flown here,200,93,56,20,0.005
pid_feedforward_lowvz_cut,False,0,aft,id,SS6,flown here,200,78,51,14,0.005
gated,False,0,aft,id,SS3,flown here,200,0,0,0,0.005
gated,False,0,aft,id,SS4,flown here,200,0,0,0,0.005
gated,False,0,aft,id,SS5,flown here,200,0,0,0,0.005
gated,False,0,aft,id,SS6,flown here,200,0,0,0,0.005
oracle_gated,True,0,aft,id,SS3,flown here,200,0,0,0,0.005
oracle_gated,True,0,aft,id,SS4,flown here,200,0,0,0,0.005
oracle_gated,True,0,aft,id,SS5,flown here,200,0,0,0,0.005
oracle_gated,True,0,aft,id,SS6,flown here,200,0,0,0,0.005
