method,privileged,run_seed,regime,ss,n_episodes,n_success,success_rate,success_wilson_lo,success_wilson_hi,frac_crash,frac_off_pad,frac_hard_landing,frac_bounce,frac_success,frac_timeout,n_touchdowns,rel_vz_normal_p50_m_s,rel_vz_normal_p95_m_s,rel_vz_world_z_p50_m_s,rel_vz_world_z_p95_m_s,lateral_p50_m,lateral_p95_m,rel_tilt_p95_deg,time_to_touchdown_mean_s,time_to_touchdown_p50_s,effort_mean_sq,action_jerk_mean,disagreement_n,disagreement_rate,tunnelling_n,max_penetration_m,frac_in_training_distribution,n_reason_ground_contact,n_reason_off_plate_strike,n_reason_tilt_gt_crash,n_reason_below_deck,n_reason_out_of_bounds,n_reason_dwell_complete,n_reason_release,n_reason_time_limit,controller_config_sha256,python,numpy,torch,sb3,gymnasium,pybullet,dmf_sha,gpd_sha,success_yaml_sha256,landing_yaml_sha256,observation_yaml_sha256,noise_yaml_sha256,episodes_manifest_sha256,generator_seed,v_max_m_s,driver
pid_track_descend,False,0,id,SS3,200,200,1.0,0.9811546736227335,1.0,0.0,0.0,0.0,0.0,1.0,0.0,200,0.2378581514410156,0.3084758209616655,0.23778522531096877,0.3088640775250846,0.021086919661205593,0.039537606535527105,3.9401259662686723,4.610854166666667,4.616666666666667,0.02441055319433735,0.00301540505962017,0,0.0,0,-0.0027747478073097175,0.755,0,0,0,0,0,200,0,0,5d6aef5553054cbb1e7e50628474e64fc986303bacd34fb51030870cda4282e5,3.12.3,2.5.2,2.13.0,2.9.0,1.3.0,3.2.7,e9fa15cc35312a5c1ecf0c42668a690b5061c090,7ebad1ecabd28a7000add2d05f888aa2e837c2cc,c7fbdcc4df48bd4a2cfe21811613e5e50e3e4868822fe6dddd13745d96692118,b98d65cc5e34337369dcd4d69d63651cc2c99c19e8494199e8b5ec9e06c8b87f,3ee7e46399aea60603c767e0a604e79e7db233924ce71fe027a1ccc1623b7eb0,7beb41daec3d6a34c6da7696c56a982667957298f017ebe137829282b6ce7985,e6f30e55e478d39061b94e38de33959ca99b16e8cac38a3bd99b34f6543ad4a2,20260924,1.5,kinematic
pid_track_descend,False,0,id,SS4,200,192,0.96,0.923067931799067,0.9795943679338476,0.0,0.0,0.02,0.02,0.96,0.0,200,0.25374074131917296,0.41166211982936735,0.2544118170897268,0.4116075418223006,0.021473509927311077,0.04194739129458693,4.753353972363465,4.62675,4.591666666666667,0.024399700510961346,0.003057863405482176,0,0.0,0,-0.004985198069492471,0.75,0,0,0,0,0,195,5,0,5d6aef5553054cbb1e7e50628474e64fc986303bacd34fb51030870cda4282e5,3.12.3,2.5.2,2.13.0,2.9.0,1.3.0,3.2.7,e9fa15cc35312a5c1ecf0c42668a690b5061c090,7ebad1ecabd28a7000add2d05f888aa2e837c2cc,c7fbdcc4df48bd4a2cfe21811613e5e50e3e4868822fe6dddd13745d96692118,b98d65cc5e34337369dcd4d69d63651cc2c99c19e8494199e8b5ec9e06c8b87f,3ee7e46399aea60603c767e0a604e79e7db233924ce71fe027a1ccc1623b7eb0,7beb41daec3d6a34c6da7696c56a982667957298f017ebe137829282b6ce7985,e6f30e55e478d39061b94e38de33959ca99b16e8cac38a3bd99b34f6543ad4a2,20260924,1.5,kinematic
pid_track_descend,False,0,id,SS5,200,170,0.85,0.7939442071583334,0.89286406437758,0.0,0.0,0.06,0.09,0.85,0.0,200,0.3031533145110863,0.5251229641631405,0.30319511001306765,0.5247407648591473,0.018598562189508817,0.03730302194838087,7.502176146984847,4.587395833333334,4.541666666666666,0.024276852059510787,0.0031216597307705198,0,0.0,4,-0.006498021935827149,0.745,0,0,0,0,0,173,27,0,5d6aef5553054cbb1e7e50628474e64fc986303bacd34fb51030870cda4282e5,3.12.3,2.5.2,2.13.0,2.9.0,1.3.0,3.2.7,e9fa15cc35312a5c1ecf0c42668a690b5061c090,7ebad1ecabd28a7000add2d05f888aa2e837c2cc,c7fbdcc4df48bd4a2cfe21811613e5e50e3e4868822fe6dddd13745d96692118,b98d65cc5e34337369dcd4d69d63651cc2c99c19e8494199e8b5ec9e06c8b87f,3ee7e46399aea60603c767e0a604e79e7db233924ce71fe027a1ccc1623b7eb0,7beb41daec3d6a34c6da7696c56a982667957298f017ebe137829282b6ce7985,e6f30e55e478d39061b94e38de33959ca99b16e8cac38a3bd99b34f6543ad4a2,20260924,1.5,kinematic
pid_track_descend,False,0,id,SS6,200,160,0.8,0.7391448134346212,0.8495479907390189,0.0,0.0,0.085,0.115,0.8,0.0,200,0.2867080343056333,0.5024469078252016,0.28983530208809827,0.5021736391908039,0.020904205324439963,0.040497359083675105,13.949215518856903,4.629708333333333,4.645833333333334,0.024534082453077883,0.003410255838830684,0,0.0,2,-0.006335133722248367,0.0,0,0,0,0,0,173,27,0,5d6aef5553054cbb1e7e50628474e64fc986303bacd34fb51030870cda4282e5,3.12.3,2.5.2,2.13.0,2.9.0,1.3.0,3.2.7,e9fa15cc35312a5c1ecf0c42668a690b5061c090,7ebad1ecabd28a7000add2d05f888aa2e837c2cc,c7fbdcc4df48bd4a2cfe21811613e5e50e3e4868822fe6dddd13745d96692118,b98d65cc5e34337369dcd4d69d63651cc2c99c19e8494199e8b5ec9e06c8b87f,3ee7e46399aea60603c767e0a604e79e7db233924ce71fe027a1ccc1623b7eb0,7beb41daec3d6a34c6da7696c56a982667957298f017ebe137829282b6ce7985,e6f30e55e478d39061b94e38de33959ca99b16e8cac38a3bd99b34f6543ad4a2,20260924,1.5,kinematic
pid_track_descend,False,0,unseen_seastate,SS6,200,162,0.81,0.7499876129240015,0.8583282847220932,0.0,0.0,0.075,0.115,0.81,0.0,200,0.2818295304187395,0.49698099921122957,0.2838903875448836,0.4976115986427193,0.01968432278142633,0.03893159668555743,14.300487534955165,4.538708333333333,4.489583333333333,0.02415634442414308,0.0033583646122426858,1,0.005,1,-0.0064941322929771795,0.0,0,0,0,0,0,169,31,0,5d6aef5553054cbb1e7e50628474e64fc986303bacd34fb51030870cda4282e5,3.12.3,2.5.2,2.13.0,2.9.0,1.3.0,3.2.7,e9fa15cc35312a5c1ecf0c42668a690b5061c090,7ebad1ecabd28a7000add2d05f888aa2e837c2cc,c7fbdcc4df48bd4a2cfe21811613e5e50e3e4868822fe6dddd13745d96692118,b98d65cc5e34337369dcd4d69d63651cc2c99c19e8494199e8b5ec9e06c8b87f,3ee7e46399aea60603c767e0a604e79e7db233924ce71fe027a1ccc1623b7eb0,7beb41daec3d6a34c6da7696c56a982667957298f017ebe137829282b6ce7985,e6f30e55e478d39061b94e38de33959ca99b16e8cac38a3bd99b34f6543ad4a2,20260924,1.5,kinematic
pid_track_descend,False,0,unseen_heading,SS3,200,200,1.0,0.9811546736227335,1.0,0.0,0.0,0.0,0.0,1.0,0.0,200,0.23171578590538142,0.25819168778185003,0.23174826154567252,0.2579933119496206,0.020856640665093143,0.04041262431739593,4.0266327664040835,4.683541666666667,4.714583333333334,0.024581598552596232,0.003086567219714523,0,0.0,0,-0.0022845995404363016,0.0,0,0,0,0,0,200,0,0,5d6aef5553054cbb1e7e50628474e64fc986303bacd34fb51030870cda4282e5,3.12.3,2.5.2,2.13.0,2.9.0,1.3.0,3.2.7,e9fa15cc35312a5c1ecf0c42668a690b5061c090,7ebad1ecabd28a7000add2d05f888aa2e837c2cc,c7fbdcc4df48bd4a2cfe21811613e5e50e3e4868822fe6dddd13745d96692118,b98d65cc5e34337369dcd4d69d63651cc2c99c19e8494199e8b5ec9e06c8b87f,3ee7e46399aea60603c767e0a604e79e7db233924ce71fe027a1ccc1623b7eb0,7beb41daec3d6a34c6da7696c56a982667957298f017ebe137829282b6ce7985,e6f30e55e478d39061b94e38de33959ca99b16e8cac38a3bd99b34f6543ad4a2,20260924,1.5,kinematic
pid_track_descend,False,0,unseen_heading,SS4,200,200,1.0,0.9811546736227335,1.0,0.0,0.0,0.0,0.0,1.0,0.0,200,0.24047898300637982,0.312660119012341,0.2408002741296857,0.31329431234338456,0.02115245354981573,0.039796548850903994,4.5306530775597444,4.645270833333333,4.641666666666667,0.024451591190300236,0.0030347457330512227,0,0.0,0,-0.0027374910502020733,0.0,0,0,0,0,0,200,0,0,5d6aef5553054cbb1e7e50628474e64fc986303bacd34fb51030870cda4282e5,3.12.3,2.5.2,2.13.0,2.9.0,1.3.0,3.2.7,e9fa15cc35312a5c1ecf0c42668a690b5061c090,7ebad1ecabd28a7000add2d05f888aa2e837c2cc,c7fbdcc4df48bd4a2cfe21811613e5e50e3e4868822fe6dddd13745d96692118,b98d65cc5e34337369dcd4d69d63651cc2c99c19e8494199e8b5ec9e06c8b87f,3ee7e46399aea60603c767e0a604e79e7db233924ce71fe027a1ccc1623b7eb0,7beb41daec3d6a34c6da7696c56a982667957298f017ebe137829282b6ce7985,e6f30e55e478d39061b94e38de33959ca99b16e8cac38a3bd99b34f6543ad4a2,20260924,1.5,kinematic
pid_track_descend,False,0,unseen_heading,SS5,200,195,0.975,0.942821659593358,0.9892752803482386,0.0,0.0,0.0,0.025,0.975,0.0,200,0.26373588522330316,0.3700286782629406,0.26422148116117117,0.3678009727515774,0.021432391812871918,0.04057132062507617,7.015356780819092,4.651083333333333,4.637499999999999,0.02449112209352619,0.00310516486427414,0,0.0,0,-0.0031491838114615822,0.0,0,0,0,0,0,195,5,0,5d6aef5553054cbb1e7e50628474e64fc986303bacd34fb51030870cda4282e5,3.12.3,2.5.2,2.13.0,2.9.0,1.3.0,3.2.7,e9fa15cc35312a5c1ecf0c42668a690b5061c090,7ebad1ecabd28a7000add2d05f888aa2e837c2cc,c7fbdcc4df48bd4a2cfe21811613e5e50e3e4868822fe6dddd13745d96692118,b98d65cc5e34337369dcd4d69d63651cc2c99c19e8494199e8b5ec9e06c8b87f,3ee7e46399aea60603c767e0a604e79e7db233924ce71fe027a1ccc1623b7eb0,7beb41daec3d6a34c6da7696c56a982667957298f017ebe137829282b6ce7985,e6f30e55e478d39061b94e38de33959ca99b16e8cac38a3bd99b34f6543ad4a2,20260924,1.5,kinematic
pid_track_descend,False,0,unseen_heading,SS6,200,145,0.725,0.6593166064233035,0.7822029967069265,0.0,0.0,0.11,0.165,0.725,0.0,200,0.2847572665751466,0.45385299727827655,0.2908378762813913,0.4630565150778015,0.02219219506825671,0.04413421933906047,18.101667622531437,4.54775,4.535416666666666,0.024349590088871116,0.003748787662215527,0,0.0,5,-0.005916183602925467,0.0,0,0,0,0,0,160,40,0,5d6aef5553054cbb1e7e50628474e64fc986303bacd34fb51030870cda4282e5,3.12.3,2.5.2,2.13.0,2.9.0,1.3.0,3.2.7,e9fa15cc35312a5c1ecf0c42668a690b5061c090,7ebad1ecabd28a7000add2d05f888aa2e837c2cc,c7fbdcc4df48bd4a2cfe21811613e5e50e3e4868822fe6dddd13745d96692118,b98d65cc5e34337369dcd4d69d63651cc2c99c19e8494199e8b5ec9e06c8b87f,3ee7e46399aea60603c767e0a604e79e7db233924ce71fe027a1ccc1623b7eb0,7beb41daec3d6a34c6da7696c56a982667957298f017ebe137829282b6ce7985,e6f30e55e478d39061b94e38de33959ca99b16e8cac38a3bd99b34f6543ad4a2,20260924,1.5,kinematic
pid_track_descend,False,0,unseen_vessel,SS3,200,200,1.0,0.9811546736227335,1.0,0.0,0.0,0.0,0.0,1.0,0.0,200,0.2351719890727106,0.30025923133930005,0.23521728977246142,0.3002196555050506,0.018356622634848618,0.03994453312640592,4.023412215258487,4.599916666666667,4.5625,0.02451097790094563,0.003081423821039758,0,0.0,0,-0.0027506799116615997,0.0,0,0,0,0,0,200,0,0,5d6aef5553054cbb1e7e50628474e64fc986303bacd34fb51030870cda4282e5,3.12.3,2.5.2,2.13.0,2.9.0,1.3.0,3.2.7,e9fa15cc35312a5c1ecf0c42668a690b5061c090,7ebad1ecabd28a7000add2d05f888aa2e837c2cc,c7fbdcc4df48bd4a2cfe21811613e5e50e3e4868822fe6dddd13745d96692118,b98d65cc5e34337369dcd4d69d63651cc2c99c19e8494199e8b5ec9e06c8b87f,3ee7e46399aea60603c767e0a604e79e7db233924ce71fe027a1ccc1623b7eb0,7beb41daec3d6a34c6da7696c56a982667957298f017ebe137829282b6ce7985,e6f30e55e478d39061b94e38de33959ca99b16e8cac38a3bd99b34f6543ad4a2,20260924,1.5,kinematic
pid_track_descend,False,0,unseen_vessel,SS4,200,195,0.975,0.942821659593358,0.9892752803482386,0.0,0.0,0.0,0.025,0.975,0.0,200,0.2531531834199729,0.38812587339832305,0.2533912084354825,0.3877579531222853,0.020982749039520503,0.0402608575165013,4.450187495336114,4.633249999999999,4.6875,0.02448288089640733,0.003098615860640476,0,0.0,0,-0.003984478967726325,0.0,0,0,0,0,0,195,5,0,5d6aef5553054cbb1e7e50628474e64fc986303bacd34fb51030870cda4282e5,3.12.3,2.5.2,2.13.0,2.9.0,1.3.0,3.2.7,e9fa15cc35312a5c1ecf0c42668a690b5061c090,7ebad1ecabd28a7000add2d05f888aa2e837c2cc,c7fbdcc4df48bd4a2cfe21811613e5e50e3e4868822fe6dddd13745d96692118,b98d65cc5e34337369dcd4d69d63651cc2c99c19e8494199e8b5ec9e06c8b87f,3ee7e46399aea60603c767e0a604e79e7db233924ce71fe027a1ccc1623b7eb0,7beb41daec3d6a34c6da7696c56a982667957298f017ebe137829282b6ce7985,e6f30e55e478d39061b94e38de33959ca99b16e8cac38a3bd99b34f6543ad4a2,20260924,1.5,kinematic
pid_track_descend,False,0,unseen_vessel,SS5,200,180,0.9,0.8505941875672826,0.9343295513309041,0.0,0.0,0.07,0.03,0.9,0.0,200,0.29186344464344993,0.5203423995983718,0.29182435576055,0.5212626827379416,0.022449465199669227,0.037603261003339224,4.539594640855313,4.626645833333333,4.564583333333333,0.024390215714691212,0.00311927687112974,0,0.0,2,-0.006004779972007181,0.0,0,0,0,0,0,191,9,0,5d6aef5553054cbb1e7e50628474e64fc986303bacd34fb51030870cda4282e5,3.12.3,2.5.2,2.13.0,2.9.0,1.3.0,3.2.7,e9fa15cc35312a5c1ecf0c42668a690b5061c090,7ebad1ecabd28a7000add2d05f888aa2e837c2cc,c7fbdcc4df48bd4a2cfe21811613e5e50e3e4868822fe6dddd13745d96692118,b98d65cc5e34337369dcd4d69d63651cc2c99c19e8494199e8b5ec9e06c8b87f,3ee7e46399aea60603c767e0a604e79e7db233924ce71fe027a1ccc1623b7eb0,7beb41daec3d6a34c6da7696c56a982667957298f017ebe137829282b6ce7985,e6f30e55e478d39061b94e38de33959ca99b16e8cac38a3bd99b34f6543ad4a2,20260924,1.5,kinematic
pid_track_descend,False,0,unseen_vessel,SS6,200,163,0.815,0.7554293723884824,0.8626980719938395,0.0,0.0,0.1,0.085,0.815,0.0,200,0.31248854119500924,0.545990533441023,0.3127799607441809,0.5459751296321994,0.021908483058555535,0.03921981990477662,7.981528021397911,4.609458333333333,4.675,0.024647966249676224,0.0031741917122302997,0,0.0,0,-0.004951590479236278,0.0,0,0,0,0,0,174,26,0,5d6aef5553054cbb1e7e50628474e64fc986303bacd34fb51030870cda4282e5,3.12.3,2.5.2,2.13.0,2.9.0,1.3.0,3.2.7,e9fa15cc35312a5c1ecf0c42668a690b5061c090,7ebad1ecabd28a7000add2d05f888aa2e837c2cc,c7fbdcc4df48bd4a2cfe21811613e5e50e3e4868822fe6dddd13745d96692118,b98d65cc5e34337369dcd4d69d63651cc2c99c19e8494199e8b5ec9e06c8b87f,3ee7e46399aea60603c767e0a604e79e7db233924ce71fe027a1ccc1623b7eb0,7beb41daec3d6a34c6da7696c56a982667957298f017ebe137829282b6ce7985,e6f30e55e478d39061b94e38de33959ca99b16e8cac38a3bd99b34f6543ad4a2,20260924,1.5,kinematic
pid_track_descend,False,0,static,static,200,200,1.0,0.9811546736227335,1.0,0.0,0.0,0.0,0.0,1.0,0.0,200,0.2319658523530766,0.24609836803603274,0.2319658523530766,0.24609836803603274,0.02225458993626611,0.04027038249242214,4.153720753548946,4.6038125,4.604166666666666,0.024478909024133556,0.003044463891085207,0,0.0,0,-0.0020926435944489397,0.0,0,0,0,0,0,200,0,0,5d6aef5553054cbb1e7e50628474e64fc986303bacd34fb51030870cda4282e5,3.12.3,2.5.2,2.13.0,2.9.0,1.3.0,3.2.7,e9fa15cc35312a5c1ecf0c42668a690b5061c090,7ebad1ecabd28a7000add2d05f888aa2e837c2cc,c7fbdcc4df48bd4a2cfe21811613e5e50e3e4868822fe6dddd13745d96692118,b98d65cc5e34337369dcd4d69d63651cc2c99c19e8494199e8b5ec9e06c8b87f,3ee7e46399aea60603c767e0a604e79e7db233924ce71fe027a1ccc1623b7eb0,7beb41daec3d6a34c6da7696c56a982667957298f017ebe137829282b6ce7985,e6f30e55e478d39061b94e38de33959ca99b16e8cac38a3bd99b34f6543ad4a2,20260924,1.5,kinematic
pid_feedforward,False,0,id,SS3,200,200,1.0,0.9811546736227335,1.0,0.0,0.0,0.0,0.0,1.0,0.0,200,0.19313922591852783,0.21888063360740284,0.19318986046784786,0.21934593371556024,0.016604464185096493,0.03221803479809114,4.413792751517487,4.523979166666667,4.497916666666667,0.026425993527094963,0.007310856255907953,0,0.0,0,-0.0029939207116606767,0.755,0,0,0,0,0,200,0,0,91e7d5ad84a8790d3214d55f8705c8e7cc31c37fcaae25d9245ad9823f0cc36a,3.12.3,2.5.2,2.13.0,2.9.0,1.3.0,3.2.7,e9fa15cc35312a5c1ecf0c42668a690b5061c090,7ebad1ecabd28a7000add2d05f888aa2e837c2cc,c7fbdcc4df48bd4a2cfe21811613e5e50e3e4868822fe6dddd13745d96692118,b98d65cc5e34337369dcd4d69d63651cc2c99c19e8494199e8b5ec9e06c8b87f,3ee7e46399aea60603c767e0a604e79e7db233924ce71fe027a1ccc1623b7eb0,7beb41daec3d6a34c6da7696c56a982667957298f017ebe137829282b6ce7985,e6f30e55e478d39061b94e38de33959ca99b16e8cac38a3bd99b34f6543ad4a2,20260924,1.5,kinematic
pid_feedforward,False,0,id,SS4,200,200,1.0,0.9811546736227335,1.0,0.0,0.0,0.0,0.0,1.0,0.0,200,0.18890066769420505,0.22606710897553578,0.18945008267208113,0.22611659809618043,0.015833890522080632,0.034260952801084446,5.093734546142333,4.544375,4.49375,0.030183305539448986,0.01026926240870679,0,0.0,0,-0.003251022990516763,0.75,0,0,0,0,0,200,0,0,91e7d5ad84a8790d3214d55f8705c8e7cc31c37fcaae25d9245ad9823f0cc36a,3.12.3,2.5.2,2.13.0,2.9.0,1.3.0,3.2.7,e9fa15cc35312a5c1ecf0c42668a690b5061c090,7ebad1ecabd28a7000add2d05f888aa2e837c2cc,c7fbdcc4df48bd4a2cfe21811613e5e50e3e4868822fe6dddd13745d96692118,b98d65cc5e34337369dcd4d69d63651cc2c99c19e8494199e8b5ec9e06c8b87f,3ee7e46399aea60603c767e0a604e79e7db233924ce71fe027a1ccc1623b7eb0,7beb41daec3d6a34c6da7696c56a982667957298f017ebe137829282b6ce7985,e6f30e55e478d39061b94e38de33959ca99b16e8cac38a3bd99b34f6543ad4a2,20260924,1.5,kinematic
pid_feedforward,False,0,id,SS5,200,198,0.99,0.9642782382838231,0.9972533418664555,0.0,0.0,0.005,0.005,0.99,0.0,200,0.1920002347473232,0.2620761498533322,0.19202110627896035,0.26236773699195454,0.01553354949642222,0.03315582910773343,8.365724116086218,4.484041666666667,4.408333333333333,0.03626518103181814,0.013857950366588047,0,0.0,0,-0.0034623215574681675,0.745,0,0,0,0,0,199,1,0,91e7d5ad84a8790d3214d55f8705c8e7cc31c37fcaae25d9245ad9823f0cc36a,3.12.3,2.5.2,2.13.0,2.9.0,1.3.0,3.2.7,e9fa15cc35312a5c1ecf0c42668a690b5061c090,7ebad1ecabd28a7000add2d05f888aa2e837c2cc,c7fbdcc4df48bd4a2cfe21811613e5e50e3e4868822fe6dddd13745d96692118,b98d65cc5e34337369dcd4d69d63651cc2c99c19e8494199e8b5ec9e06c8b87f,3ee7e46399aea60603c767e0a604e79e7db233924ce71fe027a1ccc1623b7eb0,7beb41daec3d6a34c6da7696c56a982667957298f017ebe137829282b6ce7985,e6f30e55e478d39061b94e38de33959ca99b16e8cac38a3bd99b34f6543ad4a2,20260924,1.5,kinematic
pid_feedforward,False,0,id,SS6,200,181,0.905,0.8563983883518006,0.9383368972826135,0.0,0.0,0.04,0.055,0.905,0.0,200,0.1930923249778903,0.26369441679676536,0.19486156512135583,0.2642872163821159,0.014721133868254403,0.03073958499223247,13.442978739797686,4.564729166666667,4.552083333333334,0.03798985815648099,0.014367658347361334,0,0.0,0,-0.003539752603368947,0.0,0,0,0,0,0,188,12,0,91e7d5ad84a8790d3214d55f8705c8e7cc31c37fcaae25d9245ad9823f0cc36a,3.12.3,2.5.2,2.13.0,2.9.0,1.3.0,3.2.7,e9fa15cc35312a5c1ecf0c42668a690b5061c090,7ebad1ecabd28a7000add2d05f888aa2e837c2cc,c7fbdcc4df48bd4a2cfe21811613e5e50e3e4868822fe6dddd13745d96692118,b98d65cc5e34337369dcd4d69d63651cc2c99c19e8494199e8b5ec9e06c8b87f,3ee7e46399aea60603c767e0a604e79e7db233924ce71fe027a1ccc1623b7eb0,7beb41daec3d6a34c6da7696c56a982667957298f017ebe137829282b6ce7985,e6f30e55e478d39061b94e38de33959ca99b16e8cac38a3bd99b34f6543ad4a2,20260924,1.5,kinematic
pid_feedforward,False,0,unseen_seastate,SS6,200,180,0.9,0.8505941875672826,0.9343295513309041,0.0,0.0,0.03,0.07,0.9,0.0,200,0.1925324942310907,0.2500387144815379,0.19357926528242347,0.2467737521301977,0.01641768667757587,0.035745420361129536,13.078819002028897,4.510270833333333,4.460416666666667,0.035928166118762955,0.013460563586011696,1,0.005,0,-0.004046629566245128,0.0,0,0,0,0,0,183,17,0,91e7d5ad84a8790d3214d55f8705c8e7cc31c37fcaae25d9245ad9823f0cc36a,3.12.3,2.5.2,2.13.0,2.9.0,1.3.0,3.2.7,e9fa15cc35312a5c1ecf0c42668a690b5061c090,7ebad1ecabd28a7000add2d05f888aa2e837c2cc,c7fbdcc4df48bd4a2cfe21811613e5e50e3e4868822fe6dddd13745d96692118,b98d65cc5e34337369dcd4d69d63651cc2c99c19e8494199e8b5ec9e06c8b87f,3ee7e46399aea60603c767e0a604e79e7db233924ce71fe027a1ccc1623b7eb0,7beb41daec3d6a34c6da7696c56a982667957298f017ebe137829282b6ce7985,e6f30e55e478d39061b94e38de33959ca99b16e8cac38a3bd99b34f6543ad4a2,20260924,1.5,kinematic
pid_feedforward,False,0,unseen_heading,SS3,200,200,1.0,0.9811546736227335,1.0,0.0,0.0,0.0,0.0,1.0,0.0,200,0.19181339083205665,0.204537007801507,0.1919054026639391,0.20458545642015177,0.014899821210432873,0.030724585982686868,4.692135247440941,4.629645833333333,4.7,0.02552917461327412,0.005156829034797844,0,0.0,0,-0.002506419497203636,0.0,0,0,0,0,0,200,0,0,91e7d5ad84a8790d3214d55f8705c8e7cc31c37fcaae25d9245ad9823f0cc36a,3.12.3,2.5.2,2.13.0,2.9.0,1.3.0,3.2.7,e9fa15cc35312a5c1ecf0c42668a690b5061c090,7ebad1ecabd28a7000add2d05f888aa2e837c2cc,c7fbdcc4df48bd4a2cfe21811613e5e50e3e4868822fe6dddd13745d96692118,b98d65cc5e34337369dcd4d69d63651cc2c99c19e8494199e8b5ec9e06c8b87f,3ee7e46399aea60603c767e0a604e79e7db233924ce71fe027a1ccc1623b7eb0,7beb41daec3d6a34c6da7696c56a982667957298f017ebe137829282b6ce7985,e6f30e55e478d39061b94e38de33959ca99b16e8cac38a3bd99b34f6543ad4a2,20260924,1.5,kinematic
pid_feedforward,False,0,unseen_heading,SS4,200,200,1.0,0.9811546736227335,1.0,0.0,0.0,0.0,0.0,1.0,0.0,200,0.1901325010623574,0.21161882680763802,0.19007040313058998,0.2116464711284986,0.01599641019962158,0.03290785344440917,5.243090123705206,4.556270833333333,4.535416666666666,0.026241608456613844,0.00626784568772949,0,0.0,0,-0.0026118605753503873,0.0,0,0,0,0,0,200,0,0,91e7d5ad84a8790d3214d55f8705c8e7cc31c37fcaae25d9245ad9823f0cc36a,3.12.3,2.5.2,2.13.0,2.9.0,1.3.0,3.2.7,e9fa15cc35312a5c1ecf0c42668a690b5061c090,7ebad1ecabd28a7000add2d05f888aa2e837c2cc,c7fbdcc4df48bd4a2cfe21811613e5e50e3e4868822fe6dddd13745d96692118,b98d65cc5e34337369dcd4d69d63651cc2c99c19e8494199e8b5ec9e06c8b87f,3ee7e46399aea60603c767e0a604e79e7db233924ce71fe027a1ccc1623b7eb0,7beb41daec3d6a34c6da7696c56a982667957298f017ebe137829282b6ce7985,e6f30e55e478d39061b94e38de33959ca99b16e8cac38a3bd99b34f6543ad4a2,20260924,1.5,kinematic
pid_feedforward,False,0,unseen_heading,SS5,200,199,0.995,0.9722262956021069,0.9991168312843989,0.0,0.0,0.0,0.005,0.995,0.0,200,0.19123270963598932,0.221547344798568,0.19118183310376907,0.22132594551215298,0.015901356049626808,0.030580015449677502,7.889586282640448,4.6068125,4.61875,0.028882276756414253,0.00826887143498737,0,0.0,0,-0.003523086737132609,0.0,0,0,0,0,0,199,1,0,91e7d5ad84a8790d3214d55f8705c8e7cc31c37fcaae25d9245ad9823f0cc36a,3.12.3,2.5.2,2.13.0,2.9.0,1.3.0,3.2.7,e9fa15cc35312a5c1ecf0c42668a690b5061c090,7ebad1ecabd28a7000add2d05f888aa2e837c2cc,c7fbdcc4df48bd4a2cfe21811613e5e50e3e4868822fe6dddd13745d96692118,b98d65cc5e34337369dcd4d69d63651cc2c99c19e8494199e8b5ec9e06c8b87f,3ee7e46399aea60603c767e0a604e79e7db233924ce71fe027a1ccc1623b7eb0,7beb41daec3d6a34c6da7696c56a982667957298f017ebe137829282b6ce7985,e6f30e55e478d39061b94e38de33959ca99b16e8cac38a3bd99b34f6543ad4a2,20260924,1.5,kinematic
pid_feedforward,False,0,unseen_heading,SS6,200,154,0.77,0.7069169563469642,0.8229065674093119,0.0,0.0,0.12,0.11,0.77,0.0,200,0.18843703952595878,0.22975064116560112,0.19124256408194895,0.2309221489863494,0.017231328751671028,0.032943394875593245,17.707212401446018,4.6038958333333335,4.510416666666666,0.03424820289027884,0.01036025217389393,0,0.0,0,-0.004364370464027753,0.0,0,0,0,0,0,168,32,0,91e7d5ad84a8790d3214d55f8705c8e7cc31c37fcaae25d9245ad9823f0cc36a,3.12.3,2.5.2,2.13.0,2.9.0,1.3.0,3.2.7,e9fa15cc35312a5c1ecf0c42668a690b5061c090,7ebad1ecabd28a7000add2d05f888aa2e837c2cc,c7fbdcc4df48bd4a2cfe21811613e5e50e3e4868822fe6dddd13745d96692118,b98d65cc5e34337369dcd4d69d63651cc2c99c19e8494199e8b5ec9e06c8b87f,3ee7e46399aea60603c767e0a604e79e7db233924ce71fe027a1ccc1623b7eb0,7beb41daec3d6a34c6da7696c56a982667957298f017ebe137829282b6ce7985,e6f30e55e478d39061b94e38de33959ca99b16e8cac38a3bd99b34f6543ad4a2,20260924,1.5,kinematic
pid_feedforward,False,0,unseen_vessel,SS3,200,200,1.0,0.9811546736227335,1.0,0.0,0.0,0.0,0.0,1.0,0.0,200,0.1912186255967313,0.2105148758750789,0.1912252756183775,0.2104724810806175,0.01624404046353272,0.031580808991688414,4.356963809983722,4.585541666666667,4.529166666666667,0.02625658841111953,0.006575206556123658,0,0.0,0,-0.002247603770234584,0.0,0,0,0,0,0,200,0,0,91e7d5ad84a8790d3214d55f8705c8e7cc31c37fcaae25d9245ad9823f0cc36a,3.12.3,2.5.2,2.13.0,2.9.0,1.3.0,3.2.7,e9fa15cc35312a5c1ecf0c42668a690b5061c090,7ebad1ecabd28a7000add2d05f888aa2e837c2cc,c7fbdcc4df48bd4a2cfe21811613e5e50e3e4868822fe6dddd13745d96692118,b98d65cc5e34337369dcd4d69d63651cc2c99c19e8494199e8b5ec9e06c8b87f,3ee7e46399aea60603c767e0a604e79e7db233924ce71fe027a1ccc1623b7eb0,7beb41daec3d6a34c6da7696c56a982667957298f017ebe137829282b6ce7985,e6f30e55e478d39061b94e38de33959ca99b16e8cac38a3bd99b34f6543ad4a2,20260924,1.5,kinematic
pid_feedforward,False,0,unseen_vessel,SS4,200,200,1.0,0.9811546736227335,1.0,0.0,0.0,0.0,0.0,1.0,0.0,200,0.1913372729548239,0.22812495496617344,0.19132778082353702,0.22778675572615548,0.015380605503572111,0.03387335217266208,4.437283453131725,4.572666666666667,4.552083333333333,0.030113406037438967,0.009461081542130583,0,0.0,0,-0.002291629221565838,0.0,0,0,0,0,0,200,0,0,91e7d5ad84a8790d3214d55f8705c8e7cc31c37fcaae25d9245ad9823f0cc36a,3.12.3,2.5.2,2.13.0,2.9.0,1.3.0,3.2.7,e9fa15cc35312a5c1ecf0c42668a690b5061c090,7ebad1ecabd28a7000add2d05f888aa2e837c2cc,c7fbdcc4df48bd4a2cfe21811613e5e50e3e4868822fe6dddd13745d96692118,b98d65cc5e34337369dcd4d69d63651cc2c99c19e8494199e8b5ec9e06c8b87f,3ee7e46399aea60603c767e0a604e79e7db233924ce71fe027a1ccc1623b7eb0,7beb41daec3d6a34c6da7696c56a982667957298f017ebe137829282b6ce7985,e6f30e55e478d39061b94e38de33959ca99b16e8cac38a3bd99b34f6543ad4a2,20260924,1.5,kinematic
pid_feedforward,False,0,unseen_vessel,SS5,200,199,0.995,0.9722262956021069,0.9991168312843989,0.0,0.0,0.0,0.005,0.995,0.0,200,0.1953903136881758,0.2550155309033687,0.19538657979095797,0.2546580721751443,0.015262607292249139,0.03321196851905526,5.812397424801386,4.4983125,4.485416666666667,0.03775015197632383,0.012606034128355268,0,0.0,0,-0.0035838716575163077,0.0,0,0,0,0,0,199,1,0,91e7d5ad84a8790d3214d55f8705c8e7cc31c37fcaae25d9245ad9823f0cc36a,3.12.3,2.5.2,2.13.0,2.9.0,1.3.0,3.2.7,e9fa15cc35312a5c1ecf0c42668a690b5061c090,7ebad1ecabd28a7000add2d05f888aa2e837c2cc,c7fbdcc4df48bd4a2cfe21811613e5e50e3e4868822fe6dddd13745d96692118,b98d65cc5e34337369dcd4d69d63651cc2c99c19e8494199e8b5ec9e06c8b87f,3ee7e46399aea60603c767e0a604e79e7db233924ce71fe027a1ccc1623b7eb0,7beb41daec3d6a34c6da7696c56a982667957298f017ebe137829282b6ce7985,e6f30e55e478d39061b94e38de33959ca99b16e8cac38a3bd99b34f6543ad4a2,20260924,1.5,kinematic
pid_feedforward,False,0,unseen_vessel,SS6,200,197,0.985,0.9568342712073097,0.9948857622067417,0.0,0.0,0.005,0.01,0.985,0.0,200,0.19332491127838874,0.2604304759367981,0.19386721261987674,0.26012417240986063,0.01569139576841556,0.03322467074603996,8.763711806911806,4.623708333333333,4.570833333333333,0.04254815392291612,0.014113219839507198,1,0.005,0,-0.003460716581455904,0.0,0,0,0,0,0,198,2,0,91e7d5ad84a8790d3214d55f8705c8e7cc31c37fcaae25d9245ad9823f0cc36a,3.12.3,2.5.2,2.13.0,2.9.0,1.3.0,3.2.7,e9fa15cc35312a5c1ecf0c42668a690b5061c090,7ebad1ecabd28a7000add2d05f888aa2e837c2cc,c7fbdcc4df48bd4a2cfe21811613e5e50e3e4868822fe6dddd13745d96692118,b98d65cc5e34337369dcd4d69d63651cc2c99c19e8494199e8b5ec9e06c8b87f,3ee7e46399aea60603c767e0a604e79e7db233924ce71fe027a1ccc1623b7eb0,7beb41daec3d6a34c6da7696c56a982667957298f017ebe137829282b6ce7985,e6f30e55e478d39061b94e38de33959ca99b16e8cac38a3bd99b34f6543ad4a2,20260924,1.5,kinematic
pid_feedforward,False,0,static,static,200,200,1.0,0.9811546736227335,1.0,0.0,0.0,0.0,0.0,1.0,0.0,200,0.19008892876554112,0.20287188792259292,0.19008892876554112,0.20287188792259292,0.016049321587635775,0.03142915250915828,4.15867894637512,4.560416666666668,4.529166666666667,0.025221849287956438,0.0046212168390837235,0,0.0,0,-0.002010266528752469,0.0,0,0,0,0,0,200,0,0,91e7d5ad84a8790d3214d55f8705c8e7cc31c37fcaae25d9245ad9823f0cc36a,3.12.3,2.5.2,2.13.0,2.9.0,1.3.0,3.2.7,e9fa15cc35312a5c1ecf0c42668a690b5061c090,7ebad1ecabd28a7000add2d05f888aa2e837c2cc,c7fbdcc4df48bd4a2cfe21811613e5e50e3e4868822fe6dddd13745d96692118,b98d65cc5e34337369dcd4d69d63651cc2c99c19e8494199e8b5ec9e06c8b87f,3ee7e46399aea60603c767e0a604e79e7db233924ce71fe027a1ccc1623b7eb0,7beb41daec3d6a34c6da7696c56a982667957298f017ebe137829282b6ce7985,e6f30e55e478d39061b94e38de33959ca99b16e8cac38a3bd99b34f6543ad4a2,20260924,1.5,kinematic
gated,False,0,id,SS3,200,200,1.0,0.9811546736227335,1.0,0.0,0.0,0.0,0.0,1.0,0.0,200,0.19348897869510728,0.2165770162997279,0.19319872914473052,0.21643761536969583,0.02374920901007725,0.04383297574852794,4.686273977402831,3.2640208333333334,3.1791666666666663,0.043607355762062754,0.008467014579145261,0,0.0,0,-0.0019048440666125236,0.755,0,0,0,0,0,200,0,0,da8eb57897cc9259ec1d9967d1528919cc4bf1325d7ed1fda0b7785ee97fecee,3.12.3,2.5.2,2.13.0,2.9.0,1.3.0,3.2.7,e9fa15cc35312a5c1ecf0c42668a690b5061c090,7ebad1ecabd28a7000add2d05f888aa2e837c2cc,c7fbdcc4df48bd4a2cfe21811613e5e50e3e4868822fe6dddd13745d96692118,b98d65cc5e34337369dcd4d69d63651cc2c99c19e8494199e8b5ec9e06c8b87f,3ee7e46399aea60603c767e0a604e79e7db233924ce71fe027a1ccc1623b7eb0,7beb41daec3d6a34c6da7696c56a982667957298f017ebe137829282b6ce7985,e6f30e55e478d39061b94e38de33959ca99b16e8cac38a3bd99b34f6543ad4a2,20260924,1.5,kinematic
gated,False,0,id,SS4,200,197,0.985,0.9568342712073097,0.9948857622067417,0.0,0.0,0.0,0.0,0.985,0.015,197,0.19199756451248381,0.22877720335180332,0.19152941775136875,0.22858757459189988,0.02116981644939582,0.04530550031907511,4.94324018676319,3.5478637901861245,3.279166666666667,0.045502227481183696,0.011047210680043273,0,0.0,0,-0.0023682486288281964,0.75,0,0,0,0,0,197,0,3,da8eb57897cc9259ec1d9967d1528919cc4bf1325d7ed1fda0b7785ee97fecee,3.12.3,2.5.2,2.13.0,2.9.0,1.3.0,3.2.7,e9fa15cc35312a5c1ecf0c42668a690b5061c090,7ebad1ecabd28a7000add2d05f888aa2e837c2cc,c7fbdcc4df48bd4a2cfe21811613e5e50e3e4868822fe6dddd13745d96692118,b98d65cc5e34337369dcd4d69d63651cc2c99c19e8494199e8b5ec9e06c8b87f,3ee7e46399aea60603c767e0a604e79e7db233924ce71fe027a1ccc1623b7eb0,7beb41daec3d6a34c6da7696c56a982667957298f017ebe137829282b6ce7985,e6f30e55e478d39061b94e38de33959ca99b16e8cac38a3bd99b34f6543ad4a2,20260924,1.5,kinematic
gated,False,0,id,SS5,200,179,0.895,0.8448196800887696,0.9302925120731899,0.0,0.0,0.0,0.0,0.895,0.105,179,0.19279401010336006,0.2496136127835818,0.19213319109446897,0.2491991786958619,0.018543073401843385,0.039451094685097825,6.25766230037191,4.641061452513966,3.7375,0.04272524926862339,0.01396675123638595,0,0.0,0,-0.002800514320241292,0.745,0,0,0,0,0,179,0,21,da8eb57897cc9259ec1d9967d1528919cc4bf1325d7ed1fda0b7785ee97fecee,3.12.3,2.5.2,2.13.0,2.9.0,1.3.0,3.2.7,e9fa15cc35312a5c1ecf0c42668a690b5061c090,7ebad1ecabd28a7000add2d05f888aa2e837c2cc,c7fbdcc4df48bd4a2cfe21811613e5e50e3e4868822fe6dddd13745d96692118,b98d65cc5e34337369dcd4d69d63651cc2c99c19e8494199e8b5ec9e06c8b87f,3ee7e46399aea60603c767e0a604e79e7db233924ce71fe027a1ccc1623b7eb0,7beb41daec3d6a34c6da7696c56a982667957298f017ebe137829282b6ce7985,e6f30e55e478d39061b94e38de33959ca99b16e8cac38a3bd99b34f6543ad4a2,20260924,1.5,kinematic
gated,False,0,id,SS6,200,126,0.63,0.5612262992405018,0.6938739159014088,0.0,0.0,0.0,0.02,0.63,0.35,130,0.19396819284686823,0.2666778820115755,0.19415808333055934,0.26725945372468474,0.016488297719121026,0.03820455414494894,7.755417913533771,5.359391025641026,4.6625,0.036384163118932465,0.013936532375831806,0,0.0,0,-0.0030829472065927645,0.0,0,0,0,0,0,126,4,70,da8eb57897cc9259ec1d9967d1528919cc4bf1325d7ed1fda0b7785ee97fecee,3.12.3,2.5.2,2.13.0,2.9.0,1.3.0,3.2.7,e9fa15cc35312a5c1ecf0c42668a690b5061c090,7ebad1ecabd28a7000add2d05f888aa2e837c2cc,c7fbdcc4df48bd4a2cfe21811613e5e50e3e4868822fe6dddd13745d96692118,b98d65cc5e34337369dcd4d69d63651cc2c99c19e8494199e8b5ec9e06c8b87f,3ee7e46399aea60603c767e0a604e79e7db233924ce71fe027a1ccc1623b7eb0,7beb41daec3d6a34c6da7696c56a982667957298f017ebe137829282b6ce7985,e6f30e55e478d39061b94e38de33959ca99b16e8cac38a3bd99b34f6543ad4a2,20260924,1.5,kinematic
gated,False,0,unseen_seastate,SS6,200,129,0.645,0.5765211307549043,0.7080137245956883,0.0,0.0,0.0,0.01,0.645,0.345,131,0.1950766798529386,0.24300714344078853,0.1939027809251912,0.24387715583053232,0.016216829681853978,0.03972981251367144,7.2381877680896505,5.667270992366412,4.933333333333334,0.0330309155750276,0.012889465993415821,0,0.0,0,-0.0037023018307659255,0.0,0,0,0,0,0,129,2,69,da8eb57897cc9259ec1d9967d1528919cc4bf1325d7ed1fda0b7785ee97fecee,3.12.3,2.5.2,2.13.0,2.9.0,1.3.0,3.2.7,e9fa15cc35312a5c1ecf0c42668a690b5061c090,7ebad1ecabd28a7000add2d05f888aa2e837c2cc,c7fbdcc4df48bd4a2cfe21811613e5e50e3e4868822fe6dddd13745d96692118,b98d65cc5e34337369dcd4d69d63651cc2c99c19e8494199e8b5ec9e06c8b87f,3ee7e46399aea60603c767e0a604e79e7db233924ce71fe027a1ccc1623b7eb0,7beb41daec3d6a34c6da7696c56a982667957298f017ebe137829282b6ce7985,e6f30e55e478d39061b94e38de33959ca99b16e8cac38a3bd99b34f6543ad4a2,20260924,1.5,kinematic
gated,False,0,unseen_heading,SS3,200,200,1.0,0.9811546736227335,1.0,0.0,0.0,0.0,0.0,1.0,0.0,200,0.19254524946799187,0.20378293966498776,0.19242359712135626,0.2037742299190407,0.024296924132150812,0.04722823140465143,4.5389357950329385,3.281625,3.247916666666667,0.04345822392056895,0.006515596596017966,0,0.0,0,-0.0021482545704959283,0.0,0,0,0,0,0,200,0,0,da8eb57897cc9259ec1d9967d1528919cc4bf1325d7ed1fda0b7785ee97fecee,3.12.3,2.5.2,2.13.0,2.9.0,1.3.0,3.2.7,e9fa15cc35312a5c1ecf0c42668a690b5061c090,7ebad1ecabd28a7000add2d05f888aa2e837c2cc,c7fbdcc4df48bd4a2cfe21811613e5e50e3e4868822fe6dddd13745d96692118,b98d65cc5e34337369dcd4d69d63651cc2c99c19e8494199e8b5ec9e06c8b87f,3ee7e46399aea60603c767e0a604e79e7db233924ce71fe027a1ccc1623b7eb0,7beb41daec3d6a34c6da7696c56a982667957298f017ebe137829282b6ce7985,e6f30e55e478d39061b94e38de33959ca99b16e8cac38a3bd99b34f6543ad4a2,20260924,1.5,kinematic
gated,False,0,unseen_heading,SS4,200,200,1.0,0.9811546736227335,1.0,0.0,0.0,0.0,0.0,1.0,0.0,200,0.1902076391946097,0.21029364260602593,0.1906080538905538,0.20941590535494645,0.024691714574941848,0.04685247585334685,5.337309271312812,3.2755833333333326,3.2333333333333334,0.04392759464978726,0.0074654897589741505,0,0.0,0,-0.00233034856204612,0.0,0,0,0,0,0,200,0,0,da8eb57897cc9259ec1d9967d1528919cc4bf1325d7ed1fda0b7785ee97fecee,3.12.3,2.5.2,2.13.0,2.9.0,1.3.0,3.2.7,e9fa15cc35312a5c1ecf0c42668a690b5061c090,7ebad1ecabd28a7000add2d05f888aa2e837c2cc,c7fbdcc4df48bd4a2cfe21811613e5e50e3e4868822fe6dddd13745d96692118,b98d65cc5e34337369dcd4d69d63651cc2c99c19e8494199e8b5ec9e06c8b87f,3ee7e46399aea60603c767e0a604e79e7db233924ce71fe027a1ccc1623b7eb0,7beb41daec3d6a34c6da7696c56a982667957298f017ebe137829282b6ce7985,e6f30e55e478d39061b94e38de33959ca99b16e8cac38a3bd99b34f6543ad4a2,20260924,1.5,kinematic
gated,False,0,unseen_heading,SS5,200,196,0.98,0.9497129130941735,0.9921955735836505,0.0,0.0,0.0,0.005,0.98,0.015,197,0.19153335264064808,0.21856551083761544,0.1909595213518493,0.21953024022483034,0.020100158809796632,0.04299193266062635,6.2257615657709335,4.201036379018612,3.5,0.04025489418506976,0.008933566063329335,0,0.0,0,-0.003013035939178285,0.0,0,0,0,0,0,196,1,3,da8eb57897cc9259ec1d9967d1528919cc4bf1325d7ed1fda0b7785ee97fecee,3.12.3,2.5.2,2.13.0,2.9.0,1.3.0,3.2.7,e9fa15cc35312a5c1ecf0c42668a690b5061c090,7ebad1ecabd28a7000add2d05f888aa2e837c2cc,c7fbdcc4df48bd4a2cfe21811613e5e50e3e4868822fe6dddd13745d96692118,b98d65cc5e34337369dcd4d69d63651cc2c99c19e8494199e8b5ec9e06c8b87f,3ee7e46399aea60603c767e0a604e79e7db233924ce71fe027a1ccc1623b7eb0,7beb41daec3d6a34c6da7696c56a982667957298f017ebe137829282b6ce7985,e6f30e55e478d39061b94e38de33959ca99b16e8cac38a3bd99b34f6543ad4a2,20260924,1.5,kinematic
gated,False,0,unseen_heading,SS6,200,84,0.42,0.35373599161616726,0.4892792606041954,0.0,0.0,0.0,0.035,0.42,0.545,91,0.189424492282926,0.21794524881168287,0.1901392584606847,0.21823957796340485,0.01688371477812469,0.0359919929592269,7.29184136021942,6.29514652014652,5.358333333333333,0.025977733643755708,0.009269339290887371,0,0.0,0,-0.002969893822469146,0.0,0,0,0,0,0,84,7,109,da8eb57897cc9259ec1d9967d1528919cc4bf1325d7ed1fda0b7785ee97fecee,3.12.3,2.5.2,2.13.0,2.9.0,1.3.0,3.2.7,e9fa15cc35312a5c1ecf0c42668a690b5061c090,7ebad1ecabd28a7000add2d05f888aa2e837c2cc,c7fbdcc4df48bd4a2cfe21811613e5e50e3e4868822fe6dddd13745d96692118,b98d65cc5e34337369dcd4d69d63651cc2c99c19e8494199e8b5ec9e06c8b87f,3ee7e46399aea60603c767e0a604e79e7db233924ce71fe027a1ccc1623b7eb0,7beb41daec3d6a34c6da7696c56a982667957298f017ebe137829282b6ce7985,e6f30e55e478d39061b94e38de33959ca99b16e8cac38a3bd99b34f6543ad4a2,20260924,1.5,kinematic
gated,False,0,unseen_vessel,SS3,200,200,1.0,0.9811546736227335,1.0,0.0,0.0,0.0,0.0,1.0,0.0,200,0.19114321105359477,0.21629806537094398,0.19118605162351887,0.2162274632229645,0.025317307913069364,0.04820725275151096,4.524394838515676,3.2680000000000002,3.166666666666667,0.04382357675534124,0.007763883717837657,0,0.0,0,-0.0023002612642707048,0.0,0,0,0,0,0,200,0,0,da8eb57897cc9259ec1d9967d1528919cc4bf1325d7ed1fda0b7785ee97fecee,3.12.3,2.5.2,2.13.0,2.9.0,1.3.0,3.2.7,e9fa15cc35312a5c1ecf0c42668a690b5061c090,7ebad1ecabd28a7000add2d05f888aa2e837c2cc,c7fbdcc4df48bd4a2cfe21811613e5e50e3e4868822fe6dddd13745d96692118,b98d65cc5e34337369dcd4d69d63651cc2c99c19e8494199e8b5ec9e06c8b87f,3ee7e46399aea60603c767e0a604e79e7db233924ce71fe027a1ccc1623b7eb0,7beb41daec3d6a34c6da7696c56a982667957298f017ebe137829282b6ce7985,e6f30e55e478d39061b94e38de33959ca99b16e8cac38a3bd99b34f6543ad4a2,20260924,1.5,kinematic
gated,False,0,unseen_vessel,SS4,200,200,1.0,0.9811546736227335,1.0,0.0,0.0,0.0,0.0,1.0,0.0,200,0.19165076111347568,0.2272316180671553,0.19165997169716809,0.22819604024188248,0.025250070360915026,0.04621559817977895,4.9415633642331285,3.4691041666666664,3.2458333333333336,0.0461070346359059,0.010305625195684094,0,0.0,0,-0.002390742533660534,0.0,0,0,0,0,0,200,0,0,da8eb57897cc9259ec1d9967d1528919cc4bf1325d7ed1fda0b7785ee97fecee,3.12.3,2.5.2,2.13.0,2.9.0,1.3.0,3.2.7,e9fa15cc35312a5c1ecf0c42668a690b5061c090,7ebad1ecabd28a7000add2d05f888aa2e837c2cc,c7fbdcc4df48bd4a2cfe21811613e5e50e3e4868822fe6dddd13745d96692118,b98d65cc5e34337369dcd4d69d63651cc2c99c19e8494199e8b5ec9e06c8b87f,3ee7e46399aea60603c767e0a604e79e7db233924ce71fe027a1ccc1623b7eb0,7beb41daec3d6a34c6da7696c56a982667957298f017ebe137829282b6ce7985,e6f30e55e478d39061b94e38de33959ca99b16e8cac38a3bd99b34f6543ad4a2,20260924,1.5,kinematic
gated,False,0,unseen_vessel,SS5,200,187,0.935,0.8919809207009312,0.961623645350847,0.0,0.0,0.0,0.0,0.935,0.065,187,0.1941341730852701,0.24776982856027432,0.1941646183590091,0.24656563855235997,0.021223536241581204,0.04330088102988458,4.969463416012419,4.074442959001782,3.404166666666667,0.04769803598596836,0.012861235112942635,0,0.0,0,-0.002848328079946355,0.0,0,0,0,0,0,187,0,13,da8eb57897cc9259ec1d9967d1528919cc4bf1325d7ed1fda0b7785ee97fecee,3.12.3,2.5.2,2.13.0,2.9.0,1.3.0,3.2.7,e9fa15cc35312a5c1ecf0c42668a690b5061c090,7ebad1ecabd28a7000add2d05f888aa2e837c2cc,c7fbdcc4df48bd4a2cfe21811613e5e50e3e4868822fe6dddd13745d96692118,b98d65cc5e34337369dcd4d69d63651cc2c99c19e8494199e8b5ec9e06c8b87f,3ee7e46399aea60603c767e0a604e79e7db233924ce71fe027a1ccc1623b7eb0,7beb41daec3d6a34c6da7696c56a982667957298f017ebe137829282b6ce7985,e6f30e55e478d39061b94e38de33959ca99b16e8cac38a3bd99b34f6543ad4a2,20260924,1.5,kinematic
gated,False,0,unseen_vessel,SS6,200,180,0.9,0.8505941875672826,0.9343295513309041,0.0,0.0,0.0,0.0,0.9,0.1,180,0.18917368351587258,0.24926611860741257,0.18881936580336817,0.24821661198468475,0.017993484606707133,0.03830074934741793,6.480239862917925,5.329699074074074,4.233333333333333,0.04623091243148611,0.013983509892038433,1,0.005,0,-0.0024886300230983547,0.0,0,0,0,0,0,180,0,20,da8eb57897cc9259ec1d9967d1528919cc4bf1325d7ed1fda0b7785ee97fecee,3.12.3,2.5.2,2.13.0,2.9.0,1.3.0,3.2.7,e9fa15cc35312a5c1ecf0c42668a690b5061c090,7ebad1ecabd28a7000add2d05f888aa2e837c2cc,c7fbdcc4df48bd4a2cfe21811613e5e50e3e4868822fe6dddd13745d96692118,b98d65cc5e34337369dcd4d69d63651cc2c99c19e8494199e8b5ec9e06c8b87f,3ee7e46399aea60603c767e0a604e79e7db233924ce71fe027a1ccc1623b7eb0,7beb41daec3d6a34c6da7696c56a982667957298f017ebe137829282b6ce7985,e6f30e55e478d39061b94e38de33959ca99b16e8cac38a3bd99b34f6543ad4a2,20260924,1.5,kinematic
gated,False,0,static,static,200,200,1.0,0.9811546736227335,1.0,0.0,0.0,0.0,0.0,1.0,0.0,200,0.19326196200714016,0.20363783183421635,0.19326196200714016,0.20363783183421635,0.02397730478303757,0.045108137324711646,4.45742139772843,3.2058541666666667,3.1416666666666666,0.042960959748209106,0.006007045729600286,0,0.0,0,-0.0026128690860842685,0.0,0,0,0,0,0,200,0,0,da8eb57897cc9259ec1d9967d1528919cc4bf1325d7ed1fda0b7785ee97fecee,3.12.3,2.5.2,2.13.0,2.9.0,1.3.0,3.2.7,e9fa15cc35312a5c1ecf0c42668a690b5061c090,7ebad1ecabd28a7000add2d05f888aa2e837c2cc,c7fbdcc4df48bd4a2cfe21811613e5e50e3e4868822fe6dddd13745d96692118,b98d65cc5e34337369dcd4d69d63651cc2c99c19e8494199e8b5ec9e06c8b87f,3ee7e46399aea60603c767e0a604e79e7db233924ce71fe027a1ccc1623b7eb0,7beb41daec3d6a34c6da7696c56a982667957298f017ebe137829282b6ce7985,e6f30e55e478d39061b94e38de33959ca99b16e8cac38a3bd99b34f6543ad4a2,20260924,1.5,kinematic
oracle_gated,True,0,id,SS3,200,200,1.0,0.9811546736227335,1.0,0.0,0.0,0.0,0.0,1.0,0.0,200,0.19300642647040628,0.2165770162997279,0.1930818267420033,0.21643761536969583,0.023678779398680138,0.04383297574852794,4.6420608177391305,3.293875,3.1875,0.043464446012263416,0.008495172135845153,0,0.0,0,-0.0019048440666125236,0.755,0,0,0,0,0,200,0,0,9665bd4cb954b7353cd59817d57d44e2f6101978299ff7bc65851d77f36e9132,3.12.3,2.5.2,2.13.0,2.9.0,1.3.0,3.2.7,e9fa15cc35312a5c1ecf0c42668a690b5061c090,7ebad1ecabd28a7000add2d05f888aa2e837c2cc,c7fbdcc4df48bd4a2cfe21811613e5e50e3e4868822fe6dddd13745d96692118,b98d65cc5e34337369dcd4d69d63651cc2c99c19e8494199e8b5ec9e06c8b87f,3ee7e46399aea60603c767e0a604e79e7db233924ce71fe027a1ccc1623b7eb0,7beb41daec3d6a34c6da7696c56a982667957298f017ebe137829282b6ce7985,e6f30e55e478d39061b94e38de33959ca99b16e8cac38a3bd99b34f6543ad4a2,20260924,1.5,kinematic
oracle_gated,True,0,id,SS4,200,196,0.98,0.9497129130941735,0.9921955735836505,0.0,0.0,0.0,0.0,0.98,0.02,196,0.1935131517450393,0.2336702206561771,0.19296750802730994,0.23381977636105464,0.021019501448263117,0.04393294431547309,4.690662444897788,3.621641156462585,3.30625,0.04531060140397971,0.0113116298462696,0,0.0,0,-0.0021511385188230075,0.75,0,0,0,0,0,196,0,4,9665bd4cb954b7353cd59817d57d44e2f6101978299ff7bc65851d77f36e9132,3.12.3,2.5.2,2.13.0,2.9.0,1.3.0,3.2.7,e9fa15cc35312a5c1ecf0c42668a690b5061c090,7ebad1ecabd28a7000add2d05f888aa2e837c2cc,c7fbdcc4df48bd4a2cfe21811613e5e50e3e4868822fe6dddd13745d96692118,b98d65cc5e34337369dcd4d69d63651cc2c99c19e8494199e8b5ec9e06c8b87f,3ee7e46399aea60603c767e0a604e79e7db233924ce71fe027a1ccc1623b7eb0,7beb41daec3d6a34c6da7696c56a982667957298f017ebe137829282b6ce7985,e6f30e55e478d39061b94e38de33959ca99b16e8cac38a3bd99b34f6543ad4a2,20260924,1.5,kinematic
oracle_gated,True,0,id,SS5,200,173,0.865,0.8107086162924745,0.9055342954521209,0.0,0.0,0.0,0.005,0.865,0.13,174,0.19195169372413146,0.2522173082746886,0.19300040010505692,0.2522678015040286,0.018722705862150975,0.043268345245441896,5.290869250668794,4.778568007662835,3.654166666666667,0.04340692304070741,0.01453420567422542,0,0.0,0,-0.002034612055191142,0.745,0,0,0,0,0,173,1,26,9665bd4cb954b7353cd59817d57d44e2f6101978299ff7bc65851d77f36e9132,3.12.3,2.5.2,2.13.0,2.9.0,1.3.0,3.2.7,e9fa15cc35312a5c1ecf0c42668a690b5061c090,7ebad1ecabd28a7000add2d05f888aa2e837c2cc,c7fbdcc4df48bd4a2cfe21811613e5e50e3e4868822fe6dddd13745d96692118,b98d65cc5e34337369dcd4d69d63651cc2c99c19e8494199e8b5ec9e06c8b87f,3ee7e46399aea60603c767e0a604e79e7db233924ce71fe027a1ccc1623b7eb0,7beb41daec3d6a34c6da7696c56a982667957298f017ebe137829282b6ce7985,e6f30e55e478d39061b94e38de33959ca99b16e8cac38a3bd99b34f6543ad4a2,20260924,1.5,kinematic
oracle_gated,True,0,id,SS6,200,123,0.615,0.5459986722024608,0.6796669027307678,0.0,0.0,0.0,0.0,0.615,0.385,123,0.18884691623846198,0.25455871247952405,0.18877358642120678,0.2535492683955646,0.01674118424266925,0.04261088079674035,5.638353971247053,5.754031165311653,5.091666666666667,0.036409033403309754,0.014313749429304325,0,0.0,0,-0.002568938593732916,0.0,0,0,0,0,0,123,0,77,9665bd4cb954b7353cd59817d57d44e2f6101978299ff7bc65851d77f36e9132,3.12.3,2.5.2,2.13.0,2.9.0,1.3.0,3.2.7,e9fa15cc35312a5c1ecf0c42668a690b5061c090,7ebad1ecabd28a7000add2d05f888aa2e837c2cc,c7fbdcc4df48bd4a2cfe21811613e5e50e3e4868822fe6dddd13745d96692118,b98d65cc5e34337369dcd4d69d63651cc2c99c19e8494199e8b5ec9e06c8b87f,3ee7e46399aea60603c767e0a604e79e7db233924ce71fe027a1ccc1623b7eb0,7beb41daec3d6a34c6da7696c56a982667957298f017ebe137829282b6ce7985,e6f30e55e478d39061b94e38de33959ca99b16e8cac38a3bd99b34f6543ad4a2,20260924,1.5,kinematic
oracle_gated,True,0,unseen_seastate,SS6,200,127,0.635,0.566317026527406,0.698594735350732,0.0,0.0,0.0,0.0,0.635,0.365,127,0.1930355539862912,0.24018423767926614,0.1939027809251912,0.2406604617577036,0.016704954840846695,0.03670979951231562,5.69883237119228,5.670898950131235,4.716666666666667,0.03361567182462769,0.01321347493611381,0,0.0,0,-0.0026851536491383026,0.0,0,0,0,0,0,127,0,73,9665bd4cb954b7353cd59817d57d44e2f6101978299ff7bc65851d77f36e9132,3.12.3,2.5.2,2.13.0,2.9.0,1.3.0,3.2.7,e9fa15cc35312a5c1ecf0c42668a690b5061c090,7ebad1ecabd28a7000add2d05f888aa2e837c2cc,c7fbdcc4df48bd4a2cfe21811613e5e50e3e4868822fe6dddd13745d96692118,b98d65cc5e34337369dcd4d69d63651cc2c99c19e8494199e8b5ec9e06c8b87f,3ee7e46399aea60603c767e0a604e79e7db233924ce71fe027a1ccc1623b7eb0,7beb41daec3d6a34c6da7696c56a982667957298f017ebe137829282b6ce7985,e6f30e55e478d39061b94e38de33959ca99b16e8cac38a3bd99b34f6543ad4a2,20260924,1.5,kinematic
oracle_gated,True,0,unseen_heading,SS3,200,200,1.0,0.9811546736227335,1.0,0.0,0.0,0.0,0.0,1.0,0.0,200,0.19254524946799187,0.20378293966498776,0.19242359712135626,0.2037742299190407,0.024296924132150812,0.04722823140465143,4.5389357950329385,3.281625,3.247916666666667,0.04345822392056895,0.006515596596017966,0,0.0,0,-0.0021482545704959283,0.0,0,0,0,0,0,200,0,0,9665bd4cb954b7353cd59817d57d44e2f6101978299ff7bc65851d77f36e9132,3.12.3,2.5.2,2.13.0,2.9.0,1.3.0,3.2.7,e9fa15cc35312a5c1ecf0c42668a690b5061c090,7ebad1ecabd28a7000add2d05f888aa2e837c2cc,c7fbdcc4df48bd4a2cfe21811613e5e50e3e4868822fe6dddd13745d96692118,b98d65cc5e34337369dcd4d69d63651cc2c99c19e8494199e8b5ec9e06c8b87f,3ee7e46399aea60603c767e0a604e79e7db233924ce71fe027a1ccc1623b7eb0,7beb41daec3d6a34c6da7696c56a982667957298f017ebe137829282b6ce7985,e6f30e55e478d39061b94e38de33959ca99b16e8cac38a3bd99b34f6543ad4a2,20260924,1.5,kinematic
oracle_gated,True,0,unseen_heading,SS4,200,200,1.0,0.9811546736227335,1.0,0.0,0.0,0.0,0.0,1.0,0.0,200,0.1902076391946097,0.209133825851233,0.19046006184799885,0.2092743139283422,0.023800956485957918,0.04904061400577777,5.2914720745343775,3.3136041666666665,3.2583333333333333,0.04350933040289613,0.007491708260462621,0,0.0,0,-0.00233034856204612,0.0,0,0,0,0,0,200,0,0,9665bd4cb954b7353cd59817d57d44e2f6101978299ff7bc65851d77f36e9132,3.12.3,2.5.2,2.13.0,2.9.0,1.3.0,3.2.7,e9fa15cc35312a5c1ecf0c42668a690b5061c090,7ebad1ecabd28a7000add2d05f888aa2e837c2cc,c7fbdcc4df48bd4a2cfe21811613e5e50e3e4868822fe6dddd13745d96692118,b98d65cc5e34337369dcd4d69d63651cc2c99c19e8494199e8b5ec9e06c8b87f,3ee7e46399aea60603c767e0a604e79e7db233924ce71fe027a1ccc1623b7eb0,7beb41daec3d6a34c6da7696c56a982667957298f017ebe137829282b6ce7985,e6f30e55e478d39061b94e38de33959ca99b16e8cac38a3bd99b34f6543ad4a2,20260924,1.5,kinematic
oracle_gated,True,0,unseen_heading,SS5,200,199,0.995,0.9722262956021069,0.9991168312843989,0.0,0.0,0.0,0.0,0.995,0.005,199,0.19460471735239296,0.21859277824543982,0.19432264276723982,0.21882498444217008,0.01987320037349016,0.041318402787356996,5.413252359610739,4.487060301507538,3.6416666666666666,0.03932810898085655,0.009032142138483704,0,0.0,0,-0.0021570813058370344,0.0,0,0,0,0,0,199,0,1,9665bd4cb954b7353cd59817d57d44e2f6101978299ff7bc65851d77f36e9132,3.12.3,2.5.2,2.13.0,2.9.0,1.3.0,3.2.7,e9fa15cc35312a5c1ecf0c42668a690b5061c090,7ebad1ecabd28a7000add2d05f888aa2e837c2cc,c7fbdcc4df48bd4a2cfe21811613e5e50e3e4868822fe6dddd13745d96692118,b98d65cc5e34337369dcd4d69d63651cc2c99c19e8494199e8b5ec9e06c8b87f,3ee7e46399aea60603c767e0a604e79e7db233924ce71fe027a1ccc1623b7eb0,7beb41daec3d6a34c6da7696c56a982667957298f017ebe137829282b6ce7985,e6f30e55e478d39061b94e38de33959ca99b16e8cac38a3bd99b34f6543ad4a2,20260924,1.5,kinematic
oracle_gated,True,0,unseen_heading,SS6,200,87,0.435,0.36815725502699076,0.504292637402054,0.0,0.0,0.0,0.0,0.435,0.565,87,0.19035934465216328,0.21467499844254917,0.18929354219681804,0.21449604596198005,0.015516004324759065,0.03442868898636369,6.352855248747758,6.165517241379312,5.6,0.02612559039047867,0.009189137536958629,0,0.0,0,-0.0024571922412212435,0.0,0,0,0,0,0,87,0,113,9665bd4cb954b7353cd59817d57d44e2f6101978299ff7bc65851d77f36e9132,3.12.3,2.5.2,2.13.0,2.9.0,1.3.0,3.2.7,e9fa15cc35312a5c1ecf0c42668a690b5061c090,7ebad1ecabd28a7000add2d05f888aa2e837c2cc,c7fbdcc4df48bd4a2cfe21811613e5e50e3e4868822fe6dddd13745d96692118,b98d65cc5e34337369dcd4d69d63651cc2c99c19e8494199e8b5ec9e06c8b87f,3ee7e46399aea60603c767e0a604e79e7db233924ce71fe027a1ccc1623b7eb0,7beb41daec3d6a34c6da7696c56a982667957298f017ebe137829282b6ce7985,e6f30e55e478d39061b94e38de33959ca99b16e8cac38a3bd99b34f6543ad4a2,20260924,1.5,kinematic
oracle_gated,True,0,unseen_vessel,SS3,200,200,1.0,0.9811546736227335,1.0,0.0,0.0,0.0,0.0,1.0,0.0,200,0.19136232246672952,0.21781663748097338,0.19129896342264924,0.2177914679439322,0.025317307913069364,0.048223295067156016,4.524394838515676,3.267395833333333,3.166666666666667,0.04381236551563021,0.007766224760496232,0,0.0,0,-0.0023002612642707048,0.0,0,0,0,0,0,200,0,0,9665bd4cb954b7353cd59817d57d44e2f6101978299ff7bc65851d77f36e9132,3.12.3,2.5.2,2.13.0,2.9.0,1.3.0,3.2.7,e9fa15cc35312a5c1ecf0c42668a690b5061c090,7ebad1ecabd28a7000add2d05f888aa2e837c2cc,c7fbdcc4df48bd4a2cfe21811613e5e50e3e4868822fe6dddd13745d96692118,b98d65cc5e34337369dcd4d69d63651cc2c99c19e8494199e8b5ec9e06c8b87f,3ee7e46399aea60603c767e0a604e79e7db233924ce71fe027a1ccc1623b7eb0,7beb41daec3d6a34c6da7696c56a982667957298f017ebe137829282b6ce7985,e6f30e55e478d39061b94e38de33959ca99b16e8cac38a3bd99b34f6543ad4a2,20260924,1.5,kinematic
oracle_gated,True,0,unseen_vessel,SS4,200,200,1.0,0.9811546736227335,1.0,0.0,0.0,0.0,0.0,1.0,0.0,200,0.19165076111347568,0.2235156180350935,0.19161020447181015,0.22343862964449104,0.024637087907043505,0.043870483139025286,4.522872861871636,3.4818333333333333,3.2458333333333336,0.04651480161161315,0.010517704785546566,0,0.0,0,-0.0023329267644038583,0.0,0,0,0,0,0,200,0,0,9665bd4cb954b7353cd59817d57d44e2f6101978299ff7bc65851d77f36e9132,3.12.3,2.5.2,2.13.0,2.9.0,1.3.0,3.2.7,e9fa15cc35312a5c1ecf0c42668a690b5061c090,7ebad1ecabd28a7000add2d05f888aa2e837c2cc,c7fbdcc4df48bd4a2cfe21811613e5e50e3e4868822fe6dddd13745d96692118,b98d65cc5e34337369dcd4d69d63651cc2c99c19e8494199e8b5ec9e06c8b87f,3ee7e46399aea60603c767e0a604e79e7db233924ce71fe027a1ccc1623b7eb0,7beb41daec3d6a34c6da7696c56a982667957298f017ebe137829282b6ce7985,e6f30e55e478d39061b94e38de33959ca99b16e8cac38a3bd99b34f6543ad4a2,20260924,1.5,kinematic
oracle_gated,True,0,unseen_vessel,SS5,200,189,0.945,0.9042130012276914,0.9690146582965411,0.0,0.0,0.0,0.0,0.945,0.055,189,0.19296621772543524,0.23866724142370596,0.1926992226925177,0.23901493997784595,0.01911246108498024,0.04277943811695893,5.002013171575898,4.42936507936508,3.5208333333333335,0.047683305458300386,0.013352939555579648,0,0.0,0,-0.0027891117495847904,0.0,0,0,0,0,0,189,0,11,9665bd4cb954b7353cd59817d57d44e2f6101978299ff7bc65851d77f36e9132,3.12.3,2.5.2,2.13.0,2.9.0,1.3.0,3.2.7,e9fa15cc35312a5c1ecf0c42668a690b5061c090,7ebad1ecabd28a7000add2d05f888aa2e837c2cc,c7fbdcc4df48bd4a2cfe21811613e5e50e3e4868822fe6dddd13745d96692118,b98d65cc5e34337369dcd4d69d63651cc2c99c19e8494199e8b5ec9e06c8b87f,3ee7e46399aea60603c767e0a604e79e7db233924ce71fe027a1ccc1623b7eb0,7beb41daec3d6a34c6da7696c56a982667957298f017ebe137829282b6ce7985,e6f30e55e478d39061b94e38de33959ca99b16e8cac38a3bd99b34f6543ad4a2,20260924,1.5,kinematic
oracle_gated,True,0,unseen_vessel,SS6,200,174,0.87,0.8163364812775159,0.9097179772033067,0.0,0.0,0.0,0.0,0.87,0.13,174,0.18972882624150095,0.2344282506965092,0.18964945832410834,0.234400445370237,0.01811176829650296,0.035040424209516946,5.209115033811715,5.477370689655173,4.887499999999999,0.047088169455989565,0.014678533425275293,0,0.0,0,-0.0032397104476671393,0.0,0,0,0,0,0,174,0,26,9665bd4cb954b7353cd59817d57d44e2f6101978299ff7bc65851d77f36e9132,3.12.3,2.5.2,2.13.0,2.9.0,1.3.0,3.2.7,e9fa15cc35312a5c1ecf0c42668a690b5061c090,7ebad1ecabd28a7000add2d05f888aa2e837c2cc,c7fbdcc4df48bd4a2cfe21811613e5e50e3e4868822fe6dddd13745d96692118,b98d65cc5e34337369dcd4d69d63651cc2c99c19e8494199e8b5ec9e06c8b87f,3ee7e46399aea60603c767e0a604e79e7db233924ce71fe027a1ccc1623b7eb0,7beb41daec3d6a34c6da7696c56a982667957298f017ebe137829282b6ce7985,e6f30e55e478d39061b94e38de33959ca99b16e8cac38a3bd99b34f6543ad4a2,20260924,1.5,kinematic
oracle_gated,True,0,static,static,200,200,1.0,0.9811546736227335,1.0,0.0,0.0,0.0,0.0,1.0,0.0,200,0.19326196200714016,0.20363783183421635,0.19326196200714016,0.20363783183421635,0.02397730478303757,0.045108137324711646,4.45742139772843,3.2058541666666667,3.1416666666666666,0.042960959748209106,0.006007045729600286,0,0.0,0,-0.0026128690860842685,0.0,0,0,0,0,0,200,0,0,9665bd4cb954b7353cd59817d57d44e2f6101978299ff7bc65851d77f36e9132,3.12.3,2.5.2,2.13.0,2.9.0,1.3.0,3.2.7,e9fa15cc35312a5c1ecf0c42668a690b5061c090,7ebad1ecabd28a7000add2d05f888aa2e837c2cc,c7fbdcc4df48bd4a2cfe21811613e5e50e3e4868822fe6dddd13745d96692118,b98d65cc5e34337369dcd4d69d63651cc2c99c19e8494199e8b5ec9e06c8b87f,3ee7e46399aea60603c767e0a604e79e7db233924ce71fe027a1ccc1623b7eb0,7beb41daec3d6a34c6da7696c56a982667957298f017ebe137829282b6ce7985,e6f30e55e478d39061b94e38de33959ca99b16e8cac38a3bd99b34f6543ad4a2,20260924,1.5,kinematic
