controller,trial,param_commit_radius_m,param_descent_rate_m_s,param_ki_xy_per_s2,param_kp_xy_per_s,SS3_n,SS3_frac_crash,SS3_frac_off_pad,SS3_frac_hard_landing,SS3_frac_bounce,SS3_frac_success,SS3_frac_timeout,SS3_td_closing_p50_m_s,SS3_td_closing_p95_m_s,SS3_td_lateral_p95_m,SS3_td_rel_tilt_p95_deg,SS3_mean_time_to_touchdown_s,SS3_disagreement_n,SS3_tunnelling_n,SS4_n,SS4_frac_crash,SS4_frac_off_pad,SS4_frac_hard_landing,SS4_frac_bounce,SS4_frac_success,SS4_frac_timeout,SS4_td_closing_p50_m_s,SS4_td_closing_p95_m_s,SS4_td_lateral_p95_m,SS4_td_rel_tilt_p95_deg,SS4_mean_time_to_touchdown_s,SS4_disagreement_n,SS4_tunnelling_n,SS5_n,SS5_frac_crash,SS5_frac_off_pad,SS5_frac_hard_landing,SS5_frac_bounce,SS5_frac_success,SS5_frac_timeout,SS5_td_closing_p50_m_s,SS5_td_closing_p95_m_s,SS5_td_lateral_p95_m,SS5_td_rel_tilt_p95_deg,SS5_mean_time_to_touchdown_s,SS5_disagreement_n,SS5_tunnelling_n,mean_success,pooled_td_closing_p95_m_s,n_episodes,selected,python,numpy,torch,sb3,gymnasium,pybullet,dmf_sha,gpd_sha,pool,tuning_seed,sobol_seed,episodes_per_sea_state,sea_states,pad,trials_budget,v_max_m_s,driver,omp_num_threads,cpu_count,host,timestamp_utc
pid_track_descend,0,0.05,0.3,0.2,1.5,60,0.0,0.0,0.0,0.0,1.0,0.0,0.2877544755176207,0.37098570157290356,0.03737932528156671,4.475307784195678,3.3549305555555553,0,0,60,0.0,0.0,0.05,0.016666666666666666,0.9333333333333333,0.0,0.3145966638056118,0.48659087982894117,0.04115250387999534,4.4082676492247215,3.380208333333333,0,0,60,0.0,0.0,0.08333333333333333,0.06666666666666667,0.85,0.0,0.3440481892728097,0.523931840827082,0.0440038008758294,6.73470444882885,3.4238194444444447,0,0,0.9277777777777777,0.4816565096533476,180,False,3.12.3,2.5.2,2.13.0,2.9.0,1.3.0,3.2.7,e9fa15cc35312a5c1ecf0c42668a690b5061c090,7ebad1ecabd28a7000add2d05f888aa2e837c2cc,dev_pool_tune:frigate|SS3-SS5|heading!=90|seeds27-31,20260923,20260923,60,SS3|SS4|SS5,aft,20,1.5,kinematic,1,36,DATTA-BASAK,2026-09-22T20:59:50+00:00
pid_track_descend,1,0.09133441947400571,0.5861366949230432,0.13723237626254559,2.667411739937961,60,0.0,0.0,0.7833333333333333,0.0,0.21666666666666667,0.0,0.5346704028399643,0.5951374226788941,0.02941289523238757,5.6827244065296325,1.78625,0,3,60,0.0,0.0,0.6833333333333333,0.0,0.31666666666666665,0.0,0.5421587002745183,0.7072068113792489,0.027621903279302074,5.618382282597908,1.838472222222222,0,10,60,0.0,0.0,0.6,0.0,0.4,0.0,0.5296548958570002,0.7683850802260176,0.029834413019743496,6.718138999860509,1.8653472222222225,0,12,0.3111111111111111,0.7173140523139322,180,False,3.12.3,2.5.2,2.13.0,2.9.0,1.3.0,3.2.7,e9fa15cc35312a5c1ecf0c42668a690b5061c090,7ebad1ecabd28a7000add2d05f888aa2e837c2cc,dev_pool_tune:frigate|SS3-SS5|heading!=90|seeds27-31,20260923,20260923,60,SS3|SS4|SS5,aft,20,1.5,kinematic,1,36,DATTA-BASAK,2026-09-22T20:59:50+00:00
pid_track_descend,2,0.0440942070633173,0.3279964828491211,0.5758016193285584,1.6435220972634852,60,0.0,0.0,0.0,0.0,1.0,0.0,0.31800299464072546,0.4035380916545229,0.05192922724477711,4.544872289592977,3.036388888888889,0,0,60,0.0,0.0,0.08333333333333333,0.0,0.9166666666666666,0.0,0.3450785005277307,0.5077613256270046,0.05004064548829191,5.681275103373349,3.079097222222222,0,0,60,0.0,0.0,0.13333333333333333,0.0,0.8666666666666667,0.0,0.3651072418275051,0.5954966286613399,0.050940629070457245,6.965185628372348,3.1304166666666666,0,0,0.9277777777777777,0.5204790640317105,180,False,3.12.3,2.5.2,2.13.0,2.9.0,1.3.0,3.2.7,e9fa15cc35312a5c1ecf0c42668a690b5061c090,7ebad1ecabd28a7000add2d05f888aa2e837c2cc,dev_pool_tune:frigate|SS3-SS5|heading!=90|seeds27-31,20260923,20260923,60,SS3|SS4|SS5,aft,20,1.5,kinematic,1,36,DATTA-BASAK,2026-09-22T20:59:50+00:00
pid_track_descend,3,0.06221991747617722,0.4651887533813715,0.2656943630427122,1.1049136561341584,60,0.0,0.0,0.06666666666666667,0.0,0.9333333333333333,0.0,0.4257693535525957,0.5134042192896101,0.04900024625588488,3.3100229938236128,2.562152777777777,0,0,60,0.0,0.0,0.2,0.0,0.8,0.0,0.42486392034345133,0.5770600301245002,0.04909048536102524,4.797476347455363,2.6393750000000007,0,1,60,0.0,0.0,0.31666666666666665,0.0,0.6833333333333333,0.0,0.44049795582413565,0.7015824104251263,0.0537180477251667,6.84327678446476,2.651597222222222,0,3,0.8055555555555557,0.5952953763436561,180,False,3.12.3,2.5.2,2.13.0,2.9.0,1.3.0,3.2.7,e9fa15cc35312a5c1ecf0c42668a690b5061c090,7ebad1ecabd28a7000add2d05f888aa2e837c2cc,dev_pool_tune:frigate|SS3-SS5|heading!=90|seeds27-31,20260923,20260923,60,SS3|SS4|SS5,aft,20,1.5,kinematic,1,36,DATTA-BASAK,2026-09-22T20:59:50+00:00
pid_track_descend,4,0.0344609023630619,0.20716235280036926,0.9541415357962251,1.9560189517214894,60,0.0,0.0,0.0,0.0,1.0,0.0,0.1993518977199517,0.2822116767213286,0.030637230114449163,4.113521915118342,4.436388888888889,0,0,60,0.0,0.0,0.0,0.06666666666666667,0.9333333333333333,0.0,0.23468114060973555,0.35348697753171593,0.030819612190542463,5.475184046006567,4.498611111111112,0,0,60,0.0,0.0,0.03333333333333333,0.11666666666666667,0.85,0.0,0.26018231256872065,0.436494804576658,0.026375178133931098,7.220322791837693,4.678611111111111,0,0,0.9277777777777777,0.39273346631740447,180,False,3.12.3,2.5.2,2.13.0,2.9.0,1.3.0,3.2.7,e9fa15cc35312a5c1ecf0c42668a690b5061c090,7ebad1ecabd28a7000add2d05f888aa2e837c2cc,dev_pool_tune:frigate|SS3-SS5|heading!=90|seeds27-31,20260923,20260923,60,SS3|SS4|SS5,aft,20,1.5,kinematic,1,36,DATTA-BASAK,2026-09-22T20:59:50+00:00
pid_track_descend,5,0.05768947593867779,0.11359818685799837,0.47849995642900467,2.1195569024421275,60,0.0,0.0,0.0,0.03333333333333333,0.9666666666666667,0.0,0.1268299517915955,0.20170277182853438,0.026241929125708257,5.6960630094417235,7.458263888888888,0,0,60,0.0,0.0,0.0,0.21666666666666667,0.7833333333333333,0.0,0.1721738664077026,0.29804691391017163,0.02628904085974069,5.972123002470994,7.508263888888889,0,0,60,0.0,0.0,0.016666666666666666,0.43333333333333335,0.55,0.0,0.2056680163327461,0.41367605222390647,0.027165848260221826,8.858112256350825,7.582361111111113,0,0,0.7666666666666666,0.3109849379547478,180,False,3.12.3,2.5.2,2.13.0,2.9.0,1.3.0,3.2.7,e9fa15cc35312a5c1ecf0c42668a690b5061c090,7ebad1ecabd28a7000add2d05f888aa2e837c2cc,dev_pool_tune:frigate|SS3-SS5|heading!=90|seeds27-31,20260923,20260923,60,SS3|SS4|SS5,aft,20,1.5,kinematic,1,36,DATTA-BASAK,2026-09-22T20:59:50+00:00
pid_track_descend,6,0.08555651910603047,0.3800029977783561,0.7899310728535056,0.6293345494195819,60,0.0,0.31666666666666665,0.0,0.0,0.6833333333333333,0.0,0.35656693538625006,0.4443105667217379,0.11974803532889657,4.6294162347171985,2.8940972222222223,0,0,60,0.0,0.31666666666666665,0.05,0.0,0.6333333333333333,0.0,0.3750375019272706,0.5423646155304996,0.1194913447341616,5.160881080545161,2.974652777777778,0,0,60,0.0,0.2833333333333333,0.1,0.0,0.6166666666666667,0.0,0.3907854007353815,0.5887569134402272,0.12024318689616387,5.794707145066729,3.028125,0,2,0.6444444444444445,0.5398578695688231,180,False,3.12.3,2.5.2,2.13.0,2.9.0,1.3.0,3.2.7,e9fa15cc35312a5c1ecf0c42668a690b5061c090,7ebad1ecabd28a7000add2d05f888aa2e837c2cc,dev_pool_tune:frigate|SS3-SS5|heading!=90|seeds27-31,20260923,20260923,60,SS3|SS4|SS5,aft,20,1.5,kinematic,1,36,DATTA-BASAK,2026-09-22T20:59:50+00:00
pid_track_descend,7,0.02867745161056519,0.2506808291748166,0.1146828904747963,1.1820537569001317,60,0.0,0.0,0.0,0.0,1.0,0.0,0.24564672016262867,0.3169568582459534,0.0374487407359353,4.008669905929716,4.507013888888888,0,0,60,0.0,0.0,0.016666666666666666,0.0,0.9833333333333333,0.0,0.26042341332487173,0.4361281896428583,0.032767043530920914,4.195521684790092,4.530694444444445,0,0,60,0.0,0.0,0.016666666666666666,0.06666666666666667,0.9166666666666666,0.0,0.2902474673361046,0.47986442475932206,0.03968235323384164,5.333885237508136,4.621736111111111,0,1,0.9666666666666667,0.44269353617100954,180,True,3.12.3,2.5.2,2.13.0,2.9.0,1.3.0,3.2.7,e9fa15cc35312a5c1ecf0c42668a690b5061c090,7ebad1ecabd28a7000add2d05f888aa2e837c2cc,dev_pool_tune:frigate|SS3-SS5|heading!=90|seeds27-31,20260923,20260923,60,SS3|SS4|SS5,aft,20,1.5,kinematic,1,36,DATTA-BASAK,2026-09-22T20:59:50+00:00
pid_track_descend,8,0.07581085667014122,0.5172024270519614,0.6762360772117972,2.816836465615779,60,0.0,0.0,0.23333333333333334,0.0,0.7666666666666667,0.0,0.46988304485089416,0.5517255864020013,0.04002728604248475,4.111421088108204,1.9840972222222217,0,0,60,0.0,0.0,0.5333333333333333,0.0,0.4666666666666667,0.0,0.5080656037050495,0.6438788879584677,0.04979520464253099,4.978361984149724,2.0318055555555556,0,2,60,0.0,0.0,0.5166666666666667,0.0,0.48333333333333334,0.0,0.5048536729132771,0.67192132115483,0.04577234959165212,10.200485965076105,2.0704166666666666,0,7,0.5722222222222223,0.6446015737855232,180,False,3.12.3,2.5.2,2.13.0,2.9.0,1.3.0,3.2.7,e9fa15cc35312a5c1ecf0c42668a690b5061c090,7ebad1ecabd28a7000add2d05f888aa2e837c2cc,dev_pool_tune:frigate|SS3-SS5|heading!=90|seeds27-31,20260923,20260923,60,SS3|SS4|SS5,aft,20,1.5,kinematic,1,36,DATTA-BASAK,2026-09-22T20:59:50+00:00
pid_track_descend,9,0.02336943067610264,0.36489412013441325,0.33458408806473017,2.8890408780425787,60,0.0,0.0,0.0,0.0,1.0,0.0,0.3446106036055889,0.4368975566260607,0.030266497608017796,5.185480831558076,2.817013888888889,0,0,60,0.0,0.0,0.05,0.016666666666666666,0.9333333333333333,0.0,0.3740767149466604,0.4976401567998123,0.03311487616206668,6.229826416422732,2.829375,0,0,60,0.0,0.0,0.13333333333333333,0.03333333333333333,0.8333333333333334,0.0,0.36021628779499865,0.6520355188628424,0.026516827857960022,6.1499948624733545,2.898611111111111,0,2,0.9222222222222222,0.5149189963341811,180,False,3.12.3,2.5.2,2.13.0,2.9.0,1.3.0,3.2.7,e9fa15cc35312a5c1ecf0c42668a690b5061c090,7ebad1ecabd28a7000add2d05f888aa2e837c2cc,dev_pool_tune:frigate|SS3-SS5|heading!=90|seeds27-31,20260923,20260923,60,SS3|SS4|SS5,aft,20,1.5,kinematic,1,36,DATTA-BASAK,2026-09-22T20:59:50+00:00
pid_track_descend,10,0.0711192973703146,0.11144125740975142,0.8979697581380606,1.4012840571813285,60,0.0,0.0,0.0,0.08333333333333333,0.9166666666666666,0.0,0.1300254075782305,0.19194645151935244,0.0346858051959905,5.580558994340858,7.634444444444445,0,0,60,0.0,0.0,0.0,0.3333333333333333,0.6666666666666666,0.0,0.1634243598157875,0.32646627743650325,0.03092645713961869,4.943468756422139,7.671875,0,0,60,0.0,0.0,0.0,0.4666666666666667,0.5333333333333333,0.0,0.2042983865692552,0.35002866040180447,0.033924463562017844,7.658674386841277,7.7640972222222215,0,0,0.7055555555555556,0.32646627743650325,180,False,3.12.3,2.5.2,2.13.0,2.9.0,1.3.0,3.2.7,e9fa15cc35312a5c1ecf0c42668a690b5061c090,7ebad1ecabd28a7000add2d05f888aa2e837c2cc,dev_pool_tune:frigate|SS3-SS5|heading!=90|seeds27-31,20260923,20260923,60,SS3|SS4|SS5,aft,20,1.5,kinematic,1,36,DATTA-BASAK,2026-09-22T20:59:50+00:00
pid_track_descend,11,0.052997563630342484,0.4878687245026231,0.19730275962501764,0.7015428035520017,60,0.0,0.0,0.2,0.0,0.8,0.0,0.4589013413610076,0.5470521562719656,0.06003362152218477,3.8772104144085455,2.9840277777777775,0,1,60,0.0,0.0,0.4,0.0,0.6,0.0,0.47603394870424787,0.63649480467427,0.06884543138310141,3.9162230569890384,3.0423611111111106,0,3,60,0.0,0.0,0.4,0.0,0.6,0.0,0.45728713922601605,0.6661941476009421,0.07506463097734227,5.748503607246745,3.0958333333333337,0,1,0.6666666666666666,0.636383831767871,180,False,3.12.3,2.5.2,2.13.0,2.9.0,1.3.0,3.2.7,e9fa15cc35312a5c1ecf0c42668a690b5061c090,7ebad1ecabd28a7000add2d05f888aa2e837c2cc,dev_pool_tune:frigate|SS3-SS5|heading!=90|seeds27-31,20260923,20260923,60,SS3|SS4|SS5,aft,20,1.5,kinematic,1,36,DATTA-BASAK,2026-09-22T20:59:50+00:00
pid_track_descend,12,0.08024816423654556,0.2343114725872874,0.510810500010848,2.338780902326107,60,0.0,0.0,0.0,0.0,1.0,0.0,0.227231994629987,0.29687858544021123,0.03603754973850905,5.22188625557312,3.7993749999999995,0,0,60,0.0,0.0,0.016666666666666666,0.1,0.8833333333333333,0.0,0.2566969367700326,0.3742135355686693,0.03264105821344797,4.807098493235049,3.829791666666666,0,1,60,0.0,0.0,0.06666666666666667,0.08333333333333333,0.85,0.0,0.2641224371421107,0.5541703541363396,0.03386377560923412,6.749331469830698,3.901111111111111,0,1,0.9111111111111111,0.3895546903174954,180,False,3.12.3,2.5.2,2.13.0,2.9.0,1.3.0,3.2.7,e9fa15cc35312a5c1ecf0c42668a690b5061c090,7ebad1ecabd28a7000add2d05f888aa2e837c2cc,dev_pool_tune:frigate|SS3-SS5|heading!=90|seeds27-31,20260923,20260923,60,SS3|SS4|SS5,aft,20,1.5,kinematic,1,36,DATTA-BASAK,2026-09-22T20:59:50+00:00
pid_track_descend,13,0.06690202303230762,0.2869953065365553,0.050660944543778896,1.8722834619693458,60,0.0,0.0,0.0,0.0,1.0,0.0,0.28067469020273694,0.375508087566473,0.028169873778481666,5.162783219022678,3.2703472222222216,0,0,60,0.0,0.0,0.08333333333333333,0.0,0.9166666666666666,0.0,0.3042753398085072,0.5122162237853746,0.02985934816546739,4.318961767443674,3.3049305555555555,0,0,60,0.0,0.0,0.06666666666666667,0.05,0.8833333333333333,0.0,0.31529758678224373,0.5129839722139192,0.02951691572074002,6.7018945369759315,3.3430555555555554,0,0,0.9333333333333332,0.4947412328474777,180,False,3.12.3,2.5.2,2.13.0,2.9.0,1.3.0,3.2.7,e9fa15cc35312a5c1ecf0c42668a690b5061c090,7ebad1ecabd28a7000add2d05f888aa2e837c2cc,dev_pool_tune:frigate|SS3-SS5|heading!=90|seeds27-31,20260923,20260923,60,SS3|SS4|SS5,aft,20,1.5,kinematic,1,36,DATTA-BASAK,2026-09-22T20:59:50+00:00
pid_track_descend,14,0.039778987690806386,0.5489349360764026,0.7372746765613556,0.8556939121335745,60,0.0,0.0,0.36666666666666664,0.03333333333333333,0.6,0.0,0.4821726081908596,0.5688418231158713,0.07762150026700464,4.612499984192899,3.0238194444444444,0,2,60,0.0,0.0,0.4666666666666667,0.05,0.48333333333333334,0.0,0.48851757462752543,0.6429711716105312,0.07532692853385396,3.642864945313384,3.239513888888889,0,4,60,0.0,0.0,0.4666666666666667,0.016666666666666666,0.5166666666666667,0.0,0.4880278289213855,0.6555049714140487,0.07237731777039227,5.277150797725306,3.505,0,3,0.5333333333333333,0.6381473459799775,180,False,3.12.3,2.5.2,2.13.0,2.9.0,1.3.0,3.2.7,e9fa15cc35312a5c1ecf0c42668a690b5061c090,7ebad1ecabd28a7000add2d05f888aa2e837c2cc,dev_pool_tune:frigate|SS3-SS5|heading!=90|seeds27-31,20260923,20260923,60,SS3|SS4|SS5,aft,20,1.5,kinematic,1,36,DATTA-BASAK,2026-09-22T20:59:50+00:00
pid_track_descend,15,0.09665224716067315,0.14787757091224193,0.42134470399469137,1.5597803071141243,60,0.0,0.0,0.0,0.0,1.0,0.0,0.14764032420472473,0.22083816936609418,0.0375499905640512,5.384020731436724,5.802847222222223,0,0,60,0.0,0.0,0.0,0.18333333333333332,0.8166666666666667,0.0,0.18214932266935163,0.3651780074599113,0.0423144396708506,4.978687275434337,5.819791666666665,0,0,60,0.0,0.0,0.0,0.25,0.75,0.0,0.20553222329895043,0.393507326174952,0.03593347404574394,5.623469500273805,5.9065972222222225,0,0,0.8555555555555555,0.375423055453709,180,False,3.12.3,2.5.2,2.13.0,2.9.0,1.3.0,3.2.7,e9fa15cc35312a5c1ecf0c42668a690b5061c090,7ebad1ecabd28a7000add2d05f888aa2e837c2cc,dev_pool_tune:frigate|SS3-SS5|heading!=90|seeds27-31,20260923,20260923,60,SS3|SS4|SS5,aft,20,1.5,kinematic,1,36,DATTA-BASAK,2026-09-22T20:59:50+00:00
pid_track_descend,16,0.04877603590488434,0.4097078521549702,0.8578363656997681,2.4181958376429975,60,0.0,0.0,0.03333333333333333,0.0,0.9666666666666667,0.0,0.36493569509974855,0.4588443331234337,0.040143494243755455,4.2987246140166615,2.444375,0,0,60,0.0,0.0,0.08333333333333333,0.0,0.9166666666666666,0.0,0.4023080284830636,0.5679562173011354,0.04468192643644075,5.776592517479234,2.4842361111111106,0,0,60,0.0,0.0,0.18333333333333332,0.0,0.8166666666666667,0.0,0.4280647574393545,0.6422779034502292,0.0419465095822352,6.012792066343136,2.5334027777777783,0,1,0.9,0.5698292928244036,180,False,3.12.3,2.5.2,2.13.0,2.9.0,1.3.0,3.2.7,e9fa15cc35312a5c1ecf0c42668a690b5061c090,7ebad1ecabd28a7000add2d05f888aa2e837c2cc,dev_pool_tune:frigate|SS3-SS5|heading!=90|seeds27-31,20260923,20260923,60,SS3|SS4|SS5,aft,20,1.5,kinematic,1,36,DATTA-BASAK,2026-09-22T20:59:50+00:00
pid_track_descend,17,0.07269740261137486,0.27387801233679054,0.3855176633223891,2.4913902156986296,60,0.0,0.0,0.0,0.0,1.0,0.0,0.26606994962994,0.33970761820608697,0.028809439736991238,4.7040038391647006,3.3280555555555558,0,0,60,0.0,0.0,0.03333333333333333,0.016666666666666666,0.95,0.0,0.2965157983726052,0.48066768751341743,0.0298933789752305,5.944439459176307,3.3734722222222215,0,0,60,0.0,0.0,0.05,0.08333333333333333,0.8666666666666667,0.0,0.3049584330580194,0.4983647858070469,0.03344959145286791,9.623126008860012,3.4056249999999997,0,1,0.9388888888888888,0.47843638895400464,180,False,3.12.3,2.5.2,2.13.0,2.9.0,1.3.0,3.2.7,e9fa15cc35312a5c1ecf0c42668a690b5061c090,7ebad1ecabd28a7000add2d05f888aa2e837c2cc,dev_pool_tune:frigate|SS3-SS5|heading!=90|seeds27-31,20260923,20260923,60,SS3|SS4|SS5,aft,20,1.5,kinematic,1,36,DATTA-BASAK,2026-09-22T20:59:50+00:00
pid_track_descend,18,0.020621829852461814,0.5274573342129588,0.8240869045257568,1.4669021656736732,60,0.0,0.0,0.16666666666666666,0.016666666666666666,0.8166666666666667,0.0,0.47019911169560547,0.5313308874867412,0.03447851119723987,4.478462650381632,3.938125,0,2,60,0.0,0.0,0.45,0.016666666666666666,0.5333333333333333,0.0,0.4921511540180553,0.6680000705998677,0.03184230928713897,3.819494186631047,4.181111111111111,0,4,60,0.0,0.0,0.5166666666666667,0.03333333333333333,0.45,0.0,0.5015057443826705,0.7185426588352212,0.03570484936730195,6.634182026215679,4.585138888888889,0,4,0.6,0.6727590352682589,180,False,3.12.3,2.5.2,2.13.0,2.9.0,1.3.0,3.2.7,e9fa15cc35312a5c1ecf0c42668a690b5061c090,7ebad1ecabd28a7000add2d05f888aa2e837c2cc,dev_pool_tune:frigate|SS3-SS5|heading!=90|seeds27-31,20260923,20260923,60,SS3|SS4|SS5,aft,20,1.5,kinematic,1,36,DATTA-BASAK,2026-09-22T20:59:50+00:00
pid_track_descend,19,0.08374763563275338,0.13687471572309734,0.021795964799821377,0.9288885975256562,60,0.0,0.0,0.0,0.05,0.95,0.0,0.1386704966589623,0.20168132955098328,0.03403932697651485,4.225055529380282,6.690347222222221,0,0,60,0.0,0.0,0.0,0.21666666666666667,0.7833333333333333,0.0,0.1539346111333872,0.3453073856536855,0.036015170990722066,4.879095426541842,6.796388888888888,0,0,60,0.0,0.0,0.016666666666666666,0.4166666666666667,0.5666666666666667,0.0,0.19175610727448456,0.4563115781079426,0.034732721755502974,8.764611652451533,6.8472222222222205,0,0,0.7666666666666666,0.3770932612076042,180,False,3.12.3,2.5.2,2.13.0,2.9.0,1.3.0,3.2.7,e9fa15cc35312a5c1ecf0c42668a690b5061c090,7ebad1ecabd28a7000add2d05f888aa2e837c2cc,dev_pool_tune:frigate|SS3-SS5|heading!=90|seeds27-31,20260923,20260923,60,SS3|SS4|SS5,aft,20,1.5,kinematic,1,36,DATTA-BASAK,2026-09-22T20:59:50+00:00
