controller,trial,param_commit_radius_m,param_descent_rate_m_s,param_k_ff,param_ki_xy_per_s2,param_kp_xy_per_s,SS3_n,SS3_frac_crash,SS3_frac_off_pad,SS3_frac_hard_landing,SS3_frac_bounce,SS3_frac_success,SS3_frac_timeout,SS3_td_closing_p50_m_s,SS3_td_closing_p95_m_s,SS3_td_lateral_p95_m,SS3_td_rel_tilt_p95_deg,SS3_mean_time_to_touchdown_s,SS3_disagreement_n,SS3_tunnelling_n,SS4_n,SS4_frac_crash,SS4_frac_off_pad,SS4_frac_hard_landing,SS4_frac_bounce,SS4_frac_success,SS4_frac_timeout,SS4_td_closing_p50_m_s,SS4_td_closing_p95_m_s,SS4_td_lateral_p95_m,SS4_td_rel_tilt_p95_deg,SS4_mean_time_to_touchdown_s,SS4_disagreement_n,SS4_tunnelling_n,SS5_n,SS5_frac_crash,SS5_frac_off_pad,SS5_frac_hard_landing,SS5_frac_bounce,SS5_frac_success,SS5_frac_timeout,SS5_td_closing_p50_m_s,SS5_td_closing_p95_m_s,SS5_td_lateral_p95_m,SS5_td_rel_tilt_p95_deg,SS5_mean_time_to_touchdown_s,SS5_disagreement_n,SS5_tunnelling_n,mean_success,pooled_td_closing_p95_m_s,n_episodes,selected,python,numpy,torch,sb3,gymnasium,pybullet,dmf_sha,gpd_sha,pool,tuning_seed,sobol_seed,episodes_per_sea_state,sea_states,pad,trials_budget,v_max_m_s,driver,omp_num_threads,cpu_count,host,timestamp_utc
pid_feedforward,0,0.05,0.3,1.0,0.2,1.5,60,0.0,0.0,0.0,0.0,1.0,0.0,0.2734619810547325,0.2980217528732964,0.04466157053498607,4.528139129605975,3.3771527777777774,0,0,60,0.0,0.0,0.0,0.0,1.0,0.0,0.28123081523720167,0.3261877079778639,0.0410661201995701,5.721308001741313,3.386388888888889,0,0,60,0.0,0.0,0.0,0.0,1.0,0.0,0.2715273344771115,0.31847946692953627,0.03918453978469258,4.9747886003775905,3.4715277777777778,0,0,1.0,0.31952067217193264,180,False,3.12.3,2.5.2,2.13.0,2.9.0,1.3.0,3.2.7,e9fa15cc35312a5c1ecf0c42668a690b5061c090,7ebad1ecabd28a7000add2d05f888aa2e837c2cc,dev_pool_tune:frigate|SS3-SS5|heading!=90|seeds27-31,20260923,20260923,60,SS3|SS4|SS5,aft,20,1.5,kinematic,1,36,DATTA-BASAK,2026-09-22T20:59:50+00:00
pid_feedforward,1,0.09133441947400571,0.5861366949230432,1.0033882587216794,0.13723237626254559,2.667411739937961,60,0.0,0.0,0.75,0.0,0.25,0.0,0.5179243793392846,0.5663899452165093,0.029000087560062848,5.673725824464318,1.7969444444444445,0,1,60,0.0,0.0,0.7833333333333333,0.0,0.21666666666666667,0.0,0.5254348813145818,0.5892137389120675,0.028310189056450275,4.855171252472405,1.8318055555555555,0,1,60,0.0,0.0,0.7,0.0,0.3,0.0,0.5199713844181589,0.569545074793036,0.033774081413275536,7.818545840766641,1.8772916666666668,0,1,0.25555555555555554,0.5698535653693481,180,False,3.12.3,2.5.2,2.13.0,2.9.0,1.3.0,3.2.7,e9fa15cc35312a5c1ecf0c42668a690b5061c090,7ebad1ecabd28a7000add2d05f888aa2e837c2cc,dev_pool_tune:frigate|SS3-SS5|heading!=90|seeds27-31,20260923,20260923,60,SS3|SS4|SS5,aft,20,1.5,kinematic,1,36,DATTA-BASAK,2026-09-22T20:59:50+00:00
pid_feedforward,2,0.0440942070633173,0.3279964828491211,0.6588093940168619,0.5758016193285584,1.6435220972634852,60,0.0,0.0,0.0,0.0,1.0,0.0,0.3067219422745793,0.35279332022126714,0.05616906288520551,4.938484621441862,3.038888888888889,0,0,60,0.0,0.0,0.0,0.0,1.0,0.0,0.3018569501119193,0.38054739114995745,0.053186464426154524,4.718347450386711,3.066527777777778,0,0,60,0.0,0.0,0.0,0.0,1.0,0.0,0.3210433514904829,0.39159862713092997,0.052613160229588896,6.099983323032732,3.1287500000000006,0,0,1.0,0.38016526285302205,180,False,3.12.3,2.5.2,2.13.0,2.9.0,1.3.0,3.2.7,e9fa15cc35312a5c1ecf0c42668a690b5061c090,7ebad1ecabd28a7000add2d05f888aa2e837c2cc,dev_pool_tune:frigate|SS3-SS5|heading!=90|seeds27-31,20260923,20260923,60,SS3|SS4|SS5,aft,20,1.5,kinematic,1,36,DATTA-BASAK,2026-09-22T20:59:50+00:00
pid_feedforward,3,0.06221991747617722,0.4651887533813715,0.7373432602733374,0.2656943630427122,1.1049136561341584,60,0.0,0.0,0.0,0.0,1.0,0.0,0.41309206939855786,0.4550488431137768,0.05023880491915388,4.623366106791271,2.5619444444444444,0,0,60,0.0,0.0,0.03333333333333333,0.0,0.9666666666666667,0.0,0.43141689978598735,0.4879694528168582,0.05651861873182296,5.15752090239701,2.608888888888889,0,0,60,0.0,0.0,0.05,0.0,0.95,0.0,0.42532145109572717,0.4937229736532465,0.06287390857506393,7.335450293752449,2.6682638888888888,0,0,0.9722222222222223,0.4888403772542877,180,False,3.12.3,2.5.2,2.13.0,2.9.0,1.3.0,3.2.7,e9fa15cc35312a5c1ecf0c42668a690b5061c090,7ebad1ecabd28a7000add2d05f888aa2e837c2cc,dev_pool_tune:frigate|SS3-SS5|heading!=90|seeds27-31,20260923,20260923,60,SS3|SS4|SS5,aft,20,1.5,kinematic,1,36,DATTA-BASAK,2026-09-22T20:59:50+00:00
pid_feedforward,4,0.0344609023630619,0.20716235280036926,1.081741817947477,0.9541415357962251,1.9560189517214894,60,0.0,0.0,0.0,0.0,1.0,0.0,0.18897008008751986,0.2196441157024581,0.03140615721402725,4.847738630678722,4.449027777777778,0,0,60,0.0,0.0,0.0,0.0,1.0,0.0,0.18931758602973303,0.24567369968490732,0.033293797928628056,5.16269574295808,4.4766666666666675,0,0,60,0.0,0.0,0.0,0.0,1.0,0.0,0.19086095790284252,0.2517857143024102,0.03026705315442921,7.78604195606858,4.555625000000001,0,0,1.0,0.2453634363199233,180,True,3.12.3,2.5.2,2.13.0,2.9.0,1.3.0,3.2.7,e9fa15cc35312a5c1ecf0c42668a690b5061c090,7ebad1ecabd28a7000add2d05f888aa2e837c2cc,dev_pool_tune:frigate|SS3-SS5|heading!=90|seeds27-31,20260923,20260923,60,SS3|SS4|SS5,aft,20,1.5,kinematic,1,36,DATTA-BASAK,2026-09-22T20:59:50+00:00
pid_feedforward,5,0.05768947593867779,0.11359818685799837,1.1539121771231293,0.47849995642900467,2.1195569024421275,60,0.0,0.0,0.0,0.0,1.0,0.0,0.10713575883654083,0.1278002213428862,0.029645582126272427,5.189440353996122,7.519722222222223,0,0,60,0.0,0.0,0.0,0.0,1.0,0.0,0.11437778580568478,0.17530767081598264,0.024324127717807807,5.803001168061276,7.516388888888888,1,0,60,0.0,0.0,0.0,0.05,0.95,0.0,0.10429680455448861,0.1761220664313954,0.035792944537753994,8.936105333339766,7.658888888888891,0,0,0.9833333333333334,0.1729908487457596,180,False,3.12.3,2.5.2,2.13.0,2.9.0,1.3.0,3.2.7,e9fa15cc35312a5c1ecf0c42668a690b5061c090,7ebad1ecabd28a7000add2d05f888aa2e837c2cc,dev_pool_tune:frigate|SS3-SS5|heading!=90|seeds27-31,20260923,20260923,60,SS3|SS4|SS5,aft,20,1.5,kinematic,1,36,DATTA-BASAK,2026-09-22T20:59:50+00:00
pid_feedforward,6,0.08555651910603047,0.3800029977783561,0.7984923769719898,0.7899310728535056,0.6293345494195819,60,0.0,0.16666666666666666,0.0,0.0,0.8333333333333334,0.0,0.34693427594734993,0.3797318222174951,0.11959183969148267,3.984161486437373,2.8989583333333337,0,0,60,0.0,0.25,0.0,0.0,0.75,0.0,0.34972216097774833,0.4029487801354503,0.12188753783919812,4.112203681920798,2.9795833333333324,0,0,60,0.0,0.23333333333333334,0.0,0.0,0.7666666666666667,0.0,0.35710337607794007,0.4206868250978188,0.12143866122117679,6.822945357030011,3.0175,0,0,0.7833333333333333,0.4050692881647397,180,False,3.12.3,2.5.2,2.13.0,2.9.0,1.3.0,3.2.7,e9fa15cc35312a5c1ecf0c42668a690b5061c090,7ebad1ecabd28a7000add2d05f888aa2e837c2cc,dev_pool_tune:frigate|SS3-SS5|heading!=90|seeds27-31,20260923,20260923,60,SS3|SS4|SS5,aft,20,1.5,kinematic,1,36,DATTA-BASAK,2026-09-22T20:59:50+00:00
pid_feedforward,7,0.02867745161056519,0.2506808291748166,0.5053114083595573,0.1146828904747963,1.1820537569001317,60,0.0,0.0,0.0,0.0,1.0,0.0,0.23771798196200492,0.26756541068921086,0.03387953740195031,4.867553391618485,4.5138194444444455,0,0,60,0.0,0.0,0.0,0.0,1.0,0.0,0.24173541905523774,0.326789852111114,0.04523103804871755,4.1722221064322245,4.574722222222222,0,0,60,0.0,0.0,0.0,0.016666666666666666,0.9833333333333333,0.0,0.23169755046020868,0.31776118165697875,0.04358761899996374,5.800187098090631,4.651805555555555,0,0,0.9944444444444445,0.318514573050197,180,False,3.12.3,2.5.2,2.13.0,2.9.0,1.3.0,3.2.7,e9fa15cc35312a5c1ecf0c42668a690b5061c090,7ebad1ecabd28a7000add2d05f888aa2e837c2cc,dev_pool_tune:frigate|SS3-SS5|heading!=90|seeds27-31,20260923,20260923,60,SS3|SS4|SS5,aft,20,1.5,kinematic,1,36,DATTA-BASAK,2026-09-22T20:59:50+00:00
pid_feedforward,8,0.07581085667014122,0.5172024270519614,0.8609141858294607,0.6762360772117972,2.816836465615779,60,0.0,0.0,0.03333333333333333,0.0,0.9666666666666667,0.0,0.45696901324890443,0.49313829280392435,0.03843610947771983,5.495755155811639,1.9936805555555555,0,0,60,0.0,0.0,0.2,0.0,0.8,0.0,0.4540323283595321,0.5306500055301023,0.05189865327227351,5.410445843327385,2.0299305555555556,0,0,60,0.0,0.0,0.13333333333333333,0.0,0.8666666666666667,0.0,0.46078749608343017,0.5268397056537688,0.04455630078854701,9.490651290853766,2.0788194444444446,0,0,0.8777777777777778,0.5194185812165436,180,False,3.12.3,2.5.2,2.13.0,2.9.0,1.3.0,3.2.7,e9fa15cc35312a5c1ecf0c42668a690b5061c090,7ebad1ecabd28a7000add2d05f888aa2e837c2cc,dev_pool_tune:frigate|SS3-SS5|heading!=90|seeds27-31,20260923,20260923,60,SS3|SS4|SS5,aft,20,1.5,kinematic,1,36,DATTA-BASAK,2026-09-22T20:59:50+00:00
pid_feedforward,9,0.02336943067610264,0.36489412013441325,0.5991868463344872,0.33458408806473017,2.8890408780425787,60,0.0,0.0,0.0,0.0,1.0,0.0,0.34389513211252687,0.39719949546038386,0.03158389580133805,5.58956601797262,2.8304166666666664,0,0,60,0.0,0.0,0.0,0.0,1.0,0.0,0.33418717972280787,0.42554683376952446,0.028045453497544646,5.583045878824335,2.842638888888889,0,0,60,0.0,0.0,0.016666666666666666,0.0,0.9833333333333333,0.0,0.3608214086402616,0.4613001276290726,0.029597386906472435,7.592950141075937,2.912777777777778,0,1,0.9944444444444445,0.4283635394750875,180,False,3.12.3,2.5.2,2.13.0,2.9.0,1.3.0,3.2.7,e9fa15cc35312a5c1ecf0c42668a690b5061c090,7ebad1ecabd28a7000add2d05f888aa2e837c2cc,dev_pool_tune:frigate|SS3-SS5|heading!=90|seeds27-31,20260923,20260923,60,SS3|SS4|SS5,aft,20,1.5,kinematic,1,36,DATTA-BASAK,2026-09-22T20:59:50+00:00
pid_feedforward,10,0.0711192973703146,0.11144125740975142,0.9547040911391378,0.8979697581380606,1.4012840571813285,60,0.0,0.0,0.0,0.016666666666666666,0.9833333333333333,0.0,0.09927317724262788,0.12591152720296447,0.03146550812802688,4.572488257320811,7.716805555555555,0,0,60,0.0,0.0,0.0,0.0,1.0,0.0,0.10742506842989717,0.15691524930145842,0.030270699068316833,5.174583646087717,7.698333333333333,0,0,60,0.0,0.0,0.0,0.016666666666666666,0.9833333333333333,0.0,0.10300747914818936,0.16885029545618163,0.03101700379981066,8.68469079512414,7.8540277777777785,0,0,0.9888888888888889,0.1529950710926737,180,False,3.12.3,2.5.2,2.13.0,2.9.0,1.3.0,3.2.7,e9fa15cc35312a5c1ecf0c42668a690b5061c090,7ebad1ecabd28a7000add2d05f888aa2e837c2cc,dev_pool_tune:frigate|SS3-SS5|heading!=90|seeds27-31,20260923,20260923,60,SS3|SS4|SS5,aft,20,1.5,kinematic,1,36,DATTA-BASAK,2026-09-22T20:59:50+00:00
pid_feedforward,11,0.052997563630342484,0.4878687245026231,1.0539060080423952,0.19730275962501764,0.7015428035520017,60,0.0,0.0,0.016666666666666666,0.0,0.9833333333333333,0.0,0.43739634144726547,0.4756955988378222,0.06722951748552912,4.259960918800745,3.0186805555555556,0,0,60,0.0,0.0,0.05,0.0,0.95,0.0,0.43807527177326777,0.4909865995496336,0.05930397634301253,6.701000211727621,3.1001388888888886,0,0,60,0.0,0.0,0.016666666666666666,0.0,0.9833333333333333,0.0,0.4461421027227415,0.4875414114506124,0.0707627927130299,5.706308420399346,3.1418055555555555,0,0,0.9722222222222222,0.48615617416825746,180,False,3.12.3,2.5.2,2.13.0,2.9.0,1.3.0,3.2.7,e9fa15cc35312a5c1ecf0c42668a690b5061c090,7ebad1ecabd28a7000add2d05f888aa2e837c2cc,dev_pool_tune:frigate|SS3-SS5|heading!=90|seeds27-31,20260923,20260923,60,SS3|SS4|SS5,aft,20,1.5,kinematic,1,36,DATTA-BASAK,2026-09-22T20:59:50+00:00
pid_feedforward,12,0.08024816423654556,0.2343114725872874,0.698571573663503,0.510810500010848,2.338780902326107,60,0.0,0.0,0.0,0.0,1.0,0.0,0.2165580640799017,0.24762874929588205,0.03162618693064065,4.667294700623099,3.8167361111111107,0,0,60,0.0,0.0,0.0,0.0,1.0,0.0,0.212951720549323,0.28950956712240167,0.037013476904829486,5.5213637514008225,3.84125,0,0,60,0.0,0.0,0.0,0.016666666666666666,0.9833333333333333,0.0,0.21749773576238388,0.289181804812081,0.0341279112036863,9.643719048881946,3.9252777777777776,0,0,0.9944444444444445,0.2807243309765573,180,False,3.12.3,2.5.2,2.13.0,2.9.0,1.3.0,3.2.7,e9fa15cc35312a5c1ecf0c42668a690b5061c090,7ebad1ecabd28a7000add2d05f888aa2e837c2cc,dev_pool_tune:frigate|SS3-SS5|heading!=90|seeds27-31,20260923,20260923,60,SS3|SS4|SS5,aft,20,1.5,kinematic,1,36,DATTA-BASAK,2026-09-22T20:59:50+00:00
pid_feedforward,13,0.06690202303230762,0.2869953065365553,0.8157736685127019,0.050660944543778896,1.8722834619693458,60,0.0,0.0,0.0,0.0,1.0,0.0,0.26824403651550766,0.2945153386625113,0.030788100510987227,6.411255122950828,3.283263888888889,0,0,60,0.0,0.0,0.0,0.0,1.0,0.0,0.2669972975681142,0.3241433100505529,0.0282743670331685,4.410175574202025,3.3065972222222224,0,0,60,0.0,0.0,0.0,0.016666666666666666,0.9833333333333333,0.0,0.25955611473287216,0.3378758945362222,0.03158317012392891,5.570266633861834,3.375763888888889,0,0,0.9944444444444445,0.32392316672229965,180,False,3.12.3,2.5.2,2.13.0,2.9.0,1.3.0,3.2.7,e9fa15cc35312a5c1ecf0c42668a690b5061c090,7ebad1ecabd28a7000add2d05f888aa2e837c2cc,dev_pool_tune:frigate|SS3-SS5|heading!=90|seeds27-31,20260923,20260923,60,SS3|SS4|SS5,aft,20,1.5,kinematic,1,36,DATTA-BASAK,2026-09-22T20:59:50+00:00
pid_feedforward,14,0.039778987690806386,0.5489349360764026,1.1602577588520944,0.7372746765613556,0.8556939121335745,60,0.0,0.0,0.35,0.016666666666666666,0.6333333333333333,0.0,0.48574316354726826,0.526864684851376,0.07656278954225589,3.6255781212626395,3.0430555555555556,0,0,60,0.0,0.0,0.31666666666666665,0.016666666666666666,0.6666666666666666,0.0,0.4791647683568664,0.5357546753294044,0.07647012306917,4.7087162380641425,3.3812499999999996,0,0,60,0.0,0.0,0.43333333333333335,0.05,0.5166666666666667,0.0,0.4879672112198678,0.558358190204068,0.07981893854195803,6.372464111353528,3.551944444444444,0,1,0.6055555555555555,0.5445270688312712,180,False,3.12.3,2.5.2,2.13.0,2.9.0,1.3.0,3.2.7,e9fa15cc35312a5c1ecf0c42668a690b5061c090,7ebad1ecabd28a7000add2d05f888aa2e837c2cc,dev_pool_tune:frigate|SS3-SS5|heading!=90|seeds27-31,20260923,20260923,60,SS3|SS4|SS5,aft,20,1.5,kinematic,1,36,DATTA-BASAK,2026-09-22T20:59:50+00:00
pid_feedforward,15,0.09665224716067315,0.14787757091224193,0.93117436459288,0.42134470399469137,1.5597803071141243,60,0.0,0.0,0.0,0.0,1.0,0.0,0.13812211252388956,0.16075794977030466,0.03954559172109602,4.567980898517495,5.842083333333333,0,0,60,0.0,0.0,0.0,0.0,1.0,0.0,0.13668044460196843,0.18593521836508037,0.031141205603887966,5.026532989000732,5.8452777777777785,0,0,60,0.0,0.0,0.0,0.016666666666666666,0.9833333333333333,0.0,0.1438240196179234,0.18450142621885338,0.033958778672207396,6.562557121028637,5.967083333333334,0,0,0.9944444444444445,0.17859364308148948,180,False,3.12.3,2.5.2,2.13.0,2.9.0,1.3.0,3.2.7,e9fa15cc35312a5c1ecf0c42668a690b5061c090,7ebad1ecabd28a7000add2d05f888aa2e837c2cc,dev_pool_tune:frigate|SS3-SS5|heading!=90|seeds27-31,20260923,20260923,60,SS3|SS4|SS5,aft,20,1.5,kinematic,1,36,DATTA-BASAK,2026-09-22T20:59:50+00:00
pid_feedforward,16,0.04877603590488434,0.4097078521549702,0.5865101341158152,0.8578363656997681,2.4181958376429975,60,0.0,0.0,0.0,0.0,1.0,0.0,0.3652965593867959,0.43394171638797163,0.044530098056343656,4.950916929262215,2.453611111111111,0,0,60,0.0,0.0,0.0,0.0,1.0,0.0,0.37755878661926195,0.43447029710899293,0.0400723826009477,6.1575933123989275,2.48375,0,0,60,0.0,0.0,0.06666666666666667,0.0,0.9333333333333333,0.0,0.38230412051224305,0.5063762455313073,0.0437257547537087,6.577999490600729,2.5433333333333334,0,0,0.9777777777777779,0.4535613664368045,180,False,3.12.3,2.5.2,2.13.0,2.9.0,1.3.0,3.2.7,e9fa15cc35312a5c1ecf0c42668a690b5061c090,7ebad1ecabd28a7000add2d05f888aa2e837c2cc,dev_pool_tune:frigate|SS3-SS5|heading!=90|seeds27-31,20260923,20260923,60,SS3|SS4|SS5,aft,20,1.5,kinematic,1,36,DATTA-BASAK,2026-09-22T20:59:50+00:00
pid_feedforward,17,0.07269740261137486,0.27387801233679054,1.101892555039376,0.3855176633223891,2.4913902156986296,60,0.0,0.0,0.0,0.0,1.0,0.0,0.25050149920826575,0.2804206779137696,0.02886904583557483,4.562849548141333,3.3528472222222216,0,0,60,0.0,0.0,0.0,0.0,1.0,0.0,0.2506355743478675,0.31228497266439975,0.032881323836140675,6.169129613287654,3.3734027777777778,0,0,60,0.0,0.0,0.0,0.0,1.0,0.0,0.24377878734965952,0.3011159858157529,0.031529277701932985,6.24077645766035,3.4525,0,0,1.0,0.29675165361784356,180,False,3.12.3,2.5.2,2.13.0,2.9.0,1.3.0,3.2.7,e9fa15cc35312a5c1ecf0c42668a690b5061c090,7ebad1ecabd28a7000add2d05f888aa2e837c2cc,dev_pool_tune:frigate|SS3-SS5|heading!=90|seeds27-31,20260923,20260923,60,SS3|SS4|SS5,aft,20,1.5,kinematic,1,36,DATTA-BASAK,2026-09-22T20:59:50+00:00
pid_feedforward,18,0.020621829852461814,0.5274573342129588,0.7572283193469047,0.8240869045257568,1.4669021656736732,60,0.0,0.0,0.1,0.016666666666666666,0.8833333333333333,0.0,0.4606473434030097,0.5080283180524346,0.033389572821280925,4.8047098094042635,3.9534027777777774,0,0,60,0.0,0.0,0.18333333333333332,0.016666666666666666,0.8,0.0,0.47281575662080044,0.5216539750496124,0.03334721131313665,3.6841902759120795,4.2465972222222215,0,0,60,0.0,0.0,0.21666666666666667,0.0,0.7833333333333333,0.0,0.47202345429238557,0.5255824807366701,0.03281676553583568,6.498531714675238,4.515694444444444,0,0,0.8222222222222223,0.5198289216500107,180,False,3.12.3,2.5.2,2.13.0,2.9.0,1.3.0,3.2.7,e9fa15cc35312a5c1ecf0c42668a690b5061c090,7ebad1ecabd28a7000add2d05f888aa2e837c2cc,dev_pool_tune:frigate|SS3-SS5|heading!=90|seeds27-31,20260923,20260923,60,SS3|SS4|SS5,aft,20,1.5,kinematic,1,36,DATTA-BASAK,2026-09-22T20:59:50+00:00
pid_feedforward,19,0.08374763563275338,0.13687471572309734,0.6388817720115185,0.021795964799821377,0.9288885975256562,60,0.0,0.0,0.0,0.0,1.0,0.0,0.1301408447155415,0.1577163708423999,0.0397899036179195,4.764448093443675,6.711736111111111,0,0,60,0.0,0.0,0.0,0.03333333333333333,0.9666666666666667,0.0,0.1296795279092839,0.20477225622685452,0.0384895660819722,5.0237444751065405,6.811805555555555,0,0,60,0.0,0.0,0.0,0.06666666666666667,0.9333333333333333,0.0,0.13343843298225305,0.24577905061098812,0.030720217066052602,7.111784375577243,6.909027777777778,1,0,0.9666666666666668,0.22453313213933243,180,False,3.12.3,2.5.2,2.13.0,2.9.0,1.3.0,3.2.7,e9fa15cc35312a5c1ecf0c42668a690b5061c090,7ebad1ecabd28a7000add2d05f888aa2e837c2cc,dev_pool_tune:frigate|SS3-SS5|heading!=90|seeds27-31,20260923,20260923,60,SS3|SS4|SS5,aft,20,1.5,kinematic,1,36,DATTA-BASAK,2026-09-22T20:59:50+00:00
