method,seed,draw_seed,max_abs_err,threshold,passed
ppo,0,20260909,3.2782554626464844e-07,0.0001,True
ppo,0,0,2.682209014892578e-07,0.0001,True
ppo,0,1,2.980232238769531e-07,0.0001,True
ppo,0,7,2.980232238769531e-07,0.0001,True
ppo,0,42,3.5762786865234375e-07,0.0001,True
ppo,4,20260909,3.0547380447387695e-07,0.0001,True
ppo,4,0,3.2782554626464844e-07,0.0001,True
ppo,4,1,2.7567148208618164e-07,0.0001,True
ppo,4,7,3.5762786865234375e-07,0.0001,True
ppo,4,42,2.905726432800293e-07,0.0001,True
residual_ppo_forecast,0,20260909,8.344650268554688e-07,0.0001,True
residual_ppo_forecast,0,0,6.109476089477539e-07,0.0001,True
residual_ppo_forecast,0,1,7.003545761108398e-07,0.0001,True
residual_ppo_forecast,0,7,6.556510925292969e-07,0.0001,True
residual_ppo_forecast,0,42,6.407499313354492e-07,0.0001,True
residual_ppo_forecast,4,20260909,6.258487701416016e-07,0.0001,True
residual_ppo_forecast,4,0,6.556510925292969e-07,0.0001,True
residual_ppo_forecast,4,1,7.152557373046875e-07,0.0001,True
residual_ppo_forecast,4,7,6.556510925292969e-07,0.0001,True
residual_ppo_forecast,4,42,6.556510925292969e-07,0.0001,True
