method,seed,comparator,n_evaluations,max_abs_d_action,p99_abs_d_action,median_abs_d_action,mean_abs_d_action,median_ratio_to_onnx
ppo,0,onnx,9237,4.76837158203125e-07,2.384185791015625e-07,5.960464477539063e-08,7.164025863942497e-08,1.0
ppo,0,torch_folded,9237,3.5762786865234375e-07,1.7881393432617188e-07,4.470348358154297e-08,5.191282250575541e-08,0.75
ppo,0,torch_fp64,9237,1.3667618536938875e-07,7.736458521367918e-08,1.6824048987285067e-08,2.087498387359612e-08,0.28226070385426283
ppo,0,ulp_k1-20,184740,1.043081283569336e-06,5.513429641723633e-07,1.1920928955078125e-07,1.5313232457865168e-07,2.0
ppo,4,onnx,9363,4.76837158203125e-07,2.5331974029541016e-07,5.960464477539063e-08,7.088431094009296e-08,1.0
ppo,4,torch_folded,9363,2.980232238769531e-07,1.7881393432617188e-07,2.9802322387695312e-08,4.592276715728114e-08,0.5
ppo,4,torch_fp64,9363,1.4161446226790275e-07,7.846900189512052e-08,1.5866098102002013e-08,2.034477876962527e-08,0.2661889549344778
ppo,4,ulp_k1-20,187260,9.98377799987793e-07,5.960464477539062e-07,1.1920928955078125e-07,1.6155089113933336e-07,2.0
residual_ppo_forecast,0,onnx,11370,8.344650268554688e-07,5.513429641723633e-07,8.940696716308594e-08,1.3100540735607306e-07,1.0
residual_ppo_forecast,0,torch_folded,11370,8.046627044677734e-07,5.21540641784668e-07,7.82310962677002e-08,1.1417988143867847e-07,0.875
residual_ppo_forecast,0,torch_fp64,11370,2.043219672898111e-07,1.085682304075019e-07,2.1246880269054635e-08,2.686817929183613e-08,0.23764233306671181
residual_ppo_forecast,0,ulp_k1-20,227400,4.4405460357666016e-06,2.384185791015625e-06,3.5762786865234375e-07,5.025969918165274e-07,4.0
residual_ppo_forecast,4,onnx,11295,9.5367431640625e-07,4.470348358154297e-07,8.940696716308594e-08,1.021520331116074e-07,1.0
residual_ppo_forecast,4,torch_folded,11295,9.834766387939453e-07,3.8743019104003906e-07,5.960464477539063e-08,8.315106337678121e-08,0.6666666666666666
residual_ppo_forecast,4,torch_fp64,11295,1.9163471121075304e-07,9.451102747581872e-08,1.8534539042436293e-08,2.3728844260960793e-08,0.20730530998359123
residual_ppo_forecast,4,ulp_k1-20,225900,2.473592758178711e-06,1.1324882507324219e-06,2.0116567611694336e-07,2.5742212579440903e-07,2.25
