method,seed,arm,reference,n_policy_episode_draws,n_flips,success_delta,success_to_bounce,bounce_to_success,success_to_hard_landing,hard_landing_to_success,other_flips,bounce_share_of_flips,n_draws_changing_success,n_draws_lowering_success
ppo,0,onnx,torch,200,4,0,1,0,1,2,0,0.25,0,0
ppo,4,onnx,torch,200,4,-2,0,1,3,0,0,0.25,1,1
residual_ppo_forecast,0,onnx,torch,200,4,-2,2,0,1,1,0,0.5,1,1
residual_ppo_forecast,4,onnx,torch,200,4,-1,0,0,2,1,1,0.25,1,1
pooled,,onnx,torch,800,16,-5,3,1,7,4,1,0.3125,1,1
ppo,0,onnx_cuda,torch,200,3,1,1,0,0,2,0,0.3333333333333333,1,0
ppo,4,onnx_cuda,torch,200,4,-2,2,1,1,0,0,0.75,1,1
residual_ppo_forecast,0,onnx_cuda,torch,200,5,-2,2,0,1,1,1,0.6,1,1
residual_ppo_forecast,4,onnx_cuda,torch,200,6,3,0,0,1,4,1,0.16666666666666666,1,0
pooled,,onnx_cuda,torch,800,18,0,5,1,3,7,2,0.4444444444444444,0,0
ppo,0,torch_folded,torch,200,1,-1,0,0,1,0,0,0.0,1,1
ppo,4,torch_folded,torch,200,3,1,0,1,1,1,0,0.3333333333333333,1,0
residual_ppo_forecast,0,torch_folded,torch,200,2,2,0,0,0,2,0,0.0,1,0
residual_ppo_forecast,4,torch_folded,torch,200,4,2,0,0,1,3,0,0.0,1,0
pooled,,torch_folded,torch,800,10,4,0,1,3,6,0,0.1,1,0
ppo,0,torch_fp64,torch,200,1,-1,1,0,0,0,0,1.0,1,1
ppo,4,torch_fp64,torch,200,2,0,0,1,1,0,0,0.5,0,0
residual_ppo_forecast,0,torch_fp64,torch,200,3,-1,0,0,2,1,0,0.0,1,1
residual_ppo_forecast,4,torch_fp64,torch,200,3,3,0,0,0,3,0,0.0,1,0
pooled,,torch_fp64,torch,800,9,1,1,1,3,4,0,0.2222222222222222,1,0
ppo,0,ulp,torch,4000,40,-12,17,0,9,14,0,0.425,12,10
ppo,4,ulp,torch,4000,63,-17,13,19,27,4,0,0.5079365079365079,13,11
residual_ppo_forecast,0,ulp,torch,4000,81,-32,17,0,39,24,1,0.2222222222222222,16,15
residual_ppo_forecast,4,ulp,torch,4000,107,16,18,0,26,60,3,0.19626168224299065,15,3
pooled,,ulp,torch,16000,291,-45,65,19,101,102,4,0.3024054982817869,18,16
ppo,0,onnx,torch_folded,200,4,1,0,0,1,2,1,0.25,1,0
ppo,4,onnx,torch_folded,200,5,-3,0,0,4,1,0,0.0,1,1
residual_ppo_forecast,0,onnx,torch_folded,200,4,-4,2,0,2,0,0,0.5,1,1
residual_ppo_forecast,4,onnx,torch_folded,200,5,-3,1,0,3,1,0,0.2,1,1
pooled,,onnx,torch_folded,800,18,-9,3,0,10,4,1,0.2222222222222222,1,1
ppo,0,onnx,torch_fp64,200,5,1,1,1,1,2,0,0.4,1,0
ppo,4,onnx,torch_fp64,200,2,-2,0,0,2,0,0,0.0,1,1
residual_ppo_forecast,0,onnx,torch_fp64,200,5,-1,2,0,1,2,0,0.4,1,1
residual_ppo_forecast,4,onnx,torch_fp64,200,4,-4,1,0,3,0,0,0.25,1,1
pooled,,onnx,torch_fp64,800,16,-6,4,1,7,4,0,0.3125,1,1
