method,pad,regime,ss,metric,statistic,reported,point,ci_lo,ci_hi,confidence,n_runs,n_tasks,seeds,reps,bootstrap_seed,resampling,note
ppo,aft,id,SS3,success_rate,iqm,True,0.26,0.2233333333333333,0.4633333333333334,0.95,5,1,0|1|2|3|4,2000,20260926,stratified: runs resampled within the task; tasks never resampled,"success rate in [0, 1]"
ppo,aft,id,SS3,success_rate,optimality_gap,True,0.69,0.563,0.767,0.95,5,1,0|1|2|3|4,2000,20260926,stratified: runs resampled within the task; tasks never resampled,"success rate in [0, 1]; gamma = 1"
ppo,aft,id,SS3,rel_vz_normal_p95_m_s,iqm,True,0.6067547381773432,0.5758242893846397,0.6234684484347964,0.95,5,1,0|1|2|3|4,2000,20260926,stratified: runs resampled within the task; tasks never resampled,"m/s model scale; IQM across seeds of each seed's p95 over its touched-down episodes; descriptive, not the P3-D1 §4 pooled relative-p95 statistic"
ppo,aft,id,SS4,success_rate,iqm,True,0.23833333333333337,0.18833333333333332,0.4566666666666667,0.95,5,1,0|1|2|3|4,2000,20260926,stratified: runs resampled within the task; tasks never resampled,"success rate in [0, 1]"
ppo,aft,id,SS4,success_rate,optimality_gap,True,0.711,0.5780000000000001,0.8,0.95,5,1,0|1|2|3|4,2000,20260926,stratified: runs resampled within the task; tasks never resampled,"success rate in [0, 1]; gamma = 1"
ppo,aft,id,SS4,rel_vz_normal_p95_m_s,iqm,True,0.6086649217879646,0.5830230619509879,0.6185065215307027,0.95,5,1,0|1|2|3|4,2000,20260926,stratified: runs resampled within the task; tasks never resampled,"m/s model scale; IQM across seeds of each seed's p95 over its touched-down episodes; descriptive, not the P3-D1 §4 pooled relative-p95 statistic"
ppo,aft,id,SS5,success_rate,iqm,True,0.27666666666666667,0.24333333333333332,0.4333333333333333,0.95,5,1,0|1|2|3|4,2000,20260926,stratified: runs resampled within the task; tasks never resampled,"success rate in [0, 1]"
ppo,aft,id,SS5,success_rate,optimality_gap,True,0.689,0.595,0.754,0.95,5,1,0|1|2|3|4,2000,20260926,stratified: runs resampled within the task; tasks never resampled,"success rate in [0, 1]; gamma = 1"
ppo,aft,id,SS5,rel_vz_normal_p95_m_s,iqm,True,0.6156067561029775,0.587826956902399,0.6491252287621576,0.95,5,1,0|1|2|3|4,2000,20260926,stratified: runs resampled within the task; tasks never resampled,"m/s model scale; IQM across seeds of each seed's p95 over its touched-down episodes; descriptive, not the P3-D1 §4 pooled relative-p95 statistic"
ppo,aft,id,SS6,success_rate,iqm,True,0.29000000000000004,0.22,0.38999999999999996,0.95,5,1,0|1|2|3|4,2000,20260926,stratified: runs resampled within the task; tasks never resampled,"success rate in [0, 1]"
ppo,aft,id,SS6,success_rate,optimality_gap,True,0.701,0.626,0.763,0.95,5,1,0|1|2|3|4,2000,20260926,stratified: runs resampled within the task; tasks never resampled,"success rate in [0, 1]; gamma = 1"
ppo,aft,id,SS6,rel_vz_normal_p95_m_s,iqm,True,0.6135390524951014,0.5851550603421463,0.6404761229430641,0.95,5,1,0|1|2|3|4,2000,20260926,stratified: runs resampled within the task; tasks never resampled,"m/s model scale; IQM across seeds of each seed's p95 over its touched-down episodes; descriptive, not the P3-D1 §4 pooled relative-p95 statistic"
sac,aft,id,SS3,success_rate,iqm,True,0.06,0.018333333333333333,0.1466666666666667,0.95,5,1,0|1|2|3|4,2000,20260926,stratified: runs resampled within the task; tasks never resampled,"success rate in [0, 1]"
sac,aft,id,SS3,success_rate,optimality_gap,True,0.929,0.873,0.977,0.95,5,1,0|1|2|3|4,2000,20260926,stratified: runs resampled within the task; tasks never resampled,"success rate in [0, 1]; gamma = 1"
sac,aft,id,SS3,rel_vz_normal_p95_m_s,iqm,True,1.0146112255641164,0.9297199105840067,1.1385958702121048,0.95,5,1,0|1|2|3|4,2000,20260926,stratified: runs resampled within the task; tasks never resampled,"m/s model scale; IQM across seeds of each seed's p95 over its touched-down episodes; descriptive, not the P3-D1 §4 pooled relative-p95 statistic"
sac,aft,id,SS4,success_rate,iqm,True,0.065,0.02,0.13166666666666668,0.95,5,1,0|1|2|3|4,2000,20260926,stratified: runs resampled within the task; tasks never resampled,"success rate in [0, 1]"
sac,aft,id,SS4,success_rate,optimality_gap,True,0.9299999999999999,0.885,0.972,0.95,5,1,0|1|2|3|4,2000,20260926,stratified: runs resampled within the task; tasks never resampled,"success rate in [0, 1]; gamma = 1"
sac,aft,id,SS4,rel_vz_normal_p95_m_s,iqm,True,1.0124840856229758,0.9276112227701123,1.0894079728327253,0.95,5,1,0|1|2|3|4,2000,20260926,stratified: runs resampled within the task; tasks never resampled,"m/s model scale; IQM across seeds of each seed's p95 over its touched-down episodes; descriptive, not the P3-D1 §4 pooled relative-p95 statistic"
sac,aft,id,SS5,success_rate,iqm,True,0.04666666666666667,0.02666666666666667,0.09499999999999999,0.95,5,1,0|1|2|3|4,2000,20260926,stratified: runs resampled within the task; tasks never resampled,"success rate in [0, 1]"
sac,aft,id,SS5,success_rate,optimality_gap,True,0.946,0.916,0.971,0.95,5,1,0|1|2|3|4,2000,20260926,stratified: runs resampled within the task; tasks never resampled,"success rate in [0, 1]; gamma = 1"
sac,aft,id,SS5,rel_vz_normal_p95_m_s,iqm,True,1.0652483477357144,0.9827802781237945,1.1155914589018767,0.95,5,1,0|1|2|3|4,2000,20260926,stratified: runs resampled within the task; tasks never resampled,"m/s model scale; IQM across seeds of each seed's p95 over its touched-down episodes; descriptive, not the P3-D1 §4 pooled relative-p95 statistic"
sac,aft,id,SS6,success_rate,iqm,True,0.03,0.015,0.06833333333333334,0.95,5,1,0|1|2|3|4,2000,20260926,stratified: runs resampled within the task; tasks never resampled,"success rate in [0, 1]"
sac,aft,id,SS6,success_rate,optimality_gap,True,0.964,0.941,0.984,0.95,5,1,0|1|2|3|4,2000,20260926,stratified: runs resampled within the task; tasks never resampled,"success rate in [0, 1]; gamma = 1"
sac,aft,id,SS6,rel_vz_normal_p95_m_s,iqm,True,1.075166614822155,0.9751114939490808,1.2081686952977713,0.95,5,1,0|1|2|3|4,2000,20260926,stratified: runs resampled within the task; tasks never resampled,"m/s model scale; IQM across seeds of each seed's p95 over its touched-down episodes; descriptive, not the P3-D1 §4 pooled relative-p95 statistic"
residual_ppo,aft,id,SS3,success_rate,iqm,True,0.0,0.0,0.0,0.95,5,1,0|1|2|3|4,2000,20260926,stratified: runs resampled within the task; tasks never resampled,"success rate in [0, 1]"
residual_ppo,aft,id,SS3,success_rate,optimality_gap,True,1.0,1.0,1.0,0.95,5,1,0|1|2|3|4,2000,20260926,stratified: runs resampled within the task; tasks never resampled,"success rate in [0, 1]; gamma = 1"
residual_ppo,aft,id,SS3,rel_vz_normal_p95_m_s,iqm,True,0.9115544176673671,0.8428127032527962,0.9791101812234437,0.95,5,1,0|1|2|3|4,2000,20260926,stratified: runs resampled within the task; tasks never resampled,"m/s model scale; IQM across seeds of each seed's p95 over its touched-down episodes; descriptive, not the P3-D1 §4 pooled relative-p95 statistic"
residual_ppo,aft,id,SS4,success_rate,iqm,True,0.0,0.0,0.0,0.95,5,1,0|1|2|3|4,2000,20260926,stratified: runs resampled within the task; tasks never resampled,"success rate in [0, 1]"
residual_ppo,aft,id,SS4,success_rate,optimality_gap,True,1.0,1.0,1.0,0.95,5,1,0|1|2|3|4,2000,20260926,stratified: runs resampled within the task; tasks never resampled,"success rate in [0, 1]; gamma = 1"
residual_ppo,aft,id,SS4,rel_vz_normal_p95_m_s,iqm,True,0.9251844075121157,0.7728616015823793,0.9739401783172527,0.95,5,1,0|1|2|3|4,2000,20260926,stratified: runs resampled within the task; tasks never resampled,"m/s model scale; IQM across seeds of each seed's p95 over its touched-down episodes; descriptive, not the P3-D1 §4 pooled relative-p95 statistic"
residual_ppo,aft,id,SS5,success_rate,iqm,True,0.0,0.0,0.0,0.95,5,1,0|1|2|3|4,2000,20260926,stratified: runs resampled within the task; tasks never resampled,"success rate in [0, 1]"
residual_ppo,aft,id,SS5,success_rate,optimality_gap,True,1.0,1.0,1.0,0.95,5,1,0|1|2|3|4,2000,20260926,stratified: runs resampled within the task; tasks never resampled,"success rate in [0, 1]; gamma = 1"
residual_ppo,aft,id,SS5,rel_vz_normal_p95_m_s,iqm,True,0.9842624959283498,0.8429846095811756,1.1251945757831636,0.95,5,1,0|1|2|3|4,2000,20260926,stratified: runs resampled within the task; tasks never resampled,"m/s model scale; IQM across seeds of each seed's p95 over its touched-down episodes; descriptive, not the P3-D1 §4 pooled relative-p95 statistic"
residual_ppo,aft,id,SS6,success_rate,iqm,True,0.0,0.0,0.0,0.95,5,1,0|1|2|3|4,2000,20260926,stratified: runs resampled within the task; tasks never resampled,"success rate in [0, 1]"
residual_ppo,aft,id,SS6,success_rate,optimality_gap,True,1.0,1.0,1.0,0.95,5,1,0|1|2|3|4,2000,20260926,stratified: runs resampled within the task; tasks never resampled,"success rate in [0, 1]; gamma = 1"
residual_ppo,aft,id,SS6,rel_vz_normal_p95_m_s,iqm,True,0.9327565702315254,0.8658087800414797,0.9823512588448358,0.95,5,1,0|1|2|3|4,2000,20260926,stratified: runs resampled within the task; tasks never resampled,"m/s model scale; IQM across seeds of each seed's p95 over its touched-down episodes; descriptive, not the P3-D1 §4 pooled relative-p95 statistic"
ppo_forecast,aft,id,SS3,success_rate,iqm,True,0.9,0.8466666666666667,0.935,0.95,5,1,0|1|2|3|4,2000,20260926,stratified: runs resampled within the task; tasks never resampled,"success rate in [0, 1]"
ppo_forecast,aft,id,SS3,success_rate,optimality_gap,True,0.10599999999999987,0.07300000000000006,0.1410749999999996,0.95,5,1,0|1|2|3|4,2000,20260926,stratified: runs resampled within the task; tasks never resampled,"success rate in [0, 1]; gamma = 1"
ppo_forecast,aft,id,SS3,rel_vz_normal_p95_m_s,iqm,True,0.4228031022896735,0.41105278177259125,0.4500586480118116,0.95,5,1,0|1|2|3|4,2000,20260926,stratified: runs resampled within the task; tasks never resampled,"m/s model scale; IQM across seeds of each seed's p95 over its touched-down episodes; descriptive, not the P3-D1 §4 pooled relative-p95 statistic"
ppo_forecast,aft,id,SS4,success_rate,iqm,True,0.9016666666666667,0.8733333333333334,0.9316666666666666,0.95,5,1,0|1|2|3|4,2000,20260926,stratified: runs resampled within the task; tasks never resampled,"success rate in [0, 1]"
ppo_forecast,aft,id,SS4,success_rate,optimality_gap,True,0.09700000000000009,0.07499999999999996,0.119,0.95,5,1,0|1|2|3|4,2000,20260926,stratified: runs resampled within the task; tasks never resampled,"success rate in [0, 1]; gamma = 1"
ppo_forecast,aft,id,SS4,rel_vz_normal_p95_m_s,iqm,True,0.42697220998637553,0.4125839966875304,0.44249484418362006,0.95,5,1,0|1|2|3|4,2000,20260926,stratified: runs resampled within the task; tasks never resampled,"m/s model scale; IQM across seeds of each seed's p95 over its touched-down episodes; descriptive, not the P3-D1 §4 pooled relative-p95 statistic"
ppo_forecast,aft,id,SS5,success_rate,iqm,True,0.8816666666666667,0.85,0.9,0.95,5,1,0|1|2|3|4,2000,20260926,stratified: runs resampled within the task; tasks never resampled,"success rate in [0, 1]"
ppo_forecast,aft,id,SS5,success_rate,optimality_gap,True,0.12200000000000011,0.10499999999999987,0.1439999999999999,0.95,5,1,0|1|2|3|4,2000,20260926,stratified: runs resampled within the task; tasks never resampled,"success rate in [0, 1]; gamma = 1"
ppo_forecast,aft,id,SS5,rel_vz_normal_p95_m_s,iqm,True,0.42947307677938557,0.4106285286053491,0.4388553325922537,0.95,5,1,0|1|2|3|4,2000,20260926,stratified: runs resampled within the task; tasks never resampled,"m/s model scale; IQM across seeds of each seed's p95 over its touched-down episodes; descriptive, not the P3-D1 §4 pooled relative-p95 statistic"
ppo_forecast,aft,id,SS6,success_rate,iqm,True,0.82,0.7983333333333333,0.8433333333333333,0.95,5,1,0|1|2|3|4,2000,20260926,stratified: runs resampled within the task; tasks never resampled,"success rate in [0, 1]"
ppo_forecast,aft,id,SS6,success_rate,optimality_gap,True,0.17900000000000005,0.16200000000000014,0.19599999999999995,0.95,5,1,0|1|2|3|4,2000,20260926,stratified: runs resampled within the task; tasks never resampled,"success rate in [0, 1]; gamma = 1"
ppo_forecast,aft,id,SS6,rel_vz_normal_p95_m_s,iqm,True,0.4407272075277637,0.43063641588207907,0.46148545092248244,0.95,5,1,0|1|2|3|4,2000,20260926,stratified: runs resampled within the task; tasks never resampled,"m/s model scale; IQM across seeds of each seed's p95 over its touched-down episodes; descriptive, not the P3-D1 §4 pooled relative-p95 statistic"
residual_ppo_forecast,aft,id,SS3,success_rate,iqm,True,0.0,0.0,0.0,0.95,5,1,0|1|2|3|4,2000,20260926,stratified: runs resampled within the task; tasks never resampled,"success rate in [0, 1]"
residual_ppo_forecast,aft,id,SS3,success_rate,optimality_gap,True,1.0,1.0,1.0,0.95,5,1,0|1|2|3|4,2000,20260926,stratified: runs resampled within the task; tasks never resampled,"success rate in [0, 1]; gamma = 1"
residual_ppo_forecast,aft,id,SS3,rel_vz_normal_p95_m_s,iqm,True,0.9372450254810314,0.8051291457505462,1.0716137380864106,0.95,5,1,0|1|2|3|4,2000,20260926,stratified: runs resampled within the task; tasks never resampled,"m/s model scale; IQM across seeds of each seed's p95 over its touched-down episodes; descriptive, not the P3-D1 §4 pooled relative-p95 statistic"
residual_ppo_forecast,aft,id,SS4,success_rate,iqm,True,0.0,0.0,0.0033333333333333335,0.95,5,1,0|1|2|3|4,2000,20260926,stratified: runs resampled within the task; tasks never resampled,"success rate in [0, 1]"
residual_ppo_forecast,aft,id,SS4,success_rate,optimality_gap,True,0.999,0.997,1.0,0.95,5,1,0|1|2|3|4,2000,20260926,stratified: runs resampled within the task; tasks never resampled,"success rate in [0, 1]; gamma = 1"
residual_ppo_forecast,aft,id,SS4,rel_vz_normal_p95_m_s,iqm,True,0.8606301922522825,0.8194515538253522,0.8811974051588649,0.95,5,1,0|1|2|3|4,2000,20260926,stratified: runs resampled within the task; tasks never resampled,"m/s model scale; IQM across seeds of each seed's p95 over its touched-down episodes; descriptive, not the P3-D1 §4 pooled relative-p95 statistic"
residual_ppo_forecast,aft,id,SS5,success_rate,iqm,True,0.0,0.0,0.0,0.95,5,1,0|1|2|3|4,2000,20260926,stratified: runs resampled within the task; tasks never resampled,"success rate in [0, 1]"
residual_ppo_forecast,aft,id,SS5,success_rate,optimality_gap,True,1.0,1.0,1.0,0.95,5,1,0|1|2|3|4,2000,20260926,stratified: runs resampled within the task; tasks never resampled,"success rate in [0, 1]; gamma = 1"
residual_ppo_forecast,aft,id,SS5,rel_vz_normal_p95_m_s,iqm,True,0.9531896364629092,0.8620080549029513,0.9600558820188985,0.95,5,1,0|1|2|3|4,2000,20260926,stratified: runs resampled within the task; tasks never resampled,"m/s model scale; IQM across seeds of each seed's p95 over its touched-down episodes; descriptive, not the P3-D1 §4 pooled relative-p95 statistic"
residual_ppo_forecast,aft,id,SS6,success_rate,iqm,True,0.0,0.0,0.0,0.95,5,1,0|1|2|3|4,2000,20260926,stratified: runs resampled within the task; tasks never resampled,"success rate in [0, 1]"
residual_ppo_forecast,aft,id,SS6,success_rate,optimality_gap,True,1.0,1.0,1.0,0.95,5,1,0|1|2|3|4,2000,20260926,stratified: runs resampled within the task; tasks never resampled,"success rate in [0, 1]; gamma = 1"
residual_ppo_forecast,aft,id,SS6,rel_vz_normal_p95_m_s,iqm,True,0.9762627637025713,0.9289685068930499,1.0408999926401183,0.95,5,1,0|1|2|3|4,2000,20260926,stratified: runs resampled within the task; tasks never resampled,"m/s model scale; IQM across seeds of each seed's p95 over its touched-down episodes; descriptive, not the P3-D1 §4 pooled relative-p95 statistic"
ppo_sinusoid,aft,id,SS3,success_rate,iqm,True,0.12333333333333334,0.06833333333333334,0.17666666666666667,0.95,5,1,0|1|2|3|4,2000,20260926,stratified: runs resampled within the task; tasks never resampled,"success rate in [0, 1]"
ppo_sinusoid,aft,id,SS3,success_rate,optimality_gap,True,0.878,0.837,0.922,0.95,5,1,0|1|2|3|4,2000,20260926,stratified: runs resampled within the task; tasks never resampled,"success rate in [0, 1]; gamma = 1"
ppo_sinusoid,aft,id,SS3,rel_vz_normal_p95_m_s,iqm,True,0.6397276511272371,0.6225420836535714,0.6457539412513967,0.95,5,1,0|1|2|3|4,2000,20260926,stratified: runs resampled within the task; tasks never resampled,"m/s model scale; IQM across seeds of each seed's p95 over its touched-down episodes; descriptive, not the P3-D1 §4 pooled relative-p95 statistic"
ppo_sinusoid,aft,id,SS4,success_rate,iqm,True,0.15666666666666665,0.06333333333333334,0.2283333333333333,0.95,5,1,0|1|2|3|4,2000,20260926,stratified: runs resampled within the task; tasks never resampled,"success rate in [0, 1]"
ppo_sinusoid,aft,id,SS4,success_rate,optimality_gap,True,0.85,0.789,0.911,0.95,5,1,0|1|2|3|4,2000,20260926,stratified: runs resampled within the task; tasks never resampled,"success rate in [0, 1]; gamma = 1"
ppo_sinusoid,aft,id,SS4,rel_vz_normal_p95_m_s,iqm,True,0.6447094279225625,0.5860927189135485,0.6801531332498486,0.95,5,1,0|1|2|3|4,2000,20260926,stratified: runs resampled within the task; tasks never resampled,"m/s model scale; IQM across seeds of each seed's p95 over its touched-down episodes; descriptive, not the P3-D1 §4 pooled relative-p95 statistic"
ppo_sinusoid,aft,id,SS5,success_rate,iqm,True,0.155,0.08166666666666667,0.19499999999999998,0.95,5,1,0|1|2|3|4,2000,20260926,stratified: runs resampled within the task; tasks never resampled,"success rate in [0, 1]"
ppo_sinusoid,aft,id,SS5,success_rate,optimality_gap,True,0.854,0.813,0.901,0.95,5,1,0|1|2|3|4,2000,20260926,stratified: runs resampled within the task; tasks never resampled,"success rate in [0, 1]; gamma = 1"
ppo_sinusoid,aft,id,SS5,rel_vz_normal_p95_m_s,iqm,True,0.6493959194049657,0.6240260101427043,0.6703701989989916,0.95,5,1,0|1|2|3|4,2000,20260926,stratified: runs resampled within the task; tasks never resampled,"m/s model scale; IQM across seeds of each seed's p95 over its touched-down episodes; descriptive, not the P3-D1 §4 pooled relative-p95 statistic"
ppo_sinusoid,aft,id,SS6,success_rate,iqm,True,0.18000000000000002,0.135,0.21,0.95,5,1,0|1|2|3|4,2000,20260926,stratified: runs resampled within the task; tasks never resampled,"success rate in [0, 1]"
ppo_sinusoid,aft,id,SS6,success_rate,optimality_gap,True,0.824,0.797,0.857,0.95,5,1,0|1|2|3|4,2000,20260926,stratified: runs resampled within the task; tasks never resampled,"success rate in [0, 1]; gamma = 1"
ppo_sinusoid,aft,id,SS6,rel_vz_normal_p95_m_s,iqm,True,0.6632228089254397,0.6551421482524629,0.7301279876865152,0.95,5,1,0|1|2|3|4,2000,20260926,stratified: runs resampled within the task; tasks never resampled,"m/s model scale; IQM across seeds of each seed's p95 over its touched-down episodes; descriptive, not the P3-D1 §4 pooled relative-p95 statistic"
