method,pad,regime,ss,n_seeds,seeds,n_episodes_per_seed,success_rate_seed0,success_rate_seed1,success_rate_seed2,success_rate_seed3,success_rate_seed4,n_success_seed0,n_success_seed1,n_success_seed2,n_success_seed3,n_success_seed4,rel_vz_normal_p95_m_s_seed0,rel_vz_normal_p95_m_s_seed1,rel_vz_normal_p95_m_s_seed2,rel_vz_normal_p95_m_s_seed3,rel_vz_normal_p95_m_s_seed4,success_min,success_max,success_mean,success_sd,p95_n_seeds_finite,p95_min_m_s,p95_max_m_s,p95_mean_m_s,p95_sd_m_s
ppo,aft,id,SS3,5,0|1|2|3|4,200,0.26,0.28,0.24,0.215,0.555,52,56,48,43,111,0.6237091410568675,0.6229870631906546,0.5765938420996539,0.6206833092417207,0.5754395130271326,0.215,0.555,0.31,0.13905933985173383,5,0.5754395130271326,0.6237091410568675,0.6038825737232059,0.025465769080247277
ppo,aft,id,SS4,5,0|1|2|3|4,200,0.195,0.24,0.185,0.28,0.545,39,48,37,56,109,0.6217453776371233,0.6120288093178616,0.6063181696225876,0.6076477864234445,0.5713755081151881,0.185,0.545,0.28900000000000003,0.1480456010829096,5,0.5713755081151881,0.6217453776371233,0.6038231302232411,0.01911963335742448
ppo,aft,id,SS5,5,0|1|2|3|4,200,0.25,0.33,0.24,0.25,0.485,50,66,48,50,97,0.6104934790904003,0.6302184862487253,0.6061083029698069,0.6585786000188738,0.578686283868695,0.24,0.485,0.31100000000000005,0.10382677881933927,5,0.578686283868695,0.6585786000188738,0.6168170304393004,0.029716349419432877
ppo,aft,id,SS6,5,0|1|2|3|4,200,0.27,0.29,0.195,0.31,0.43,54,58,39,62,86,0.62306341757228,0.6471971798847685,0.6270340090596549,0.5905197308533694,0.5824727250865347,0.195,0.43,0.29900000000000004,0.08517628778010931,5,0.5824727250865347,0.6471971798847685,0.6140574124913215,0.02692284951604768
sac,aft,id,SS3,5,0|1|2|3|4,200,0.16,0.025,0.015,0.12,0.035,32,5,3,24,7,0.9208947754921756,1.0182749772286417,1.1687995459701381,1.0781885186960387,0.947370180767669,0.015,0.16,0.071,0.06494228206646267,5,0.9208947754921756,1.1687995459701381,1.0267055996309327,0.10050161084148819
sac,aft,id,SS4,5,0|1|2|3|4,200,0.14,0.015,0.03,0.115,0.05,28,3,6,23,10,0.912665215602804,0.9575032371047288,1.0997688414838902,1.0112627842338031,1.0686862355303954,0.015,0.14,0.07,0.05465802777268862,5,0.912665215602804,1.0997688414838902,1.0099772627911243,0.07702934757178202
sac,aft,id,SS5,5,0|1|2|3|4,200,0.105,0.03,0.025,0.075,0.035,21,6,5,15,7,0.9516563616532364,1.0521016862867336,1.1240795654250653,1.0986152458554994,1.0450281110649104,0.025,0.105,0.054000000000000006,0.03471310991541956,5,0.9516563616532364,1.1240795654250653,1.054296194057089,0.06606728709124146
sac,aft,id,SS6,5,0|1|2|3|4,200,0.075,0.015,0.02,0.055,0.015,15,3,4,11,3,0.9371461859577804,1.0965881091972929,1.0778696253374906,1.0510421099316818,1.2639589883480105,0.015,0.075,0.036,0.02747726332806817,5,0.9371461859577804,1.2639589883480105,1.085321003754451,0.11749980791028006
residual_ppo,aft,id,SS3,5,0|1|2|3|4,200,0.0,0.0,0.0,0.0,0.0,0,0,0,0,0,0.9996325961752821,0.9380653513197668,0.8851769163403194,0.911420985342015,0.8216305967090347,0.0,0.0,0.0,0.0,5,0.8216305967090347,0.9996325961752821,0.9111852891772836,0.06565439400636715
residual_ppo,aft,id,SS4,5,0|1|2|3|4,200,0.0,0.0,0.0,0.0,0.0,0,0,0,0,0,0.7209336026278333,0.9828841356421059,0.9560522636675461,0.9427833593773296,0.8767175994914712,0.0,0.0,0.0,0.0,5,0.7209336026278333,0.9828841356421059,0.8958741921612573,0.10531356208091142
residual_ppo,aft,id,SS5,5,0|1|2|3|4,200,0.0,0.0,0.0,0.0,0.0,0,0,0,0,0,0.8869189752824059,0.9526074356516715,1.113261076850972,0.8210174267305603,1.1311613252492594,0.0,0.0,0.0,0.0,5,0.8210174267305603,1.1311613252492594,0.9809932479529738,0.13719804708389627
residual_ppo,aft,id,SS6,5,0|1|2|3|4,200,0.0,0.0,0.0,0.0,0.0,0,0,0,0,0,0.9331978504961129,0.9883161923499864,0.8946504683639284,0.9704213918345345,0.8513879358802552,0.0,0.0,0.0,0.0,5,0.8513879358802552,0.9883161923499864,0.9275947677849634,0.05577950734331632
ppo_forecast,aft,id,SS3,5,0|1|2|3|4,200,0.87,0.935,0.935,0.835,0.895,174,187,187,167,179,0.4559867563427079,0.4098187535359978,0.4135208382457782,0.4166860372732234,0.43820243135001913,0.835,0.935,0.8940000000000001,0.0430697109347161,5,0.4098187535359978,0.4559867563427079,0.4268429633495453,0.019677805185399112
ppo_forecast,aft,id,SS4,5,0|1|2|3|4,200,0.915,0.91,0.94,0.88,0.87,183,182,188,176,174,0.44740557289851046,0.4076760781068501,0.4326733867538393,0.42584340935639653,0.42239983384889085,0.87,0.94,0.9029999999999999,0.028195744359743355,5,0.4076760781068501,0.44740557289851046,0.4271996561928974,0.01452832231767912
ppo_forecast,aft,id,SS5,5,0|1|2|3|4,200,0.89,0.885,0.905,0.84,0.87,178,177,181,168,174,0.4398718173335076,0.41493449028654805,0.4084755477647496,0.43682236310974565,0.43666237694186316,0.84,0.905,0.8779999999999999,0.0246475150877325,5,0.4084755477647496,0.4398718173335076,0.4273533190872828,0.014522669434954213
ppo_forecast,aft,id,SS6,5,0|1|2|3|4,200,0.805,0.85,0.825,0.795,0.83,161,170,165,159,166,0.46975811644269505,0.4422716121153091,0.42846967853015633,0.43496989058592467,0.4449401198820573,0.795,0.85,0.821,0.021621748310439618,5,0.42846967853015633,0.46975811644269505,0.4440818835112285,0.015732545480530373
residual_ppo_forecast,aft,id,SS3,5,0|1|2|3|4,200,0.0,0.0,0.0,0.0,0.0,0,0,0,0,0,0.9235548695720351,1.000512973461006,0.7638601019207928,1.1071641203991127,0.8876672334100527,0.0,0.0,0.0,0.0,5,0.7638601019207928,1.1071641203991127,0.9365518597525998,0.128043585566768
residual_ppo_forecast,aft,id,SS4,5,0|1|2|3|4,200,0.0,0.005,0.0,0.0,0.0,0,1,0,0,0,0.8484366740465373,0.8049589937147597,0.8591958972306932,0.8846671049984887,0.8742580054796171,0.0,0.005,0.001,0.00223606797749979,5,0.8049589937147597,0.8846671049984887,0.8543033350940192,0.030876229915865642
residual_ppo_forecast,aft,id,SS5,5,0|1|2|3|4,200,0.0,0.0,0.0,0.0,0.0,0,0,0,0,0,0.9495948515678103,0.9618976705334266,0.8182146565705218,0.9563723049898422,0.9536017528310751,0.0,0.0,0.0,0.0,5,0.8182146565705218,0.9618976705334266,0.9279362472985351,0.061499244772156195
residual_ppo_forecast,aft,id,SS6,5,0|1|2|3|4,200,0.0,0.0,0.0,0.0,0.0,0,0,0,0,0,1.050867700408482,0.9698783369167445,0.9379453770875785,0.9244800717957854,1.0209645771033908,0.0,0.0,0.0,0.0,5,0.9244800717957854,1.050867700408482,0.9808272126623961,0.05396852771333476
ppo_sinusoid,aft,id,SS3,5,0|1|2|3|4,200,0.115,0.14,0.195,0.045,0.115,23,28,39,9,23,0.6318051140044909,0.6463111207267128,0.6427382570764557,0.6446395823007646,0.6179105684781117,0.045,0.195,0.122,0.05403702434442519,5,0.6179105684781117,0.6463111207267128,0.6366809285173071,0.01192551869388636
ppo_sinusoid,aft,id,SS4,5,0|1|2|3|4,200,0.235,0.1,0.155,0.045,0.215,47,20,31,9,43,0.574401416858968,0.6687481601787127,0.6858556197854166,0.6559048005662647,0.6094753230227098,0.045,0.235,0.15,0.07905694150420947,5,0.574401416858968,0.6858556197854166,0.6388770640824143,0.04585515878808528
ppo_sinusoid,aft,id,SS5,5,0|1|2|3|4,200,0.2,0.115,0.185,0.065,0.165,40,23,37,13,33,0.6277428005075186,0.6221676149602972,0.6648162341678647,0.6556287235395137,0.673147181414555,0.065,0.2,0.146,0.055497747702046435,5,0.6221676149602972,0.673147181414555,0.6487005109179498,0.022630601836419132
ppo_sinusoid,aft,id,SS6,5,0|1|2|3|4,200,0.22,0.19,0.165,0.12,0.185,44,38,33,24,37,0.6574697051963095,0.6551028143262514,0.7567030287922111,0.6769779054751236,0.6552208161048859,0.12,0.22,0.17600000000000002,0.036979724174201194,5,0.6551028143262514,0.7567030287922111,0.6802948539789563,0.043685080347281365
