method,ss,touchdowns,deck_vz_td_mean,deck_rising_frac,paired_episodes,pid_feedforward_deck_vz_td_mean,pid_feedforward_deck_rising_frac,diff_mean,diff_ci95_lo,diff_ci95_hi,td_time_median_s,td_time_r2_on_init_height,td_time_r2_on_height_above_deck_at_t0,closing_world_z_slope_on_deck_vz,closing_world_z_r2_on_deck_vz
residual_ppo,SS3,1000,0.005324626905496402,0.56,200,-0.004414090335507832,0.5,0.009738717241004235,0.0009080342577062475,0.01874581024612896,1.9833333333333334,0.9357749305118772,0.9425565703323494,-0.007175592006557471,0.0007512997198854707
residual_ppo,SS4,1000,-0.009749684305413923,0.449,200,0.002638080935620418,0.51,-0.01238776524103434,-0.03188777581503963,0.007183720842578069,1.9666666666666666,0.9024373893654137,0.940307361008917,0.002281409847762202,0.000261950117175094
residual_ppo,SS5,1000,-0.026376089688403624,0.449,200,0.0028024893236177984,0.505,-0.029178579012021425,-0.06044080621347116,0.0016558058784621192,1.9625,0.8004069879434056,0.9027989975373282,0.005553515021458726,0.002595304717080372
residual_ppo,SS6,1000,-0.021993019538314607,0.461,200,-0.015603585306454235,0.46,-0.006389434231860378,-0.034338445481116676,0.022984865660374585,1.9916666666666667,0.740638911486897,0.8307689894069679,-0.014639464682668267,0.008082710323783172
ppo_forecast,SS3,1000,-0.001760628817417823,0.498,200,-0.004414090335507832,0.5,0.0026534615180900125,-0.007445562628258717,0.011978293831234603,1.5125,0.8914271120006997,0.8807647914877607,0.00403370771259888,0.00023471156729505105
ppo_forecast,SS4,1000,0.001443287840227386,0.497,200,0.002638080935620418,0.51,-0.0011947930953930296,-0.020906173885119946,0.019228497630190026,1.5166666666666666,0.8215433731025185,0.7828879972276924,0.004917007130429618,0.0011174467398261346
ppo_forecast,SS5,1000,-0.009027512290018781,0.471,200,0.0028024893236177984,0.505,-0.011830001613636579,-0.039921581772895204,0.01455799906418292,1.5166666666666666,0.6953430627312446,0.6311615651310908,0.015182705928956697,0.014669000476490925
ppo_forecast,SS6,1000,0.015735129821600358,0.547,200,-0.015603585306454235,0.46,0.0313387151280546,0.002527570365085318,0.05922672050695219,1.525,0.4530223496791204,0.4549201856939195,0.03244604837012668,0.04253179600237832
residual_ppo_forecast,SS3,1000,0.004571486985977915,0.559,200,-0.004414090335507832,0.5,0.008985577321485748,0.0004648038044499079,0.01743459782295357,1.9708333333333332,0.9218804701968132,0.9289324793042947,2.780312728333791e-07,1.240728153015661e-12
residual_ppo_forecast,SS4,1000,-0.01161096455952299,0.447,200,0.002638080935620418,0.51,-0.014249045495143407,-0.03414128280769407,0.005660850920003431,1.9583333333333333,0.8896071986930603,0.9288850281889007,-0.006336633556964761,0.002235596685652428
residual_ppo_forecast,SS5,1000,-0.02964064074762762,0.447,200,0.0028024893236177984,0.505,-0.03244313007124542,-0.06423347877242122,-0.001965541976175855,1.9583333333333333,0.8012272256777128,0.9046061798802514,-0.003829014785031468,0.0015654018059322132
residual_ppo_forecast,SS6,1000,-0.022556210277294618,0.452,200,-0.015603585306454235,0.46,-0.006952624970840382,-0.03457428619984478,0.021198594231147273,2.0,0.7659016826677395,0.846682382020882,0.0038271465377582785,0.0008914957239025454
ppo_sinusoid,SS3,1000,-0.002641170980838335,0.491,200,-0.004414090335507832,0.5,0.001772919354669499,-0.007957479089138504,0.012010047096994594,1.4958333333333333,0.9212657867116966,0.9092282796829496,-0.004696656043990771,0.00033776628076938314
ppo_sinusoid,SS4,1000,0.0014801894462878806,0.503,200,0.002638080935620418,0.51,-0.0011578914893325353,-0.021276167032824266,0.01900996052399124,1.5,0.8560873211426547,0.8120047246353062,-0.007757253306136528,0.002447639931689233
ppo_sinusoid,SS5,1000,-0.00936108583224378,0.477,200,0.0028024893236177984,0.505,-0.012163575155861577,-0.039896308892043555,0.014452279389357281,1.5041666666666667,0.7595169659889165,0.6606943604274113,-0.008201304286930942,0.0037723563908030264
ppo_sinusoid,SS6,1000,0.012868429309021354,0.559,200,-0.015603585306454235,0.46,0.028472014615475594,-0.001167242442074214,0.0564710749984253,1.5166666666666666,0.5855063110185932,0.5398102886408471,0.0029465686247775523,0.00040880916214215105
