method,steps_before_td,t_before_td_s_lo,n,sp_z_median_m_s,drone_vz_median_m_s
residual_ppo,0,0.0,427,-0.2743159756064415,-0.27384594545693064
residual_ppo,1,0.03333333333333333,500,-0.2752819173038006,-0.273534071797243
residual_ppo,2,0.06666666666666667,500,-0.27499012649059296,-0.27222073377255507
residual_ppo,3,0.1,500,-0.27592627331614494,-0.27059390311873666
residual_ppo,4,0.13333333333333333,500,-0.27421097829937935,-0.27518959841182544
residual_ppo,5,0.16666666666666666,500,-0.2728770039975643,-0.2797056679578845
residual_ppo,6,0.2,500,-0.2806391492486,-0.2784714812282829
residual_ppo,7,0.23333333333333334,500,-0.2827056236565113,-0.2786211430211047
residual_ppo,8,0.26666666666666666,500,-0.28008150681853294,-0.28188174356345985
residual_ppo,9,0.3,500,-0.28251515328884125,-0.2807035112329066
residual_ppo,10,0.3333333333333333,500,-0.28282616659998894,-0.27863838701230503
residual_ppo,11,0.36666666666666664,500,-0.28274932131171227,-0.276117332515508
residual_ppo,12,0.4,500,-0.278817281126976,-0.2782935737702783
residual_ppo,13,0.43333333333333335,500,-0.28060948848724365,-0.2754630182553921
residual_ppo,14,0.4666666666666667,500,-0.27725669369101524,-0.2691674254073549
residual_ppo,15,0.5,500,-0.2702845595777035,-0.26183140215598155
residual_ppo,16,0.5333333333333333,500,-0.26608311384916306,-0.2609210151437409
residual_ppo,17,0.5666666666666667,500,-0.26326166465878487,-0.25500624920466264
residual_ppo,18,0.6,500,-0.2590863034129143,-0.25458968691905337
residual_ppo,19,0.6333333333333333,500,-0.2563786134123802,-0.2546391027785375
residual_ppo,20,0.6666666666666666,500,-0.25349869206547737,-0.2553881320651114
residual_ppo,21,0.7,500,-0.25509289652109146,-0.25387985385781286
residual_ppo,22,0.7333333333333333,500,-0.25197697430849075,-0.25722426982215
residual_ppo,23,0.7666666666666667,500,-0.25541871786117554,-0.2563853564714087
residual_ppo,24,0.8,500,-0.256037849932909,-0.2618240822447156
residual_ppo,25,0.8333333333333334,500,-0.26240918040275574,-0.2613310770533764
residual_ppo,26,0.8666666666666667,500,-0.25731508433818817,-0.26466781883798995
residual_ppo,27,0.9,500,-0.23388874903321266,-0.30790064524275407
residual_ppo,28,0.9333333333333333,500,-0.2321847416460514,-0.4498953203605875
residual_ppo,29,0.9666666666666667,500,-0.3708517625927925,-0.5934527280664126
residual_ppo,30,1.0,500,-0.5631929934024811,-0.6457737468232715
residual_ppo,31,1.0333333333333334,500,-0.6403542459011078,-0.6525658692089362
residual_ppo,32,1.0666666666666667,500,-0.6546544879674911,-0.6515912532198542
residual_ppo,33,1.1,500,-0.654650442302227,-0.6521928579082084
residual_ppo,34,1.1333333333333333,500,-0.6557087302207947,-0.6464282535566095
residual_ppo,35,1.1666666666666667,500,-0.652751237154007,-0.6438266201592868
residual_ppo,36,1.2,500,-0.647944763302803,-0.636816401532917
residual_ppo,37,1.2333333333333334,500,-0.6457831263542175,-0.6257534916823638
residual_ppo,38,1.2666666666666666,500,-0.6350895389914513,-0.6066316450617003
residual_ppo,39,1.3,500,-0.6171045228838921,-0.5851455647032893
residual_ppo,40,1.3333333333333333,500,-0.598392091691494,-0.5725535089501836
residual_ppo,41,1.3666666666666667,500,-0.5771777182817459,-0.5502153339099256
residual_ppo,42,1.4,500,-0.5513853058218956,-0.5472303323229277
residual_ppo,43,1.4333333333333333,500,-0.5403572246432304,-0.5434504090400781
residual_ppo,44,1.4666666666666666,500,-0.5327359512448311,-0.523278196474761
residual_ppo,45,1.5,500,-0.5267974734306335,-0.5100392978091168
residual_ppo,46,1.5333333333333334,500,-0.5109756588935852,-0.4960372197522023
residual_ppo,47,1.5666666666666667,500,-0.4932827800512314,-0.4773156970306822
residual_ppo,48,1.6,500,-0.4793255925178528,-0.4612378000941828
residual_ppo,49,1.6333333333333333,497,-0.46835218369960785,-0.4466018058761021
residual_ppo,50,1.6666666666666667,490,-0.46400805562734604,-0.43327169816934363
residual_ppo,51,1.7,480,-0.449349582195282,-0.426940402441105
residual_ppo,52,1.7333333333333334,467,-0.44306279718875885,-0.4195272587261744
residual_ppo,53,1.7666666666666666,447,-0.4500705599784851,-0.4159520704523406
residual_ppo,54,1.8,422,-0.45170339941978455,-0.4090602433056184
residual_ppo,55,1.8333333333333333,386,-0.45283935964107513,-0.40046379447315433
residual_ppo,56,1.8666666666666667,357,-0.450651615858078,-0.38460650701064913
residual_ppo,57,1.9,330,-0.44483692198991776,-0.3859233165335207
residual_ppo,58,1.9333333333333333,298,-0.4356122463941574,-0.3801588644200994
residual_ppo,59,1.9666666666666666,256,-0.4303642138838768,-0.3746112432959742
residual_ppo,60,2.0,234,-0.4297857731580734,-0.3689622380142977
ppo_forecast,0,0.0,441,-0.27264896035194397,-0.2638860229049645
ppo_forecast,1,0.03333333333333333,500,-0.26631561666727066,-0.2616406128610793
ppo_forecast,2,0.06666666666666667,500,-0.26632101461291313,-0.26240516476365455
ppo_forecast,3,0.1,500,-0.26125528290867805,-0.2595003794079135
ppo_forecast,4,0.13333333333333333,500,-0.2630152255296707,-0.2607450686623113
ppo_forecast,5,0.16666666666666666,500,-0.26097841188311577,-0.2603445230665283
ppo_forecast,6,0.2,500,-0.26092974096536636,-0.26531508343772303
ppo_forecast,7,0.23333333333333334,500,-0.26034585759043694,-0.2699016999368299
ppo_forecast,8,0.26666666666666666,500,-0.266889251768589,-0.266206712510337
ppo_forecast,9,0.3,500,-0.2668890953063965,-0.27083941112891907
ppo_forecast,10,0.3333333333333333,500,-0.2673264294862747,-0.27075628077436115
ppo_forecast,11,0.36666666666666664,500,-0.2698308080434799,-0.26908178620209555
ppo_forecast,12,0.4,500,-0.26840610802173615,-0.2689594553767694
ppo_forecast,13,0.43333333333333335,500,-0.2717371769249439,-0.26747120352181
ppo_forecast,14,0.4666666666666667,500,-0.2639593631029129,-0.2683102898302874
ppo_forecast,15,0.5,500,-0.26712673902511597,-0.26611514767896305
ppo_forecast,16,0.5333333333333333,500,-0.2685766965150833,-0.26207818363267105
ppo_forecast,17,0.5666666666666667,500,-0.26278267800807953,-0.26130680542854706
ppo_forecast,18,0.6,500,-0.26049182564020157,-0.2584446255015399
ppo_forecast,19,0.6333333333333333,500,-0.25695115327835083,-0.2618427915009952
ppo_forecast,20,0.6666666666666666,500,-0.25956011563539505,-0.2651015075549048
ppo_forecast,21,0.7,500,-0.264187004417181,-0.2632934812334417
ppo_forecast,22,0.7333333333333333,500,-0.2665093168616295,-0.2633237113999741
ppo_forecast,23,0.7666666666666667,500,-0.2610328271985054,-0.26808772875920545
ppo_forecast,24,0.8,500,-0.2665575295686722,-0.2675401343981695
ppo_forecast,25,0.8333333333333334,500,-0.26665205508470535,-0.2715621446690215
ppo_forecast,26,0.8666666666666667,500,-0.2689650133252144,-0.27568919678046555
ppo_forecast,27,0.9,500,-0.26826806366443634,-0.28621678572987475
ppo_forecast,28,0.9333333333333333,500,-0.2339133359491825,-0.3415526985614506
ppo_forecast,29,0.9666666666666667,500,-0.21659978851675987,-0.5804094036850211
ppo_forecast,30,1.0,500,-0.3469324819743633,-0.9069949701146081
ppo_forecast,31,1.0333333333333334,500,-0.7236401438713074,-1.1701102683858342
ppo_forecast,32,1.0666666666666667,500,-1.097821667790413,-1.2859367100040748
ppo_forecast,33,1.1,500,-1.2553361356258392,-1.3355920034584832
ppo_forecast,34,1.1333333333333333,500,-1.3202168941497803,-1.3513275496164447
ppo_forecast,35,1.1666666666666667,500,-1.3490223437547684,-1.3486300531688054
ppo_forecast,36,1.2,500,-1.3630016595125198,-1.336504385455703
ppo_forecast,37,1.2333333333333334,500,-1.361412763595581,-1.2878329815606113
ppo_forecast,38,1.2666666666666666,500,-1.359965443611145,-1.2239377006402883
ppo_forecast,39,1.3,500,-1.3263017535209656,-1.1111233185513656
ppo_forecast,40,1.3333333333333333,499,-1.257901668548584,-0.9330747827227919
ppo_forecast,41,1.3666666666666667,495,-1.160820633172989,-0.7475026948044121
ppo_forecast,42,1.4,481,-1.0508972704410553,-0.5613179336059977
ppo_forecast,43,1.4333333333333333,439,-0.9432600438594818,-0.5547557093779169
ppo_forecast,44,1.4666666666666666,376,-0.8651964515447617,-0.3746112432959742
ppo_forecast,45,1.5,303,-0.7873222231864929,-0.1874743933740396
ppo_forecast,46,1.5333333333333334,228,-0.7202335149049759,-0.1874743933740396
ppo_forecast,47,1.5666666666666667,151,-0.67927685379982,-0.1874743933740396
ppo_forecast,48,1.6,84,-0.6605173051357269,0.0
ppo_forecast,49,1.6333333333333333,29,-0.6232805550098419,0.0
ppo_forecast,50,1.6666666666666667,8,-0.530570313334465,0.0
ppo_forecast,51,1.7,2,-0.9006127864122391,-0.2810428183350069
ppo_forecast,52,1.7333333333333334,2,-0.7578839734196663,-0.0937371966870198
ppo_forecast,53,1.7666666666666666,1,-0.5201799273490906,0.0
residual_ppo_forecast,0,0.0,444,-0.28751102462410927,-0.28511064123864116
residual_ppo_forecast,1,0.03333333333333333,500,-0.28925105184316635,-0.2858058070877624
residual_ppo_forecast,2,0.06666666666666667,500,-0.2887629568576813,-0.28202790010122225
residual_ppo_forecast,3,0.1,500,-0.28826985508203506,-0.2794892647592305
residual_ppo_forecast,4,0.13333333333333333,500,-0.28276320174336433,-0.28270249205616316
residual_ppo_forecast,5,0.16666666666666666,500,-0.283080093562603,-0.2843245566843744
residual_ppo_forecast,6,0.2,500,-0.28677916154265404,-0.2793432243774935
residual_ppo_forecast,7,0.23333333333333334,500,-0.28364864364266396,-0.2823373228980024
residual_ppo_forecast,8,0.26666666666666666,500,-0.2789729833602905,-0.28740731267074465
residual_ppo_forecast,9,0.3,500,-0.28823866322636604,-0.28651063516213837
residual_ppo_forecast,10,0.3333333333333333,500,-0.2896091490983963,-0.2832673368869939
residual_ppo_forecast,11,0.36666666666666664,500,-0.28729013353586197,-0.28200232666752223
residual_ppo_forecast,12,0.4,500,-0.2863752655684948,-0.27963719979033197
residual_ppo_forecast,13,0.43333333333333335,500,-0.282878827303648,-0.2738960494881192
residual_ppo_forecast,14,0.4666666666666667,500,-0.2793166749179363,-0.26818562930726364
residual_ppo_forecast,15,0.5,500,-0.27285124361515045,-0.26188746669979146
residual_ppo_forecast,16,0.5333333333333333,500,-0.26867054030299187,-0.2565653698808075
residual_ppo_forecast,17,0.5666666666666667,500,-0.2611692510545254,-0.25556667990153015
residual_ppo_forecast,18,0.6,500,-0.2589856870472431,-0.2558593589164674
residual_ppo_forecast,19,0.6333333333333333,500,-0.2561888135969639,-0.2544201642824379
residual_ppo_forecast,20,0.6666666666666666,500,-0.254695650190115,-0.2536236718690683
residual_ppo_forecast,21,0.7,500,-0.2534513957798481,-0.2506633565231427
residual_ppo_forecast,22,0.7333333333333333,500,-0.2537829615175724,-0.2516995135934577
residual_ppo_forecast,23,0.7666666666666667,500,-0.2521004118025303,-0.2534514094092287
residual_ppo_forecast,24,0.8,500,-0.25180311128497124,-0.25808766950381135
residual_ppo_forecast,25,0.8333333333333334,500,-0.25359198823571205,-0.2606539087741469
residual_ppo_forecast,26,0.8666666666666667,500,-0.25398416072130203,-0.2740615753735866
residual_ppo_forecast,27,0.9,500,-0.23929883167147636,-0.32684334335421306
residual_ppo_forecast,28,0.9333333333333333,500,-0.25367923825979233,-0.46700807064761507
residual_ppo_forecast,29,0.9666666666666667,500,-0.38504574447870255,-0.5843169478678014
residual_ppo_forecast,30,1.0,500,-0.5553975999355316,-0.6392548076949579
residual_ppo_forecast,31,1.0333333333333334,500,-0.6297530606389046,-0.6523175695657624
residual_ppo_forecast,32,1.0666666666666667,500,-0.6533185690641403,-0.6514924420610932
residual_ppo_forecast,33,1.1,500,-0.6548190638422966,-0.6498924841315752
residual_ppo_forecast,34,1.1333333333333333,500,-0.6533914804458618,-0.648961225202844
residual_ppo_forecast,35,1.1666666666666667,500,-0.6543369814753532,-0.6427794028756559
residual_ppo_forecast,36,1.2,500,-0.6481915712356567,-0.6379206458261781
residual_ppo_forecast,37,1.2333333333333334,500,-0.647833988070488,-0.6245986220345259
residual_ppo_forecast,38,1.2666666666666666,500,-0.6329842284321785,-0.6031745735763709
residual_ppo_forecast,39,1.3,500,-0.6164648607373238,-0.5875616781270573
residual_ppo_forecast,40,1.3333333333333333,500,-0.5987836718559265,-0.573177810639588
residual_ppo_forecast,41,1.3666666666666667,500,-0.5818573236465454,-0.5528215491010028
residual_ppo_forecast,42,1.4,500,-0.567577064037323,-0.5494782035087495
residual_ppo_forecast,43,1.4333333333333333,500,-0.5491996183991432,-0.5448576784021398
residual_ppo_forecast,44,1.4666666666666666,500,-0.5339269638061523,-0.5305264909196019
residual_ppo_forecast,45,1.5,500,-0.5292894691228867,-0.5198067896993304
residual_ppo_forecast,46,1.5333333333333334,500,-0.5130573660135269,-0.5057470132329049
residual_ppo_forecast,47,1.5666666666666667,500,-0.4993816539645195,-0.47872976139133727
residual_ppo_forecast,48,1.6,498,-0.48081162571907043,-0.46410080155419126
residual_ppo_forecast,49,1.6333333333333333,496,-0.47078483551740646,-0.4443913238490558
residual_ppo_forecast,50,1.6666666666666667,486,-0.46704769134521484,-0.43135219000646813
residual_ppo_forecast,51,1.7,481,-0.449349582195282,-0.4251358204192826
residual_ppo_forecast,52,1.7333333333333334,469,-0.4486093819141388,-0.42145885257231963
residual_ppo_forecast,53,1.7666666666666666,454,-0.4483507499098778,-0.41551195131000157
residual_ppo_forecast,54,1.8,420,-0.45076004415750504,-0.4153886972441131
residual_ppo_forecast,55,1.8333333333333333,391,-0.4514545798301697,-0.4041438544413332
residual_ppo_forecast,56,1.8666666666666667,364,-0.44787099212408066,-0.38566292936202906
residual_ppo_forecast,57,1.9,335,-0.44483694434165955,-0.3835914945122283
residual_ppo_forecast,58,1.9333333333333333,296,-0.43434038758277893,-0.3746112432959742
residual_ppo_forecast,59,1.9666666666666666,267,-0.4297857731580734,-0.35728712845043625
residual_ppo_forecast,60,2.0,237,-0.42580685019493103,-0.3534718564189821
ppo_sinusoid,0,0.0,451,-0.2719825655221939,-0.2699182926647522
ppo_sinusoid,1,0.03333333333333333,500,-0.2732894606888294,-0.2698603447873279
ppo_sinusoid,2,0.06666666666666667,500,-0.2708987295627594,-0.26684592618914443
ppo_sinusoid,3,0.1,500,-0.26807501167058945,-0.26575384904642824
ppo_sinusoid,4,0.13333333333333333,500,-0.26898234710097313,-0.2681652041787562
ppo_sinusoid,5,0.16666666666666666,500,-0.2652076855301857,-0.26930391405714826
ppo_sinusoid,6,0.2,500,-0.27011431753635406,-0.2742368644760451
ppo_sinusoid,7,0.23333333333333334,500,-0.27323759347200394,-0.27425350120580866
ppo_sinusoid,8,0.26666666666666666,500,-0.2749934010207653,-0.27421955567510914
ppo_sinusoid,9,0.3,500,-0.27621205151081085,-0.2755453497447796
ppo_sinusoid,10,0.3333333333333333,500,-0.2758779712021351,-0.27632891186650343
ppo_sinusoid,11,0.36666666666666664,500,-0.2758425325155258,-0.2746234986391973
ppo_sinusoid,12,0.4,500,-0.2760470397770405,-0.2765106322639191
ppo_sinusoid,13,0.43333333333333335,500,-0.2779475413262844,-0.27605258924656867
ppo_sinusoid,14,0.4666666666666667,500,-0.2774892970919609,-0.2735244543804458
ppo_sinusoid,15,0.5,500,-0.2740471623837948,-0.2729318598716908
ppo_sinusoid,16,0.5333333333333333,500,-0.27311165258288383,-0.2727430660238926
ppo_sinusoid,17,0.5666666666666667,500,-0.27388274297118187,-0.26804644325902927
ppo_sinusoid,18,0.6,500,-0.2732156999409199,-0.26812510671214607
ppo_sinusoid,19,0.6333333333333333,500,-0.2685665935277939,-0.2713375700048486
ppo_sinusoid,20,0.6666666666666666,500,-0.26969460770487785,-0.27484258323327115
ppo_sinusoid,21,0.7,500,-0.27410923317074776,-0.2744871835808928
ppo_sinusoid,22,0.7333333333333333,500,-0.27435214072465897,-0.2761387822231919
ppo_sinusoid,23,0.7666666666666667,500,-0.2759109288454056,-0.2795487188245541
ppo_sinusoid,24,0.8,500,-0.2738165259361267,-0.2814478548942698
ppo_sinusoid,25,0.8333333333333334,500,-0.2838461436331272,-0.28435096801244997
ppo_sinusoid,26,0.8666666666666667,500,-0.28461727872490883,-0.2826221884184234
ppo_sinusoid,27,0.9,500,-0.24204163625836372,-0.33201784348414715
ppo_sinusoid,28,0.9333333333333333,500,-0.2174939140677452,-0.5155745231279429
ppo_sinusoid,29,0.9666666666666667,500,-0.324097640812397,-0.8354298562597677
ppo_sinusoid,30,1.0,500,-0.6539407968521118,-1.0973788018039135
ppo_sinusoid,31,1.0333333333333334,500,-1.0289333760738373,-1.2105078367148108
ppo_sinusoid,32,1.0666666666666667,500,-1.178566887974739,-1.2532096071564474
ppo_sinusoid,33,1.1,500,-1.236824244260788,-1.2754625879790606
ppo_sinusoid,34,1.1333333333333333,500,-1.2701004445552826,-1.2866224042064238
ppo_sinusoid,35,1.1666666666666667,500,-1.293192520737648,-1.2779766508773434
ppo_sinusoid,36,1.2,500,-1.2940552979707718,-1.2548701494278136
ppo_sinusoid,37,1.2333333333333334,500,-1.2816262990236282,-1.209651444817465
ppo_sinusoid,38,1.2666666666666666,500,-1.2654889225959778,-1.1267517291647082
ppo_sinusoid,39,1.3,498,-1.2208833396434784,-1.0268958920538895
ppo_sinusoid,40,1.3333333333333333,491,-1.1469925045967102,-0.8890498297102848
ppo_sinusoid,41,1.3666666666666667,478,-1.0616797506809235,-0.7473588854332885
ppo_sinusoid,42,1.4,449,-0.9552994966506958,-0.5613179336059977
ppo_sinusoid,43,1.4333333333333333,398,-0.9049416482448578,-0.3746112432959742
ppo_sinusoid,44,1.4666666666666666,336,-0.858568087220192,-0.3746112432959742
ppo_sinusoid,45,1.5,265,-0.8095184862613678,-0.3746112432959742
ppo_sinusoid,46,1.5333333333333334,194,-0.7556358128786087,-0.1874743933740396
ppo_sinusoid,47,1.5666666666666667,146,-0.7108395248651505,-0.1874743933740396
ppo_sinusoid,48,1.6,80,-0.6916305273771286,0.0
ppo_sinusoid,49,1.6333333333333333,22,-0.6109212040901184,0.0
ppo_sinusoid,50,1.6666666666666667,7,-0.7825317978858948,-0.1874743933740396
ppo_sinusoid,51,1.7,4,-0.6959541141986847,-0.0937371966870198
ppo_sinusoid,52,1.7333333333333334,2,-0.6215697526931763,0.0
pid_feedforward,0,0.0,89,-0.19794908165931702,-0.2058578132247785
pid_feedforward,1,0.03333333333333333,100,-0.19799115881323814,-0.20629812070893902
pid_feedforward,2,0.06666666666666667,100,-0.2105039767920971,-0.2096965083206325
pid_feedforward,3,0.1,100,-0.21012567356228828,-0.21084054587568787
pid_feedforward,4,0.13333333333333333,100,-0.2126629427075386,-0.21413848698611887
pid_feedforward,5,0.16666666666666666,100,-0.2150275893509388,-0.2154968636698956
pid_feedforward,6,0.2,100,-0.21717984974384308,-0.21325537789044213
pid_feedforward,7,0.23333333333333334,100,-0.216806061565876,-0.2140767924499022
pid_feedforward,8,0.26666666666666666,100,-0.21337632089853287,-0.22126486396577086
pid_feedforward,9,0.3,100,-0.21897253766655922,-0.21371013851309684
pid_feedforward,10,0.3333333333333333,100,-0.22065535560250282,-0.21784590272665472
pid_feedforward,11,0.36666666666666664,100,-0.22156407684087753,-0.22228869505797366
pid_feedforward,12,0.4,100,-0.22212591022253036,-0.22018302961535846
pid_feedforward,13,0.43333333333333335,100,-0.22608638182282448,-0.21785919597394193
pid_feedforward,14,0.4666666666666667,100,-0.22144395858049393,-0.21650492054613857
pid_feedforward,15,0.5,100,-0.22012988850474358,-0.21828318722710632
pid_feedforward,16,0.5333333333333333,100,-0.21957329660654068,-0.22069452577302817
pid_feedforward,17,0.5666666666666667,100,-0.22062141448259354,-0.21711506216642334
pid_feedforward,18,0.6,100,-0.22098718956112862,-0.2085434072203054
pid_feedforward,19,0.6333333333333333,100,-0.21480891108512878,-0.20547429976857146
pid_feedforward,20,0.6666666666666666,100,-0.21001295372843742,-0.20234146063525152
pid_feedforward,21,0.7,100,-0.2068958692252636,-0.20534777849731528
pid_feedforward,22,0.7333333333333333,100,-0.2053629532456398,-0.20925074116690134
pid_feedforward,23,0.7666666666666667,100,-0.20991583541035652,-0.20805133941274276
pid_feedforward,24,0.8,100,-0.20789755135774612,-0.2119086578738873
pid_feedforward,25,0.8333333333333334,100,-0.21056700870394707,-0.21192517619039908
pid_feedforward,26,0.8666666666666667,100,-0.21549943462014198,-0.2072595787001544
pid_feedforward,27,0.9,100,-0.2075190581381321,-0.208046021959496
pid_feedforward,28,0.9333333333333333,100,-0.21051054820418358,-0.20707142166383885
pid_feedforward,29,0.9666666666666667,100,-0.21114490181207657,-0.20839735019346564
pid_feedforward,30,1.0,100,-0.21071051806211472,-0.20866294819261183
pid_feedforward,31,1.0333333333333334,100,-0.2083439603447914,-0.21072463278117226
pid_feedforward,32,1.0666666666666667,100,-0.2101658396422863,-0.20890297353654638
pid_feedforward,33,1.1,100,-0.2128506749868393,-0.2109680407484971
pid_feedforward,34,1.1333333333333333,100,-0.21150121092796326,-0.21289679360890512
pid_feedforward,35,1.1666666666666667,100,-0.21503198146820068,-0.21137449826488058
pid_feedforward,36,1.2,100,-0.21235856786370277,-0.21150917407039121
pid_feedforward,37,1.2333333333333334,100,-0.21485161408782005,-0.21037684673745066
pid_feedforward,38,1.2666666666666666,100,-0.21461207047104836,-0.20964682476936572
pid_feedforward,39,1.3,100,-0.2135498821735382,-0.2084253389729693
pid_feedforward,40,1.3333333333333333,100,-0.21080278605222702,-0.20780790242283256
pid_feedforward,41,1.3666666666666667,100,-0.21058055385947227,-0.20439794073429435
pid_feedforward,42,1.4,100,-0.20814407989382744,-0.20343177016742844
pid_feedforward,43,1.4333333333333333,100,-0.20637989044189453,-0.20147460601517078
pid_feedforward,44,1.4666666666666666,100,-0.2036714404821396,-0.2009771026881372
pid_feedforward,45,1.5,100,-0.20449772849678993,-0.2007235087771987
pid_feedforward,46,1.5333333333333334,100,-0.2028150111436844,-0.20385716115937197
pid_feedforward,47,1.5666666666666667,100,-0.20528757199645042,-0.20573362989536573
pid_feedforward,48,1.6,100,-0.2087746448814869,-0.20058960195668374
pid_feedforward,49,1.6333333333333333,100,-0.20534661412239075,-0.20598392020940043
pid_feedforward,50,1.6666666666666667,100,-0.20774723589420319,-0.20853938337630498
pid_feedforward,51,1.7,100,-0.21008122712373734,-0.2093323489805623
pid_feedforward,52,1.7333333333333334,100,-0.213972307741642,-0.20608553980668629
pid_feedforward,53,1.7666666666666666,100,-0.20969553664326668,-0.1992896795940902
pid_feedforward,54,1.8,100,-0.20488376542925835,-0.1986759377019816
pid_feedforward,55,1.8333333333333333,100,-0.20214984565973282,-0.20170071505442122
pid_feedforward,56,1.8666666666666667,100,-0.20051411166787148,-0.1991784109319893
pid_feedforward,57,1.9,100,-0.2027551531791687,-0.1918290296078208
pid_feedforward,58,1.9333333333333333,100,-0.1991301365196705,-0.19004137209538235
pid_feedforward,59,1.9666666666666666,100,-0.19193493202328682,-0.19202607221600995
pid_feedforward,60,2.0,100,-0.19177620112895966,-0.19265808325594863
