method,run_seed,ablate,open_steps,open_median_m_s,open_p90_m_s,open_max_m_s,open_pre_median_m_s,open_post_median_m_s,cf_flights,cf_identical_n,cf_outcome_changed_n,factual_success_n,cf_success_n,cf_success_diff,cf_abs_delta_td_median_s,cf_abs_delta_td_gt_one_step_frac,cf_delta_td_median_s,cf_delta_closing_median_m_s,cf_success_diff_n_SS3,cf_success_diff_n_SS4,cf_success_diff_n_SS5,cf_success_diff_n_SS6,cf_success_diff_boot_point,cf_success_diff_ci95_lo,cf_success_diff_ci95_hi
ppo_forecast,0,mean,6169,0.042352570921032236,0.13452702674646191,0.4544248127177409,0.04470586840428864,0.037126527906107196,100,0,0,100,100,0.0,0.033333333333333215,0.46,0.0,0.009215138258017272,0,0,0,0,nan,nan,nan
ppo_forecast,1,mean,6110,0.04844643812319213,0.14261289152397866,0.4353017721884499,0.046149823392638296,0.05650572865669919,100,0,0,100,100,0.0,0.025000000000000133,0.35,0.004166666666666652,0.003945716927340359,0,0,0,0,nan,nan,nan
ppo_forecast,2,mean,6104,0.049888369514633116,0.14574416103326335,0.5346712825789213,0.05447330566678088,0.03679333099983485,100,0,1,100,99,-0.01,0.029166666666666785,0.47,0.0,-0.002135529041871559,0,0,0,-1,nan,nan,nan
ppo_forecast,3,mean,6082,0.04283804761113629,0.11860539500857738,0.35282333205085153,0.04272088770387113,0.04306149022261757,100,0,0,100,100,0.0,0.02499999999999991,0.45,0.004166666666666652,0.0034968341143480353,0,0,0,0,nan,nan,nan
ppo_forecast,4,mean,6087,0.04506731794609656,0.13322122358844507,0.4247273354094466,0.045417730633506216,0.04393281123402445,100,0,0,100,100,0.0,0.02083333333333348,0.4,0.0,0.0017019613392256355,0,0,0,0,nan,nan,nan
ppo_forecast,pooled,mean,30552,0.045485755818011606,0.13511945440261655,0.5346712825789213,0.046501991527264926,0.04310307737787535,500,0,1,500,499,-0.002,0.025000000000000133,0.426,0.0,0.0039487730099545815,0,0,0,-1,-0.002,-0.006000000000000001,0.0
ppo_forecast,0,zeros,6169,0.042324083956362356,0.13432776075873132,0.45507677828711957,0.04474602278579028,0.03723790825511747,100,0,0,100,100,0.0,0.029166666666666563,0.44,0.0,0.006535886480304065,0,0,0,0,nan,nan,nan
ppo_forecast,1,zeros,6110,0.04843749453440722,0.14271606247100294,0.4356820039517665,0.04612010256130578,0.056346878875047086,100,0,0,100,100,0.0,0.02499999999999991,0.35,0.0,0.0023751718805846422,0,0,0,0,nan,nan,nan
ppo_forecast,2,zeros,6104,0.0499374574627499,0.1455927497451534,0.5352613351606615,0.05470467561134028,0.03689316443693017,100,0,0,100,100,0.0,0.03333333333333344,0.49,0.0,0.004026180346216851,0,0,0,0,nan,nan,nan
ppo_forecast,3,zeros,6082,0.04278483699146122,0.11851494343559997,0.3523141183027142,0.04274608461379424,0.042971293393675544,100,0,0,100,100,0.0,0.025000000000000022,0.4,0.004166666666666652,0.008151855635688834,0,0,0,0,nan,nan,nan
ppo_forecast,4,zeros,6087,0.04494206176173328,0.13359465458593817,0.42529915272678787,0.0453119302254002,0.04400357497633132,100,0,0,100,100,0.0,0.029166666666666674,0.41,0.0,0.0030973501436950546,0,0,0,0,nan,nan,nan
ppo_forecast,pooled,zeros,30552,0.04545546619825408,0.1350238479116923,0.5352613351606615,0.046435513833781195,0.04306835366652856,500,0,0,500,500,0.0,0.029166666666666563,0.418,0.0,0.0046349662286868515,0,0,0,0,0.0,0.0,0.0
residual_ppo_forecast,0,mean,7555,0.034359950421392706,0.09081996009387922,0.2870080183031868,0.03313618608216788,0.038905840968892984,100,0,0,100,100,0.0,0.02083333333333348,0.32,-0.004166666666666652,-0.0021479958923775466,0,0,0,0,nan,nan,nan
residual_ppo_forecast,1,mean,7529,0.022688758080699534,0.07042739810426563,0.23229988903525442,0.022064165778461396,0.024744285698331484,100,0,0,100,100,0.0,0.018750000000000155,0.31,0.004166666666666874,-0.0022032550663550476,0,0,0,0,nan,nan,nan
residual_ppo_forecast,2,mean,7566,0.027585014470246166,0.08225791798423068,0.28092771154688884,0.027206618623052972,0.029721891535019057,100,0,0,100,100,0.0,0.018749999999999933,0.26,0.004166666666666652,0.00048057808115589684,0,0,0,0,nan,nan,nan
residual_ppo_forecast,3,mean,7579,0.025406337365468195,0.0748434906749615,0.24636318261593712,0.02379137772776869,0.03236648793423183,100,0,0,100,100,0.0,0.025000000000000022,0.38,-0.004166666666666874,0.0017894296116034436,0,0,0,0,nan,nan,nan
residual_ppo_forecast,4,mean,7521,0.02597443352836839,0.07692552688380443,0.21089960271520988,0.024429567543096414,0.031132145914778565,100,0,0,100,100,0.0,0.02499999999999991,0.39,0.0,-0.0015071351570694058,0,0,0,0,nan,nan,nan
residual_ppo_forecast,pooled,mean,37750,0.02686405136792166,0.07971651286286627,0.2870080183031868,0.02573565032753546,0.031167029604125124,500,0,0,500,500,0.0,0.02083333333333348,0.332,0.0,-0.000958044825886406,0,0,0,0,0.0,0.0,0.0
residual_ppo_forecast,0,zeros,7555,0.03436509683540577,0.09076697300131102,0.2870550102791897,0.03311555964900881,0.03886870587976817,100,0,0,100,100,0.0,0.02083333333333348,0.3,-0.004166666666666652,0.000612429562642014,0,0,0,0,nan,nan,nan
residual_ppo_forecast,1,zeros,7529,0.022690925589517647,0.07045779353980643,0.23222306098882747,0.02207431099737656,0.024750211112249718,100,0,0,100,100,0.0,0.016666666666666607,0.33,0.004166666666666763,-0.003928873200085337,0,0,0,0,nan,nan,nan
residual_ppo_forecast,2,zeros,7566,0.027592103330601216,0.08227339274319392,0.2809396742027496,0.02717855202517008,0.02973076825371367,100,0,0,100,100,0.0,0.01666666666666672,0.27,0.0,-0.0013379521584176851,0,0,0,0,nan,nan,nan
residual_ppo_forecast,3,zeros,7579,0.025387323899411507,0.07485661934305379,0.24638112929921316,0.023780700032130876,0.03234664395454155,100,0,0,100,100,0.0,0.02499999999999991,0.36,-0.004166666666666652,-0.00042273312953478026,0,0,0,0,nan,nan,nan
residual_ppo_forecast,4,zeros,7521,0.025968808898865315,0.07693956284123299,0.21091914710566306,0.024404404934323408,0.031126715903625733,100,0,0,100,100,0.0,0.02083333333333348,0.36,0.0,-0.002707239133770606,0,0,0,0,nan,nan,nan
residual_ppo_forecast,pooled,zeros,37750,0.026854031047154184,0.07976219954627196,0.2870550102791897,0.025737673723462515,0.03119578215170977,500,0,0,500,500,0.0,0.02083333333333326,0.324,0.0,-0.0014833613130476597,0,0,0,0,0.0,0.0,0.0
