method,metric,seed0,seed1,seed2,seed3,seed4,singled_out
residual_ppo,train_timeout_frac_final10,0.0,0.0,0.0,0.0,0.0,
residual_ppo,train_timeout_frac_max_bin,0.0,0.0,0.0,0.0,0.0,
residual_ppo,train_tunnel_rate_final10,0.0014389578915480158,0.0012129482222727618,0.0003030532616107281,0.0,0.0,
residual_ppo,e06_timeout_frac_SS3,0.0,0.0,0.0,0.0,0.0,
residual_ppo,e06_timeout_frac_SS4,0.0,0.0,0.0,0.0,0.0,
residual_ppo,e06_timeout_frac_SS5,0.0,0.0,0.0,0.0,0.0,
residual_ppo,e06_timeout_frac_SS6,0.0,0.0,0.0,0.0,0.0,
residual_ppo,e06_tunnel_rate_SS3,0.0,0.0,0.0,0.0,0.0,
residual_ppo,e06_tunnel_rate_SS4,0.0,0.0,0.0,0.0,0.0,
residual_ppo,e06_tunnel_rate_SS5,0.0,0.005,0.0,0.005,0.0,
residual_ppo,e06_tunnel_rate_SS6,0.005,0.005,0.005,0.005,0.005,
residual_ppo,e06_depth_max_mm_SS3,2.3089623205095617,2.305962251344474,2.203202661434393,2.2413986098812635,2.3507821284045862,
residual_ppo,e06_depth_max_mm_SS4,2.449301554979435,2.4502018312507365,2.244597859196521,2.1907673704524853,2.333019737345837,
residual_ppo,e06_depth_max_mm_SS5,4.968553112018942,6.1691071093708505,4.185260890813817,5.331004317488764,4.416513715812824,
residual_ppo,e06_depth_max_mm_SS6,5.3538303812471515,5.206672949039988,5.253605958494091,5.156875659830726,5.385138019608766,
residual_ppo,e06_disagree_rate_SS3,0.0,0.0,0.0,0.0,0.0,
residual_ppo,e06_disagree_rate_SS4,0.0,0.0,0.0,0.0,0.0,
residual_ppo,e06_disagree_rate_SS5,0.0,0.0,0.0,0.0,0.0,
residual_ppo,e06_disagree_rate_SS6,0.0,0.0,0.0,0.0,0.0,
residual_ppo,s_sat_cap_pre,0.0,0.0,0.0,0.0,0.0,
residual_ppo,s_post_idle_frac,0.11500565336779196,0.03621958121109225,0.06418672501823487,0.047880944678097705,0.01357137087002181,0
residual_ppo,s_post_sp_z_median,-0.2884546369314194,-0.22434016317129135,-0.18953436613082886,-0.28827573359012604,-0.21462875604629517,
residual_ppo,s_passive_frac,0.01,0.01,0.01,0.02,0.01,3
residual_ppo,e06_deck_vz_td_mean_SS3,0.00550690904629824,0.005571097244709796,0.00532894810775312,0.005137896719710978,0.005078283409009871,
residual_ppo,e06_deck_vz_td_mean_SS4,-0.008704265435903823,-0.01073395825155789,-0.010884730023062268,-0.008978251479704524,-0.00944721633684112,
residual_ppo,e06_deck_vz_td_mean_SS5,-0.025235412117998526,-0.028696111314954132,-0.026795178423888632,-0.025996908868552458,-0.02515683771662438,1
residual_ppo,e06_deck_vz_td_mean_SS6,-0.021104105197979058,-0.0208469829216736,-0.02148409344802574,-0.02384788011487159,-0.022682036009023056,
ppo_forecast,train_timeout_frac_final10,0.0,0.0,0.0,0.0,0.0,
ppo_forecast,train_timeout_frac_max_bin,0.035046728971962614,0.030295081967213113,0.09085475194261805,0.0447356529597831,0.03692782926144342,2
ppo_forecast,train_tunnel_rate_final10,0.004699190008038088,0.0036234109193637536,0.005087654775039843,0.004207317073170732,0.003875968992248062,
ppo_forecast,e06_timeout_frac_SS3,0.0,0.0,0.0,0.0,0.0,
ppo_forecast,e06_timeout_frac_SS4,0.0,0.0,0.0,0.0,0.0,
ppo_forecast,e06_timeout_frac_SS5,0.0,0.0,0.0,0.0,0.0,
ppo_forecast,e06_timeout_frac_SS6,0.0,0.0,0.0,0.0,0.0,
ppo_forecast,e06_tunnel_rate_SS3,0.0,0.0,0.0,0.0,0.0,
ppo_forecast,e06_tunnel_rate_SS4,0.0,0.0,0.0,0.0,0.0,
ppo_forecast,e06_tunnel_rate_SS5,0.0,0.0,0.0,0.0,0.0,
ppo_forecast,e06_tunnel_rate_SS6,0.005,0.005,0.01,0.015,0.015,
ppo_forecast,e06_depth_max_mm_SS3,2.3162573669396327,2.291596610352066,2.493546554232947,2.264104800915319,2.3071890279127976,2
ppo_forecast,e06_depth_max_mm_SS4,2.36479309087923,4.108336308781936,2.694033413187495,4.464985893489973,2.6345309802183308,
ppo_forecast,e06_depth_max_mm_SS5,4.334942103621946,4.487189020366516,4.7977188267809625,4.416551074158458,4.611876632616086,
ppo_forecast,e06_depth_max_mm_SS6,5.522317914189764,6.212768222277102,5.737267920475946,5.279811690541967,5.995820241435921,
ppo_forecast,e06_disagree_rate_SS3,0.0,0.0,0.0,0.0,0.0,
ppo_forecast,e06_disagree_rate_SS4,0.0,0.0,0.0,0.0,0.0,
ppo_forecast,e06_disagree_rate_SS5,0.0,0.0,0.0,0.0,0.0,
ppo_forecast,e06_disagree_rate_SS6,0.0,0.0,0.0,0.0,0.0,
ppo_forecast,s_sat_cap_pre,0.0,0.09431105342850962,0.0025951557093425604,0.05219660722053066,0.006312581628210709,
ppo_forecast,s_post_idle_frac,0.7045729494314058,0.764092195713708,0.7676637025060631,0.06010178528152516,0.05803175626662368,
ppo_forecast,s_post_sp_z_median,-0.3739662431180477,-0.4206233471632004,-0.36189187690615654,-0.16689861193299294,-0.18765726685523987,
ppo_forecast,s_passive_frac,0.05,0.03,0.05,0.03,0.04,
ppo_forecast,e06_deck_vz_td_mean_SS3,-0.0008242884579434584,-0.001971527330356147,-0.0022413367092852746,-0.0015046305894457586,-0.0022613610000584744,
ppo_forecast,e06_deck_vz_td_mean_SS4,0.0014383609146722243,4.84479224480383e-05,0.0033053973006071237,0.0011953990210094368,0.0012288340424001121,2
ppo_forecast,e06_deck_vz_td_mean_SS5,-0.012888865661344036,-0.010310290354074792,-0.00565851725370028,-0.00696360044125233,-0.009316287739722475,
ppo_forecast,e06_deck_vz_td_mean_SS6,0.012878530226070314,0.010546381250195412,0.02043704406269108,0.018373770296832032,0.016439923272212935,
residual_ppo_forecast,train_timeout_frac_final10,0.0,0.0,0.0,0.0,0.0,
residual_ppo_forecast,train_timeout_frac_max_bin,0.0,0.0,0.0,0.0,0.0,
residual_ppo_forecast,train_tunnel_rate_final10,0.00015119443604475356,7.57460990758976e-05,7.57002271006813e-05,0.0,0.0015833521827640805,4
residual_ppo_forecast,e06_timeout_frac_SS3,0.0,0.0,0.0,0.0,0.0,
residual_ppo_forecast,e06_timeout_frac_SS4,0.0,0.0,0.0,0.0,0.0,
residual_ppo_forecast,e06_timeout_frac_SS5,0.0,0.0,0.0,0.0,0.0,
residual_ppo_forecast,e06_timeout_frac_SS6,0.0,0.0,0.0,0.0,0.0,
residual_ppo_forecast,e06_tunnel_rate_SS3,0.0,0.0,0.0,0.0,0.0,
residual_ppo_forecast,e06_tunnel_rate_SS4,0.0,0.0,0.0,0.0,0.0,
residual_ppo_forecast,e06_tunnel_rate_SS5,0.0,0.0,0.0,0.0,0.005,4
residual_ppo_forecast,e06_tunnel_rate_SS6,0.0,0.0,0.0,0.0,0.01,4
residual_ppo_forecast,e06_depth_max_mm_SS3,2.2943787879013446,2.253531245638577,2.197138638934332,2.2115405080338695,2.264101535443967,
residual_ppo_forecast,e06_depth_max_mm_SS4,2.2284899302212127,2.254691228935033,2.1948701115393394,2.3092099636364556,2.3646631270483005,
residual_ppo_forecast,e06_depth_max_mm_SS5,4.167454632406837,4.476176315859141,4.5679867190056065,4.080508599666793,5.37165070347896,4
residual_ppo_forecast,e06_depth_max_mm_SS6,4.675368232987034,4.257674365370228,4.850709357523145,4.546244914417349,5.652250924185599,4
residual_ppo_forecast,e06_disagree_rate_SS3,0.0,0.0,0.0,0.0,0.0,
residual_ppo_forecast,e06_disagree_rate_SS4,0.0,0.0,0.0,0.0,0.0,
residual_ppo_forecast,e06_disagree_rate_SS5,0.0,0.0,0.0,0.0,0.0,
residual_ppo_forecast,e06_disagree_rate_SS6,0.0,0.0,0.0,0.0,0.0,
residual_ppo_forecast,s_sat_cap_pre,0.0,0.0,0.0,0.0,0.0,
residual_ppo_forecast,s_post_idle_frac,0.031643525992896354,0.010315925209542231,0.01869610766379241,0.00646151360956304,0.2100500888673453,4
residual_ppo_forecast,s_post_sp_z_median,-0.22745125740766525,-0.19463938102126122,-0.2699641138315201,-0.1956823468208313,-0.3135179579257965,
residual_ppo_forecast,s_passive_frac,0.0,0.01,0.01,0.0,0.01,
residual_ppo_forecast,e06_deck_vz_td_mean_SS3,0.004432891097369594,0.004584668747676407,0.004554130865538736,0.005510143438391958,0.0037756007809128887,3
residual_ppo_forecast,e06_deck_vz_td_mean_SS4,-0.011835380246741703,-0.010493061682533295,-0.012305147932895033,-0.011309752462082932,-0.012111480473361982,
residual_ppo_forecast,e06_deck_vz_td_mean_SS5,-0.03081414655746217,-0.029152846260342303,-0.029523151239611654,-0.027878061973685423,-0.03083499770703653,
residual_ppo_forecast,e06_deck_vz_td_mean_SS6,-0.021781389038304236,-0.022433168679300407,-0.02538246854317014,-0.02029442157944138,-0.022889603546256906,
ppo_sinusoid,train_timeout_frac_final10,0.0,0.0,0.0,0.0,0.0,
ppo_sinusoid,train_timeout_frac_max_bin,0.03893012183167623,0.0404268109407875,0.041073302353470245,0.0330010775862069,0.0589553283853802,4
ppo_sinusoid,train_tunnel_rate_final10,0.0007339000672741728,0.0009154155986818016,0.0010240346967050177,0.0008481764206955047,0.0014587892049598833,4
ppo_sinusoid,e06_timeout_frac_SS3,0.0,0.0,0.0,0.0,0.0,
ppo_sinusoid,e06_timeout_frac_SS4,0.0,0.0,0.0,0.0,0.0,
ppo_sinusoid,e06_timeout_frac_SS5,0.0,0.0,0.0,0.0,0.0,
ppo_sinusoid,e06_timeout_frac_SS6,0.0,0.0,0.0,0.0,0.0,
ppo_sinusoid,e06_tunnel_rate_SS3,0.0,0.0,0.0,0.0,0.0,
ppo_sinusoid,e06_tunnel_rate_SS4,0.0,0.0,0.0,0.0,0.0,
ppo_sinusoid,e06_tunnel_rate_SS5,0.0,0.0,0.0,0.0,0.0,
ppo_sinusoid,e06_tunnel_rate_SS6,0.01,0.01,0.025,0.005,0.005,2
ppo_sinusoid,e06_depth_max_mm_SS3,2.2707037998243402,2.1431407345767277,2.4415959744551574,2.5095737048501507,2.3939371667151006,
ppo_sinusoid,e06_depth_max_mm_SS4,4.40675370703413,2.630202976261553,3.0299069399493836,2.7460611289289356,2.6759816970669617,0
ppo_sinusoid,e06_depth_max_mm_SS5,4.650500717309087,4.426259790964243,4.342084468687863,4.858312057603387,4.450406883473336,
ppo_sinusoid,e06_depth_max_mm_SS6,5.68695247013841,5.8501190847697595,7.124504977056321,5.144273809459919,5.222623599624054,2
ppo_sinusoid,e06_disagree_rate_SS3,0.0,0.0,0.0,0.0,0.0,
ppo_sinusoid,e06_disagree_rate_SS4,0.0,0.0,0.0,0.0,0.0,
ppo_sinusoid,e06_disagree_rate_SS5,0.0,0.0,0.0,0.0,0.0,
ppo_sinusoid,e06_disagree_rate_SS6,0.0,0.0,0.0,0.0,0.0,
ppo_sinusoid,s_sat_cap_pre,0.0,0.0,0.0019942388654996678,0.027838190517616355,0.004363953742090334,3
ppo_sinusoid,s_post_idle_frac,0.7943032853212494,0.1323861801743623,0.10151956029744584,0.852464305880455,0.8619659155157096,
ppo_sinusoid,s_post_sp_z_median,-0.3877619504928589,-0.22225315868854523,-0.1881982684135437,-0.40750980377197266,-0.44247427582740784,
ppo_sinusoid,s_passive_frac,0.03,0.03,0.03,0.03,0.03,
ppo_sinusoid,e06_deck_vz_td_mean_SS3,-0.003005413764537779,-0.0027106687931608554,-0.0021419087119483003,-0.002458855369284602,-0.002889008265260139,
ppo_sinusoid,e06_deck_vz_td_mean_SS4,0.00190484448471546,0.0017593972220333787,0.0015990083629355723,0.001382757153809312,0.0007549400079456836,4
ppo_sinusoid,e06_deck_vz_td_mean_SS5,-0.008307416782895975,-0.010511489195210477,-0.007516823720076636,-0.00949951537533678,-0.010970184087699023,
ppo_sinusoid,e06_deck_vz_td_mean_SS6,0.0150624898779196,0.012856453011174824,0.013977059593810903,0.011393878228171717,0.011052265834029738,
