method,source,ss,episodes,touchdowns,hard_landing_n,speed_only_n,tilt_only_n,both_n,deck_alone_over_limit_n,deck_dominated_n,drone_dominated_n,rel_tilt_p50_deg,rel_tilt_p95_deg,rel_tilt_max_deg,abs_tilt_p50_deg,abs_tilt_p95_deg,abs_tilt_max_deg,deck_tilt_p50_deg,deck_tilt_p95_deg,deck_tilt_max_deg,rel_tilt_gt_limit_n,deck_tilt_gt_limit_n,closing_gt_limit_n,hard_deck_tilt_median_deg,hard_abs_tilt_median_deg,hard_rel_tilt_median_deg,hard_closing_max_m_s
residual_ppo,e06,SS3,1000,1000,0,0,0,0,0,0,0,1.0549340652305523,3.0027764059491253,5.437114672343907,1.0370039642544462,2.7795635505561553,4.466558341640006,0.3159456187128633,1.621806349817445,4.737754780064526,0,0,0,nan,nan,nan,nan
residual_ppo,e06,SS4,1000,1000,0,0,0,0,0,0,0,1.3885568014411738,3.977122168137995,9.74434051890207,1.2649115620840883,3.04253546421968,5.132339931534582,1.0209066431337508,3.228619060606703,7.737501095656764,0,0,0,nan,nan,nan,nan
residual_ppo,e06,SS5,1000,1000,4,0,4,0,4,0,0,2.023021716978211,7.781874643465035,23.253300323526698,1.4204944527201242,3.122359861573356,5.764142624084978,1.9780246247701923,7.866794390076515,21.72961109450723,4,4,0,21.31542828295497,2.4818837206073474,21.53393392421704,0.2686314993207012
residual_ppo,e06,SS6,1000,1000,24,0,24,0,16,8,0,3.410031335372107,12.728518237359113,21.855061721817812,1.5960722635105662,3.6700938678221484,6.078229040963609,3.499326524982387,13.544314470012642,20.753004964022264,24,28,0,16.125037100966786,1.6254206428685318,16.539579327617314,0.2739777875490221
residual_ppo,e06,all,4000,4000,28,0,28,0,20,8,0,1.7076744932573804,8.224358890123295,23.253300323526698,1.320516603875817,3.1770748948864282,6.078229040963609,1.2254965177683848,8.191366440835937,21.72961109450723,28,32,0,16.302677609997872,1.8307730872657966,16.92235856218037,0.2739777875490221
ppo_forecast,e06,SS3,1000,1000,0,0,0,0,0,0,0,1.289098223758963,3.406113284715061,6.212862519445581,1.2427733396700744,3.1075490071971297,4.8813358809975655,0.3516683301585972,1.906391707832044,3.9657990792892046,0,0,0,nan,nan,nan,nan
ppo_forecast,e06,SS4,1000,1000,0,0,0,0,0,0,0,1.6453405365303397,4.045052054984745,11.767156825463898,1.4292078073806993,3.0646066694628025,4.932272678104749,1.188646611115006,2.9511386033036753,10.943203569330944,0,0,0,nan,nan,nan,nan
ppo_forecast,e06,SS5,1000,1000,0,0,0,0,0,0,0,2.4859038932163546,8.285391654255422,13.37402404317681,1.6051550293156245,3.3775043397496964,5.195209123096402,1.9895281587118911,8.314741359377363,14.921822401093108,0,0,0,nan,nan,nan,nan
ppo_forecast,e06,SS6,1000,1000,18,0,18,0,14,4,0,3.7600692744729236,11.882799544771549,23.754338527118275,1.744741903766248,3.748014807515278,6.432520563192203,4.088385332617319,12.147728022762488,20.939858484500604,18,16,0,17.35566214706178,1.9611403580178857,16.817877642960678,0.3897114559757254
ppo_forecast,e06,all,4000,4000,18,0,18,0,14,4,0,2.009347848389128,8.40814329450711,23.754338527118275,1.5053231260212088,3.3850482482977426,6.432520563192203,1.4298448275266766,8.722414877447255,20.939858484500604,18,16,0,17.35566214706178,1.9611403580178857,16.817877642960678,0.3897114559757254
residual_ppo_forecast,e06,SS3,1000,1000,0,0,0,0,0,0,0,1.1168111555835147,3.081903225064691,6.579257770125614,1.0947748023810087,2.8872695684278153,5.171546755034244,0.3242808875089433,1.6409560908439484,4.761691558349569,0,0,0,nan,nan,nan,nan
residual_ppo_forecast,e06,SS4,1000,1000,0,0,0,0,0,0,0,1.333532559036954,3.911187309752535,8.547749751813692,1.2115689201216306,2.8475470437198807,4.567286335631848,1.0110790957065614,3.1784114172868585,7.407436874919838,0,0,0,nan,nan,nan,nan
residual_ppo_forecast,e06,SS5,1000,1000,5,0,5,0,5,0,0,2.0870046020235926,7.911079288655964,20.108721984155196,1.3107880401270995,3.0412924045954757,5.048155568506222,1.9270271747531726,7.622104303121005,21.718860015429385,5,5,0,21.457124919010376,4.034994671448277,16.83384584552575,0.24038420240621536
residual_ppo_forecast,e06,SS6,1000,1000,25,0,25,0,18,7,0,3.1981299308618336,12.959573786549862,19.596525478930914,1.557331692847988,3.4894482416574695,6.029352781816575,3.453875157294621,13.528524830756954,19.621018023771363,25,26,0,15.757517340298467,2.1723140551615545,16.171844390540286,0.2556680945998614
residual_ppo_forecast,e06,all,4000,4000,30,0,30,0,23,7,0,1.71634764378814,8.200934121840376,20.108721984155196,1.2895659382687965,3.1076495939206676,6.029352781816575,1.2297692812273437,8.055800528381026,21.718860015429385,30,31,0,15.91560014687375,2.5859351853045007,16.274952278199844,0.2556680945998614
ppo_sinusoid,e06,SS3,1000,1000,0,0,0,0,0,0,0,1.2397542965247506,3.294480907856639,6.125195524842644,1.1605623997028034,2.9113344949613307,5.242447125740322,0.3395487677695113,1.9561965808803632,4.057099991317027,0,0,0,nan,nan,nan,nan
ppo_sinusoid,e06,SS4,1000,1000,0,0,0,0,0,0,0,1.5365668698691186,4.034606326883447,11.975916455540926,1.2911494112580448,2.973898319224199,4.8199444750601605,1.1663018104409975,3.0615995369066047,10.963684541870649,0,0,0,nan,nan,nan,nan
ppo_sinusoid,e06,SS5,1000,1000,0,0,0,0,0,0,0,2.2672877663942796,8.4857649646787,14.287685385722236,1.4274759767618148,3.0667977093753622,5.060872706363999,1.9985524062391558,8.302628181127833,12.227362662658589,0,0,0,nan,nan,nan,nan
ppo_sinusoid,e06,SS6,1000,1000,25,0,25,0,20,5,0,3.738783613919485,12.415710223529002,22.733250288521432,1.5220317819278133,3.3857362136696563,5.256828286090944,3.9074731732373635,12.555551550013195,20.939858484500604,25,23,0,17.02344883647046,2.0700341562513884,17.383290358006892,0.3453019362141669
ppo_sinusoid,e06,all,4000,4000,25,0,25,0,20,5,0,1.8804336565739885,8.597417281514359,22.733250288521432,1.353190684050152,3.106198187784776,5.256828286090944,1.4360812882193523,8.530895920708266,20.939858484500604,25,23,0,17.02344883647046,2.0700341562513884,17.383290358006892,0.3453019362141669
ppo,e05,SS3,1000,1000,0,0,0,0,0,0,0,1.4351692472876876,3.6901089999656977,7.353098985199427,1.3639393702756233,3.4531333306124576,6.806156402924341,0.36114702192770054,1.886367591234423,3.850262961408261,0,0,0,nan,nan,nan,nan
ppo,e05,SS4,1000,1000,0,0,0,0,0,0,0,1.7909007078125332,4.786609397763631,11.063743349628666,1.5043966399539308,3.5217978951051627,5.849830956676854,1.1626235130551859,3.0623034885978235,10.767837068697846,0,0,0,nan,nan,nan,nan
ppo,e05,SS5,1000,1000,0,0,0,0,0,0,0,2.471599309375246,8.062845970805471,13.535024717747442,1.6132233772764448,3.490032461131043,5.635914758798463,2.006292432545187,8.237321786198642,13.859335275343994,0,0,0,nan,nan,nan,nan
ppo,e05,SS6,1000,1000,15,0,15,0,13,2,0,3.9138790243588994,11.862758745426806,18.644021328183985,1.7833876950298118,3.979935361459654,6.064396331478968,3.7850058600233405,11.579651550354518,17.727540469544007,15,13,0,16.094465800985358,1.6731116633772136,16.671168082855164,0.3125689290029945
ppo,e05,all,4000,4000,15,0,15,0,13,2,0,2.1622763378804546,8.501410920190322,18.644021328183985,1.5718634737903265,3.5971207942828314,6.806156402924341,1.4370032729968327,8.5498431262728,17.727540469544007,15,13,0,16.094465800985358,1.6731116633772136,16.671168082855164,0.3125689290029945
pid_feedforward,e01,SS3,200,200,0,0,0,0,0,0,0,2.2304542008708816,4.413792751517487,5.540490356890098,2.1046446038100846,4.086084794552376,5.094875404860695,0.38375818188197947,1.6462908460223866,2.8465185945004685,0,0,0,nan,nan,nan,nan
pid_feedforward,e01,SS4,200,200,0,0,0,0,0,0,0,2.1702516079430523,5.093734546142333,13.079788837445266,1.890833403232628,4.4101709658707895,5.924491216370861,0.9056037958527348,3.256838809989925,9.307789668983675,0,0,0,nan,nan,nan,nan
pid_feedforward,e01,SS5,200,200,1,0,1,0,0,1,0,2.662561729533456,8.365724116086218,16.280946427298154,2.2422176528752646,4.29847010643229,6.063336279726159,2.023228239105009,7.687257116003975,14.35555424740755,1,0,0,14.35555424740755,5.2072827781047435,16.280946427298154,0.16219521469412965
pid_feedforward,e01,SS6,200,200,8,0,8,0,6,2,0,4.7485903451888,13.442978739797686,20.7651599932981,2.234918433853852,4.517639766765465,6.692391377746346,3.9707557632690085,13.618459985120461,20.464325867150734,8,6,0,17.225758926466447,2.503025093652182,18.27529091339875,0.2011071472517624
pid_feedforward,e01,all,800,800,9,0,9,0,6,3,0,2.5872459597148367,9.24742660319171,20.7651599932981,2.1107650661509405,4.298130719313847,6.692391377746346,1.256338745090047,8.976953693989055,20.464325867150734,9,6,0,17.13788548243971,2.5250701261950446,17.74100485996533,0.2011071472517624
