method,run_seed,bin0_timeout_frac,bin0_success_frac,max_timeout_frac,max_bin,late_max_timeout_frac,late_max_bin,bins_ge_threshold,late_bins_ge_threshold,first_bin_timeout_below_0p10
residual_ppo,0,0.0,1.0,0.0,0,0.0,1,0,0,0
residual_ppo,1,0.0,1.0,0.0,0,0.0,1,0,0,0
residual_ppo,2,0.0,1.0,0.0,0,0.0,1,0,0,0
residual_ppo,3,0.0,1.0,0.0,0,0.0,1,0,0,0
residual_ppo,4,0.0,1.0,0.0,0,0.0,1,0,0,0
ppo_forecast,0,0.7608695652173914,0.04710144927536232,0.7608695652173914,0,0.1267605633802817,1,1,0,2
ppo_forecast,1,0.7906137184115524,0.039711191335740074,0.7906137184115524,0,0.028423772609819122,1,1,0,1
ppo_forecast,2,0.7517985611510791,0.0035971223021582736,0.7845117845117845,2,0.7845117845117845,2,2,1,4
ppo_forecast,3,0.7841726618705036,0.017985611510791366,0.7841726618705036,0,0.16224188790560473,1,1,0,2
ppo_forecast,4,0.9007352941176471,0.01838235294117647,0.9007352941176471,0,0.047619047619047616,1,1,0,1
residual_ppo_forecast,0,0.0,1.0,0.0,0,0.0,1,0,0,0
residual_ppo_forecast,1,0.0,1.0,0.0,0,0.0,1,0,0,0
residual_ppo_forecast,2,0.0,1.0,0.0,0,0.0,1,0,0,0
residual_ppo_forecast,3,0.0,1.0,0.0,0,0.0,1,0,0,0
residual_ppo_forecast,4,0.0,1.0,0.0,0,0.0,1,0,0,0
ppo_sinusoid,0,0.9080882352941176,0.0,0.9080882352941176,0,0.08587257617728532,1,1,0,1
ppo_sinusoid,1,0.8897058823529411,0.01838235294117647,0.8897058823529411,0,0.07356948228882834,1,1,0,1
ppo_sinusoid,2,0.8327272727272728,0.0,0.8327272727272728,0,0.12680115273775217,1,1,0,2
ppo_sinusoid,3,0.8424908424908425,0.02564102564102564,0.8424908424908425,0,0.03937007874015748,1,1,0,1
ppo_sinusoid,4,0.7789855072463768,0.025362318840579712,0.7789855072463768,0,0.43042071197411,1,1,0,3
