method,ss,variable,quintile,episodes,success_frac,timeout_frac
residual_ppo,SS5,init_height_m,1,13201,0.9913642905840466,0.0
residual_ppo,SS5,init_height_m,2,13201,0.9932580865085978,0.0
residual_ppo,SS5,init_height_m,3,13200,0.9918181818181818,0.0
residual_ppo,SS5,init_height_m,4,13201,0.9925763199757595,0.0
residual_ppo,SS5,init_height_m,5,13201,0.9923490644648133,0.0
residual_ppo,SS5,init_lateral_m,1,13201,0.993485342019544,0.0
residual_ppo,SS5,init_lateral_m,2,13201,0.9931065828346337,0.0
residual_ppo,SS5,init_lateral_m,3,13200,0.9925757575757576,0.0
residual_ppo,SS5,init_lateral_m,4,13201,0.9915157942580107,0.0
residual_ppo,SS5,init_lateral_m,5,13201,0.9906825240512083,0.0
residual_ppo,SS5,t0_model_s,1,13201,0.9928793273236876,0.0
residual_ppo,SS5,t0_model_s,2,13201,0.9916672979319748,0.0
residual_ppo,SS5,t0_model_s,3,13200,0.991969696969697,0.0
residual_ppo,SS5,t0_model_s,4,13201,0.9921218089538671,0.0
residual_ppo,SS5,t0_model_s,5,13201,0.9927278236497235,0.0
ppo_forecast,SS5,init_height_m,1,16285,0.9924470371507522,0.0
ppo_forecast,SS5,init_height_m,2,16285,0.9934295363831747,0.0
ppo_forecast,SS5,init_height_m,3,16284,0.9922623434045689,0.0
ppo_forecast,SS5,init_height_m,4,16285,0.9928768805649371,0.0
ppo_forecast,SS5,init_height_m,5,16285,0.9934909425852011,0.0
ppo_forecast,SS5,init_lateral_m,1,16285,0.9922014123426466,0.0
ppo_forecast,SS5,init_lateral_m,2,16285,0.9931225053730427,0.0
ppo_forecast,SS5,init_lateral_m,3,16284,0.9932449029722427,0.0
ppo_forecast,SS5,init_lateral_m,4,16285,0.9933681301811483,0.0
ppo_forecast,SS5,init_lateral_m,5,16285,0.992569849554805,0.0
ppo_forecast,SS5,t0_model_s,1,16285,0.9943506294135708,0.0
ppo_forecast,SS5,t0_model_s,2,16285,0.9926312557568314,0.0
ppo_forecast,SS5,t0_model_s,3,16284,0.9932449029722427,0.0
ppo_forecast,SS5,t0_model_s,4,16285,0.9930610991710163,0.0
ppo_forecast,SS5,t0_model_s,5,16285,0.9912189131102241,0.0
residual_ppo_forecast,SS5,init_height_m,1,13203,0.9930318866924184,0.0
residual_ppo_forecast,SS5,init_height_m,2,13203,0.9905324547451336,0.0
residual_ppo_forecast,SS5,init_height_m,3,13202,0.992652628389638,0.0
residual_ppo_forecast,SS5,init_height_m,4,13203,0.9921230023479513,0.0
residual_ppo_forecast,SS5,init_height_m,5,13203,0.9930318866924184,0.0
residual_ppo_forecast,SS5,init_lateral_m,1,13203,0.9931833674164963,0.0
residual_ppo_forecast,SS5,init_lateral_m,2,13203,0.9925774445201848,0.0
residual_ppo_forecast,SS5,init_lateral_m,3,13202,0.9925768822905621,0.0
residual_ppo_forecast,SS5,init_lateral_m,4,13203,0.9913655987275619,0.0
residual_ppo_forecast,SS5,init_lateral_m,5,13203,0.9916685601757177,0.0
residual_ppo_forecast,SS5,t0_model_s,1,13203,0.9936378095887298,0.0
residual_ppo_forecast,SS5,t0_model_s,2,13203,0.9928804059683405,0.0
residual_ppo_forecast,SS5,t0_model_s,3,13202,0.9919709134979549,0.0
residual_ppo_forecast,SS5,t0_model_s,4,13203,0.9914413390896009,0.0
residual_ppo_forecast,SS5,t0_model_s,5,13203,0.9914413390896009,0.0
ppo_sinusoid,SS5,init_height_m,1,16459,0.9979950179233247,0.0
ppo_sinusoid,SS5,init_height_m,2,16459,0.9980557749559511,0.0
ppo_sinusoid,SS5,init_height_m,3,16459,0.9984203171517103,0.0
ppo_sinusoid,SS5,init_height_m,4,16459,0.9986025882495899,0.0
ppo_sinusoid,SS5,init_height_m,5,16460,0.9983596597812879,0.0
ppo_sinusoid,SS5,init_lateral_m,1,16459,0.9986025882495899,0.0
ppo_sinusoid,SS5,init_lateral_m,2,16459,0.998845616380096,0.0
ppo_sinusoid,SS5,init_lateral_m,3,16459,0.9984203171517103,0.0
ppo_sinusoid,SS5,init_lateral_m,4,16459,0.9977519897928185,0.0
ppo_sinusoid,SS5,init_lateral_m,5,16460,0.997812879708384,0.0
ppo_sinusoid,SS5,t0_model_s,1,16459,0.9976304757275655,0.0
ppo_sinusoid,SS5,t0_model_s,2,16459,0.9982380460538307,0.0
ppo_sinusoid,SS5,t0_model_s,3,16459,0.9984810741843368,0.0
ppo_sinusoid,SS5,t0_model_s,4,16459,0.9987848593474695,0.0
ppo_sinusoid,SS5,t0_model_s,5,16460,0.9982989064398542,0.0
