panel,steps,mean,sd,n_seeds
success,200000,0.56,0.325543,5
success,400000,0.868889,0.0231074,5
success,600000,0.956667,0.0237008,5
success,800000,0.978889,0.00464811,5
success,1e+06,0.995556,0.00724356,5
success,1.2e+06,0.995556,0.00464811,5
success,1.4e+06,1,0,5
success,1.6e+06,0.998889,0.00248452,5
success,1.8e+06,0.997778,0.0030429,5
success,2e+06,1,0,5
success,2.2e+06,1,0,5
success,2.4e+06,1,0,5
success,2.6e+06,1,0,5
success,2.8e+06,0.998889,0.00248452,5
success,3e+06,1,0,5
success,3.2e+06,1,0,5
success,3.4e+06,1,0,5
success,3.6e+06,1,0,5
success,3.8e+06,1,0,5
success,4e+06,1,0,5
success,4.2e+06,1,0,5
success,4.4e+06,1,0,5
success,4.6e+06,1,0,5
success,4.8e+06,1,0,5
success,5e+06,1,0,5
success,5.2e+06,1,0,5
success,5.4e+06,1,0,5
success,5.6e+06,1,0,5
success,5.8e+06,1,0,5
success,6e+06,1,0,5
success,6.2e+06,1,0,5
success,6.4e+06,1,0,5
success,6.6e+06,1,0,5
success,6.8e+06,1,0,5
success,7e+06,1,0,5
success,7.2e+06,1,0,5
success,7.4e+06,1,0,5
success,7.6e+06,1,0,5
success,7.8e+06,1,0,5
success,8e+06,1,0,5
success,8.2e+06,1,0,5
success,8.4e+06,1,0,5
success,8.6e+06,1,0,5
success,8.8e+06,1,0,5
success,9e+06,1,0,5
success,9.2e+06,1,0,5
success,9.4e+06,1,0,5
success,9.6e+06,1,0,5
success,9.8e+06,1,0,5
success,1e+07,1,0,5
success,1.00106e+07,0.998889,0.00248452,5
p95_closing,200000,0.38756,0.0416397,5
p95_closing,400000,0.414608,0.0141854,5
p95_closing,600000,0.40527,0.0353733,5
p95_closing,800000,0.337694,0.0374235,5
p95_closing,1e+06,0.304812,0.0423235,5
p95_closing,1.2e+06,0.270827,0.0202595,5
p95_closing,1.4e+06,0.248502,0.0084669,5
p95_closing,1.6e+06,0.253575,0.020212,5
p95_closing,1.8e+06,0.259699,0.0143861,5
p95_closing,2e+06,0.254183,0.0154356,5
p95_closing,2.2e+06,0.272022,0.0192302,5
p95_closing,2.4e+06,0.269255,0.0173069,5
p95_closing,2.6e+06,0.276846,0.0122718,5
p95_closing,2.8e+06,0.278509,0.0164778,5
p95_closing,3e+06,0.279947,0.0126327,5
p95_closing,3.2e+06,0.274895,0.00930182,5
p95_closing,3.4e+06,0.278386,0.00268717,5
p95_closing,3.6e+06,0.276564,0.0110154,5
p95_closing,3.8e+06,0.273177,0.0100224,5
p95_closing,4e+06,0.275424,0.00834781,5
p95_closing,4.2e+06,0.274155,0.00883989,5
p95_closing,4.4e+06,0.27772,0.00324077,5
p95_closing,4.6e+06,0.277969,0.00838784,5
p95_closing,4.8e+06,0.276824,0.00725911,5
p95_closing,5e+06,0.279348,0.00509425,5
p95_closing,5.2e+06,0.274323,0.0104985,5
p95_closing,5.4e+06,0.274694,0.0045478,5
p95_closing,5.6e+06,0.277893,0.00617039,5
p95_closing,5.8e+06,0.275688,0.00520604,5
p95_closing,6e+06,0.277186,0.00486584,5
p95_closing,6.2e+06,0.275163,0.0100867,5
p95_closing,6.4e+06,0.272317,0.0101542,5
p95_closing,6.6e+06,0.27783,0.00239411,5
p95_closing,6.8e+06,0.277578,0.00608327,5
p95_closing,7e+06,0.276647,0.00420905,5
p95_closing,7.2e+06,0.275862,0.00357263,5
p95_closing,7.4e+06,0.277671,0.00428876,5
p95_closing,7.6e+06,0.278412,0.00513449,5
p95_closing,7.8e+06,0.276277,0.00297822,5
p95_closing,8e+06,0.276855,0.00404395,5
p95_closing,8.2e+06,0.275255,0.00208212,5
p95_closing,8.4e+06,0.277218,0.00397638,5
p95_closing,8.6e+06,0.27381,0.00396015,5
p95_closing,8.8e+06,0.277465,0.00254485,5
p95_closing,9e+06,0.278782,0.00341637,5
p95_closing,9.2e+06,0.277077,0.00388849,5
p95_closing,9.4e+06,0.27541,0.00368457,5
p95_closing,9.6e+06,0.27828,0.00355947,5
p95_closing,9.8e+06,0.275875,0.00303143,5
p95_closing,1e+07,0.277002,0.0032837,5
p95_closing,1.00106e+07,0.277158,0.00152381,5
train_return,125127,13.9709,6.57784,5
train_return,375382,31.6742,1.90895,5
train_return,625637,33.8512,1.03518,5
train_return,875892,33.5725,1.20782,5
train_return,1.12615e+06,34.0659,1.36478,5
train_return,1.3764e+06,35.5682,0.868581,5
train_return,1.62666e+06,36.5047,0.49909,5
train_return,1.87691e+06,37.0139,0.363403,5
train_return,2.12717e+06,37.4881,0.705878,5
train_return,2.37742e+06,37.8606,0.804764,5
train_return,2.62768e+06,38.1927,0.61819,5
train_return,2.87793e+06,38.3333,0.368026,5
train_return,3.12818e+06,38.7543,0.449226,5
train_return,3.37844e+06,38.9354,0.312441,5
train_return,3.62869e+06,39.0038,0.371148,5
train_return,3.87895e+06,39.0964,0.272594,5
train_return,4.1292e+06,39.0768,0.286566,5
train_return,4.37946e+06,39.1461,0.125864,5
train_return,4.62971e+06,39.3105,0.234437,5
train_return,4.87997e+06,39.3691,0.300831,5
train_return,5.13022e+06,39.3256,0.28718,5
train_return,5.38048e+06,39.3637,0.168461,5
train_return,5.63073e+06,39.4313,0.184984,5
train_return,5.88099e+06,39.4064,0.187132,5
train_return,6.13124e+06,39.5536,0.166555,5
train_return,6.3815e+06,39.5808,0.180174,5
train_return,6.63175e+06,39.5872,0.187511,5
train_return,6.88201e+06,39.624,0.201683,5
train_return,7.13226e+06,39.6555,0.175566,5
train_return,7.38252e+06,39.6934,0.0695598,5
train_return,7.63277e+06,39.7368,0.117794,5
train_return,7.88303e+06,39.7686,0.122564,5
train_return,8.13328e+06,39.7834,0.140561,5
train_return,8.38353e+06,39.7526,0.0634727,5
train_return,8.63379e+06,39.8652,0.075517,5
train_return,8.88404e+06,39.7893,0.0827019,5
train_return,9.1343e+06,39.8153,0.064587,5
train_return,9.38455e+06,39.8681,0.0659573,5
train_return,9.63481e+06,39.8731,0.0715043,5
train_return,9.88506e+06,39.9412,0.0419011,5
