trial,param_learning_rate,param_n_steps,param_batch_size,param_n_epochs,param_ent_coef,param_net_width,param_log_std_init,param_w_progress,param_w_vz,param_w_smooth,param_w_time,param_r_success,param_r_fail,param_r_crash,state,run_dir,superseded_runs,resumed,resume_steps,steps,wall_s,cpu_hours,git_sha,SS3_n,SS3_frac_crash,SS3_frac_off_pad,SS3_frac_hard_landing,SS3_frac_bounce,SS3_frac_success,SS3_frac_timeout,SS3_td_closing_p50_m_s,SS3_td_closing_p95_m_s,SS3_td_lateral_p95_m,SS3_td_rel_tilt_p95_deg,SS3_mean_time_to_touchdown_s,SS3_disagreement_n,SS3_tunnelling_n,SS4_n,SS4_frac_crash,SS4_frac_off_pad,SS4_frac_hard_landing,SS4_frac_bounce,SS4_frac_success,SS4_frac_timeout,SS4_td_closing_p50_m_s,SS4_td_closing_p95_m_s,SS4_td_lateral_p95_m,SS4_td_rel_tilt_p95_deg,SS4_mean_time_to_touchdown_s,SS4_disagreement_n,SS4_tunnelling_n,SS5_n,SS5_frac_crash,SS5_frac_off_pad,SS5_frac_hard_landing,SS5_frac_bounce,SS5_frac_success,SS5_frac_timeout,SS5_td_closing_p50_m_s,SS5_td_closing_p95_m_s,SS5_td_lateral_p95_m,SS5_td_rel_tilt_p95_deg,SS5_mean_time_to_touchdown_s,SS5_disagreement_n,SS5_tunnelling_n,mean_success,pooled_td_closing_p95_m_s,n_episodes,selected
0,0.0003,1024,4096,10,0.0,256,-2.3,10.0,2.0,0.05,0.01,50.0,10.0,25.0,done,/home/kbasak/projects_02/rl-land-on-moving-deck/artifacts/runs/tune_ppo/trial_00/0,,False,,2015232,2154.282086760002,2.8928555555555557,ff57c68e56e95d50708ffb89f872f445fcc389d1,60,0.0,0.0,0.0,0.0,1.0,0.0,0.2838693840932083,0.31142401042678214,0.04020893243245613,3.519703830343158,1.4389583333333331,0,0,60,0.0,0.0,0.0,0.0,1.0,0.0,0.28281482536239555,0.3108965709788568,0.04221251202721814,6.152697428568919,1.4489583333333333,0,0,60,0.0,0.0,0.0,0.0,1.0,0.0,0.28515658090125273,0.3295923200320532,0.051948487952636874,6.846482771294275,1.487916666666667,0,0,1.0,0.32431500496889853,180,False
1,0.00017550619023394163,512,2048,5,0.00651635967195034,128,-1.6491083659231665,6.3872099900618196,1.1975228124909891,0.144420468768088,0.019561104532331227,76.26456671860069,6.329320156946778,20.21991342306137,done,/home/kbasak/projects_02/rl-land-on-moving-deck/artifacts/runs/tune_ppo/trial_01/0,,False,,2007040,1730.9829827690046,2.7706305555555555,ff57c68e56e95d50708ffb89f872f445fcc389d1,60,0.0,0.0,0.0,0.0,1.0,0.0,0.3514089896314442,0.42626921816103347,0.05114841989205166,4.678810524982886,1.1126388888888887,0,0,60,0.0,0.0,0.0,0.0,1.0,0.0,0.3670094227667555,0.4638402070046436,0.05101425558136001,5.042015245615628,1.1301388888888892,0,0,60,0.0,0.0,0.0,0.0,1.0,0.0,0.36448661821872264,0.4553937848341924,0.060496782001382546,6.186910561865024,1.1684722222222221,0,1,1.0,0.45204932602423625,180,False
2,0.0005328054103871928,1024,1024,10,0.0004266197234392166,512,-2.7088757256045937,13.100425731390715,7.063224928158173,0.012038166840290937,0.013490955512970686,50.50018865149468,25.178234530612826,38.957899287343025,done,/home/kbasak/projects_02/rl-land-on-moving-deck/artifacts/runs/tune_ppo/trial_02/0,,False,,2015232,2860.1777720259997,3.1447833333333337,ff57c68e56e95d50708ffb89f872f445fcc389d1,60,0.0,0.0,0.0,0.0,1.0,0.0,0.22748629680140217,0.2948392279742028,0.03533977996433184,4.370585404920887,2.4658333333333338,0,0,60,0.0,0.0,0.0,0.0,1.0,0.0,0.237193675708043,0.3064647656526013,0.03984305965745673,5.275610895511333,2.498888888888889,0,0,60,0.0,0.0,0.0,0.0,1.0,0.0,0.24616610522947852,0.3495552630275225,0.042171569807871935,6.853158389849271,2.6368055555555547,0,0,1.0,0.3341743013389596,180,False
3,0.0006848027537937233,512,4096,5,0.004393593780696392,512,-1.9659769216552376,18.46450806595385,2.229904317545626,0.029783443971149272,0.002330676522105932,43.029204523190856,13.718242752365768,17.21362479031086,done,/home/kbasak/projects_02/rl-land-on-moving-deck/artifacts/runs/tune_ppo/trial_03/0,,False,,2007040,2214.929783327003,2.9435583333333333,ff57c68e56e95d50708ffb89f872f445fcc389d1,60,0.0,0.0,0.0,0.0,1.0,0.0,0.265868590611837,0.2995110433388605,0.027969748344538883,3.2995407545452453,1.2922916666666666,0,0,60,0.0,0.0,0.0,0.0,1.0,0.0,0.2661583092073559,0.32046952731996337,0.03356939868010644,5.740549057796818,1.3010416666666664,0,0,60,0.0,0.0,0.0,0.0,1.0,0.0,0.2682621486751102,0.32292868552705795,0.03235332433729237,5.648888283517544,1.3134722222222226,0,0,1.0,0.31544254304415315,180,False
4,0.0002080105570805956,2048,1024,10,0.00860407080501318,128,-2.304555235058069,12.051571826450527,0.8245314477261962,0.08482516099417235,0.023214060198515653,82.5636659283191,20.08594451006502,43.45099598169327,done,/home/kbasak/projects_02/rl-land-on-moving-deck/artifacts/runs/tune_ppo/trial_04/0,,False,,2031616,1896.122066459,2.890725,5bc5a5f77e67da45e6358732e55e21d6a11c5207,60,0.0,0.0,0.0,0.0,1.0,0.0,0.30063896237761994,0.3677589769205895,0.04909120756379639,3.8840468751694446,1.681388888888889,0,0,60,0.0,0.0,0.0,0.0,1.0,0.0,0.30490528428513897,0.4264922183451333,0.048405013956099995,2.9751556355498083,1.7639583333333333,0,0,60,0.0,0.0,0.016666666666666666,0.0,0.9833333333333333,0.0,0.29367024526760793,0.43894338136177113,0.04732639174316018,5.80476034785221,1.8652083333333331,0,0,0.9944444444444445,0.41251020627563284,180,False
5,0.00025916361531330706,512,2048,10,0.009096444388851524,128,-2.221575414761901,17.021728726103902,3.096729086666651,0.014608915815879727,0.005438146311789751,94.16680335998535,15.792678920552135,30.31522274017334,done,/home/kbasak/projects_02/rl-land-on-moving-deck/artifacts/runs/tune_ppo/trial_05/0,,False,,2007040,1888.8692531579945,2.8761055555555552,5bc5a5f77e67da45e6358732e55e21d6a11c5207,60,0.0,0.0,0.0,0.0,1.0,0.0,0.2584934358416843,0.29910667464237095,0.02494153957671816,4.246641095371577,1.2234027777777778,0,0,60,0.0,0.0,0.0,0.0,1.0,0.0,0.2592159025762848,0.29937264208725667,0.03190545271302796,5.819958698987634,1.2343055555555558,0,0,60,0.0,0.0,0.0,0.0,1.0,0.0,0.27103562784264723,0.33516470877022697,0.033511482767135364,6.539301943069699,1.2402083333333331,0,0,1.0,0.3179650069976872,180,False
6,0.0008454730523321756,2048,2048,5,0.002691048076376319,256,-2.582111838273704,9.729649308137596,0.5723566697093884,0.10829368309602999,0.02948151910677552,31.41691153869033,21.965056071057916,29.09707821905613,done,/home/kbasak/projects_02/rl-land-on-moving-deck/artifacts/runs/tune_ppo/trial_06/0,,False,,2031616,1944.130272911003,2.904938888888889,5bc5a5f77e67da45e6358732e55e21d6a11c5207,60,0.0,0.0,0.0,0.0,1.0,0.0,0.25264375328275446,0.305718334408862,0.06925611392212308,5.016417414042155,2.447222222222222,0,0,60,0.0,0.0,0.0,0.0,1.0,0.0,0.2587348583562995,0.3747002086694318,0.062421434984869816,4.809019127395179,2.5125,0,0,60,0.0,0.0,0.016666666666666666,0.0,0.9833333333333333,0.0,0.26765898890597367,0.3829644535451316,0.06721874149224479,8.433741619879823,2.660416666666667,0,0,0.9944444444444445,0.36659216696946817,180,False
7,0.0003239827968255773,1024,1024,10,0.002439911020919681,512,-1.926627585105598,8.708857358433306,1.7362619569862283,0.059947532012537316,0.018215041626244783,62.32534230221063,10.700204125605524,47.07456089556217,done,/home/kbasak/projects_02/rl-land-on-moving-deck/artifacts/runs/tune_ppo/trial_07/0,,False,,2015232,2850.0827253379975,3.160797222222222,5bc5a5f77e67da45e6358732e55e21d6a11c5207,60,0.0,0.0,0.0,0.0,1.0,0.0,0.3135606921981922,0.35468299411772125,0.0357483787706011,4.631906063575378,1.3561805555555553,0,0,60,0.0,0.0,0.0,0.0,1.0,0.0,0.29867731865665753,0.3520461573898896,0.0370425749873279,6.419439666701427,1.3832638888888893,0,0,60,0.0,0.0,0.0,0.0,1.0,0.0,0.3131649016639081,0.3719130342736619,0.037812630721071494,5.91547434036519,1.436458333333333,0,0,1.0,0.3580741656274845,180,False
8,0.00010575289771753734,1024,4096,5,0.005714766485616565,256,-2.964607733115554,14.543373379856348,5.1223436057935965,0.038405799610425756,0.009211947117000819,64.43025807384402,29.3537938920781,13.35580050945282,done,/home/kbasak/projects_02/rl-land-on-moving-deck/artifacts/runs/tune_ppo/trial_08/0,,False,,2015232,1893.274425112002,2.901666666666667,5bc5a5f77e67da45e6358732e55e21d6a11c5207,60,0.0,0.0,0.0,0.0,1.0,0.0,0.231368466892075,0.2833153601058324,0.07865552989875571,4.087052325969509,2.280625,0,0,60,0.0,0.05,0.0,0.0,0.95,0.0,0.2436834041571306,0.29832575445823745,0.09370816455974372,5.296019916649609,2.309166666666667,0,0,60,0.0,0.016666666666666666,0.0,0.0,0.9833333333333333,0.0,0.23188313274631328,0.31711689293435935,0.08266041648087993,7.032991219178647,2.4127083333333332,0,0,0.9777777777777777,0.3085069003760124,180,False
9,0.00012161019642686834,512,1024,5,0.0012263278011232614,256,-2.1333728877827527,17.503501772880554,3.9920849863443695,0.07688351816765412,0.010693824207410215,77.91032190434635,22.442608578130603,48.27161435037851,done,/home/kbasak/projects_02/rl-land-on-moving-deck/artifacts/runs/tune_ppo/trial_09/0,,False,,2007040,1843.1955268480015,2.829919444444444,5bc5a5f77e67da45e6358732e55e21d6a11c5207,60,0.0,0.0,0.0,0.0,1.0,0.0,0.2746177574102554,0.3114140699557698,0.028449574416498768,4.446703711717887,1.280138888888889,0,0,60,0.0,0.0,0.0,0.0,1.0,0.0,0.2714782897362225,0.31542579298997586,0.04038248817004964,5.631281047055176,1.2981944444444442,0,0,60,0.0,0.0,0.0,0.0,1.0,0.0,0.2746527697619951,0.3324517916075056,0.03173137375205913,5.711608759422036,1.326111111111111,0,0,1.0,0.31819607341497086,180,False
10,0.0003694198869357102,2048,4096,10,0.0070066290441900495,512,-2.495361762866378,9.275339958257973,0.676831473998065,0.022613941014013015,0.016723738303408026,47.678115079179406,16.096376413479447,12.000064067542553,done,/home/kbasak/projects_02/rl-land-on-moving-deck/artifacts/runs/tune_ppo/trial_10/0,,False,,2031616,2427.523272224993,2.856230555555556,5bc5a5f77e67da45e6358732e55e21d6a11c5207,60,0.0,0.0,0.0,0.0,1.0,0.0,0.31709674661864257,0.36280429093896377,0.03593796080105136,4.221041395277301,1.9849999999999999,0,0,60,0.0,0.0,0.0,0.0,1.0,0.0,0.32334077526687044,0.38522684247210326,0.04229862671563692,3.2207411102548913,2.02875,0,0,60,0.0,0.0,0.0,0.0,1.0,0.0,0.31856443511455235,0.4472996638997372,0.0412707096200499,6.637939265127706,2.1200694444444443,0,0,1.0,0.390048078014538,180,False
11,0.0009882286589767684,512,2048,5,0.007882782788947225,256,-1.8383766409009696,7.285878001712263,1.5009123699752682,0.013109770909843298,0.027924302285537123,36.69156616088003,27.48769176658243,34.327825121581554,done,/home/kbasak/projects_02/rl-land-on-moving-deck/artifacts/runs/tune_ppo/trial_11/0,,False,,2007040,1712.7849202430007,2.653652777777778,5bc5a5f77e67da45e6358732e55e21d6a11c5207,60,0.0,0.0,0.0,0.0,1.0,0.0,0.2753565372328656,0.3207907808426221,0.03390719087683994,5.184942555960928,1.157152777777778,0,1,60,0.0,0.0,0.0,0.0,1.0,0.0,0.2753439844828032,0.33483497063964374,0.031733097758512664,5.7596703042590045,1.1624305555555556,0,0,60,0.0,0.0,0.0,0.0,1.0,0.0,0.2784142451770731,0.34489728830051575,0.031450095539032066,6.597595804649165,1.1850694444444443,0,0,1.0,0.32924736972693786,180,False
12,0.00030002971176031307,2048,4096,10,0.003982984246686101,128,-2.877809944562614,15.931564150378108,4.0591429865206905,0.19271971341740868,0.007000583549961447,90.06875350605696,8.660056251101196,25.555658973753452,done,/home/kbasak/projects_02/rl-land-on-moving-deck/artifacts/runs/tune_ppo/trial_12/0,,False,,2031616,1696.6229601640007,2.666286111111111,5bc5a5f77e67da45e6358732e55e21d6a11c5207,60,0.0,0.0,0.0,0.0,1.0,0.0,0.22752057266354436,0.29207028451949957,0.04415303203054186,3.6198454087028744,2.722916666666667,0,0,60,0.0,0.0,0.0,0.0,1.0,0.0,0.23588472149991724,0.3478208873990213,0.04484244817083429,4.205095338741619,2.7927777777777774,0,0,60,0.0,0.0,0.0,0.0,1.0,0.0,0.24167647259141173,0.4126720223557492,0.046336765983108416,6.358559367971337,2.9240972222222226,0,0,1.0,0.3621040747975215,180,False
13,0.00018201634509314862,1024,4096,10,0.0031804209761321545,256,-1.7358203688636422,5.931042931042612,1.0807583288835538,0.03457856252447584,0.02482048745267093,97.20417198259383,25.46056971885264,18.689000345766544,done,/home/kbasak/projects_02/rl-land-on-moving-deck/artifacts/runs/tune_ppo/trial_13/0,,False,,2015232,1884.6431473620032,2.709886111111111,5bc5a5f77e67da45e6358732e55e21d6a11c5207,60,0.0,0.0,0.0,0.0,1.0,0.0,0.3601088312613683,0.40037440225353155,0.04610381408764197,5.536062454133155,1.0630555555555554,0,0,60,0.0,0.0,0.0,0.0,1.0,0.0,0.3492922542044481,0.4087819074787882,0.039447620362297285,5.376433807920984,1.0779166666666666,0,0,60,0.0,0.0,0.0,0.0,1.0,0.0,0.35434799590922317,0.411281344257999,0.04219447706392391,6.89549590095568,1.1135416666666667,0,0,1.0,0.40872268701904374,180,False
14,0.0005941708698045433,1024,1024,5,0.009895217847079038,512,-2.7972111202776433,13.580398401245475,5.847430455465423,0.04575471046550012,0.0007295555155724287,29.54699269030243,6.8282349687069654,42.44193982332945,done,/home/kbasak/projects_02/rl-land-on-moving-deck/artifacts/runs/tune_ppo/trial_14/0,,False,,2015232,2066.935713601997,2.7458277777777775,5bc5a5f77e67da45e6358732e55e21d6a11c5207,60,0.0,0.0,0.0,0.0,1.0,0.0,0.19842256428185806,0.22449781052699927,0.031091755076664482,4.124486479148546,2.0977083333333333,0,0,60,0.0,0.0,0.0,0.0,1.0,0.0,0.20304063799320893,0.23257731074856144,0.02990830849169139,4.5498884401278135,2.1054166666666667,0,0,60,0.0,0.0,0.0,0.0,1.0,0.0,0.20090384342980305,0.24076365760747395,0.027074607942320784,4.942192896056182,2.166319444444445,0,0,1.0,0.2325773107485614,180,True
15,0.00046126987022844084,512,2048,10,0.0053032604791224,256,-2.0526405490934847,19.85449966043234,2.753448364784387,0.11870168735838492,0.01204364220611751,54.596094973385334,18.02443433087319,23.885834328830242,done,/home/kbasak/projects_02/rl-land-on-moving-deck/artifacts/runs/tune_ppo/trial_15/0,,False,,2007040,1842.3953984889959,3.033316666666667,5bc5a5f77e67da45e6358732e55e21d6a11c5207,60,0.0,0.0,0.0,0.0,0.0,1.0,nan,nan,nan,nan,nan,0,0,60,0.0,0.0,0.0,0.03333333333333333,0.0,0.9666666666666667,0.020441994019933817,0.022393275169412395,0.033377393271862815,4.328740075498556,11.120833333333334,0,0,60,0.0,0.0,0.0,0.3333333333333333,0.03333333333333333,0.6333333333333333,0.05633605382404544,0.1386724745056161,0.05282971638760152,7.1921755670559,8.350378787878787,2,0,0.011111111111111112,0.13614772031355124,180,False
16,0.00015049124069385075,2048,2048,5,0.001717688385397196,128,-2.3928428748622537,10.630450625903904,0.9333047747228143,0.019396868533407826,0.020999077437445522,70.98318645730615,11.873502931557596,35.1381591334939,done,/home/kbasak/projects_02/rl-land-on-moving-deck/artifacts/runs/tune_ppo/trial_16/0,,False,,2031616,1719.0988398840127,2.801333333333333,5376f2f27af63680ffa2e00e50756fcae40065dd,60,0.0,0.0,0.0,0.0,1.0,0.0,0.33258766862338157,0.3812448131754721,0.04085889378748817,3.783548563361579,1.6602083333333333,0,0,60,0.0,0.0,0.0,0.0,1.0,0.0,0.32208409974759133,0.3827235588496164,0.041206780759049204,3.472550102629448,1.6935416666666667,0,0,60,0.0,0.0,0.0,0.0,1.0,0.0,0.3244983933550517,0.402805414705608,0.04867490526006715,6.720292363904675,1.7527083333333335,0,0,1.0,0.39750296471988206,180,False
17,0.00013738407255742515,512,4096,10,0.008174557071179152,512,-2.6526142811402678,19.372560973279178,0.6316420439180936,0.10207952769712686,0.02158570242114365,90.90343774296343,29.064849340356886,31.58785406500101,done,/home/kbasak/projects_02/rl-land-on-moving-deck/artifacts/runs/tune_ppo/trial_17/0,,False,,2007040,2661.782742348005,3.170675,5376f2f27af63680ffa2e00e50756fcae40065dd,60,0.0,0.0,0.0,0.0,1.0,0.0,0.3392150152359348,0.38772617527336384,0.03593649580438035,5.889835802172621,1.1004166666666666,0,0,60,0.0,0.0,0.0,0.0,1.0,0.0,0.33393409102311256,0.4096279461979453,0.044481445646129505,6.181887573008617,1.1145138888888888,0,0,60,0.0,0.0,0.0,0.0,1.0,0.0,0.32831915348734975,0.3951437798109296,0.047970325946274796,8.004659214672486,1.1399305555555554,0,0,1.0,0.40136688331076253,180,False
