method,privileged,run_seed,regime,ss,n_episodes,n_success,success_rate,success_wilson_lo,success_wilson_hi,frac_crash,frac_off_pad,frac_hard_landing,frac_bounce,frac_success,frac_timeout,n_touchdowns,rel_vz_normal_p50_m_s,rel_vz_normal_p95_m_s,rel_vz_world_z_p50_m_s,rel_vz_world_z_p95_m_s,lateral_p50_m,lateral_p95_m,rel_tilt_p95_deg,time_to_touchdown_mean_s,time_to_touchdown_p50_s,effort_mean_sq,action_jerk_mean,disagreement_n,disagreement_rate,tunnelling_n,max_penetration_m,n_td_in_quiescent_window,frac_td_in_quiescent_window,frac_in_training_distribution,n_reason_ground_contact,n_reason_off_plate_strike,n_reason_tilt_gt_crash,n_reason_below_deck,n_reason_out_of_bounds,n_reason_dwell_complete,n_reason_release,n_reason_time_limit,controller_config_sha256,resolved_gains_sha256,python,numpy,torch,sb3,gymnasium,pybullet,dmf_sha,gpd_sha,success_yaml_sha256,landing_yaml_sha256,observation_yaml_sha256,noise_yaml_sha256,episodes_manifest_sha256,generator_seed,v_max_m_s,driver
pid_track_descend,False,0,id,SS3,200,200,1.0,0.9811546736227335,1.0,0.0,0.0,0.0,0.0,1.0,0.0,200,0.2378581514410156,0.3084758209616655,0.23778522531096877,0.3088640775250846,0.021086919661205593,0.039537606535527105,3.9401259662686723,4.610854166666667,4.616666666666667,0.02441055319433735,0.00301540505962017,0,0.0,0,-0.0027747478073097175,188,0.94,0.755,0,0,0,0,0,200,0,0,5d6aef5553054cbb1e7e50628474e64fc986303bacd34fb51030870cda4282e5,29b5899e05be406153db3500a9938a0f23318ea39036416ba45f78de56102469,3.12.3,2.5.2,2.13.0,2.9.0,1.3.0,3.2.7,e9fa15cc35312a5c1ecf0c42668a690b5061c090,7ebad1ecabd28a7000add2d05f888aa2e837c2cc,c7fbdcc4df48bd4a2cfe21811613e5e50e3e4868822fe6dddd13745d96692118,b98d65cc5e34337369dcd4d69d63651cc2c99c19e8494199e8b5ec9e06c8b87f,3ee7e46399aea60603c767e0a604e79e7db233924ce71fe027a1ccc1623b7eb0,7beb41daec3d6a34c6da7696c56a982667957298f017ebe137829282b6ce7985,e6f30e55e478d39061b94e38de33959ca99b16e8cac38a3bd99b34f6543ad4a2,20260924,1.5,kinematic
pid_track_descend,False,0,id,SS4,200,192,0.96,0.923067931799067,0.9795943679338476,0.0,0.0,0.02,0.02,0.96,0.0,200,0.25374074131917296,0.41166211982936735,0.2544118170897268,0.4116075418223006,0.021473509927311077,0.04194739129458693,4.753353972363465,4.62675,4.591666666666667,0.024399700510961346,0.003057863405482176,0,0.0,0,-0.004985198069492471,145,0.725,0.75,0,0,0,0,0,195,5,0,5d6aef5553054cbb1e7e50628474e64fc986303bacd34fb51030870cda4282e5,29b5899e05be406153db3500a9938a0f23318ea39036416ba45f78de56102469,3.12.3,2.5.2,2.13.0,2.9.0,1.3.0,3.2.7,e9fa15cc35312a5c1ecf0c42668a690b5061c090,7ebad1ecabd28a7000add2d05f888aa2e837c2cc,c7fbdcc4df48bd4a2cfe21811613e5e50e3e4868822fe6dddd13745d96692118,b98d65cc5e34337369dcd4d69d63651cc2c99c19e8494199e8b5ec9e06c8b87f,3ee7e46399aea60603c767e0a604e79e7db233924ce71fe027a1ccc1623b7eb0,7beb41daec3d6a34c6da7696c56a982667957298f017ebe137829282b6ce7985,e6f30e55e478d39061b94e38de33959ca99b16e8cac38a3bd99b34f6543ad4a2,20260924,1.5,kinematic
pid_track_descend,False,0,id,SS5,200,170,0.85,0.7939442071583334,0.89286406437758,0.0,0.0,0.06,0.09,0.85,0.0,200,0.3031533145110863,0.5251229641631405,0.30319511001306765,0.5247407648591473,0.018598562189508817,0.03730302194838087,7.502176146984847,4.587395833333334,4.541666666666666,0.024276852059510787,0.0031216597307705198,0,0.0,4,-0.006498021935827149,63,0.315,0.745,0,0,0,0,0,173,27,0,5d6aef5553054cbb1e7e50628474e64fc986303bacd34fb51030870cda4282e5,29b5899e05be406153db3500a9938a0f23318ea39036416ba45f78de56102469,3.12.3,2.5.2,2.13.0,2.9.0,1.3.0,3.2.7,e9fa15cc35312a5c1ecf0c42668a690b5061c090,7ebad1ecabd28a7000add2d05f888aa2e837c2cc,c7fbdcc4df48bd4a2cfe21811613e5e50e3e4868822fe6dddd13745d96692118,b98d65cc5e34337369dcd4d69d63651cc2c99c19e8494199e8b5ec9e06c8b87f,3ee7e46399aea60603c767e0a604e79e7db233924ce71fe027a1ccc1623b7eb0,7beb41daec3d6a34c6da7696c56a982667957298f017ebe137829282b6ce7985,e6f30e55e478d39061b94e38de33959ca99b16e8cac38a3bd99b34f6543ad4a2,20260924,1.5,kinematic
pid_track_descend,False,0,id,SS6,200,160,0.8,0.7391448134346212,0.8495479907390189,0.0,0.0,0.085,0.115,0.8,0.0,200,0.2867080343056333,0.5024469078252016,0.28983530208809827,0.5021736391908039,0.020904205324439963,0.040497359083675105,13.949215518856903,4.629708333333333,4.645833333333334,0.024534082453077883,0.003410255838830684,0,0.0,2,-0.006335133722248367,20,0.1,0.0,0,0,0,0,0,173,27,0,5d6aef5553054cbb1e7e50628474e64fc986303bacd34fb51030870cda4282e5,29b5899e05be406153db3500a9938a0f23318ea39036416ba45f78de56102469,3.12.3,2.5.2,2.13.0,2.9.0,1.3.0,3.2.7,e9fa15cc35312a5c1ecf0c42668a690b5061c090,7ebad1ecabd28a7000add2d05f888aa2e837c2cc,c7fbdcc4df48bd4a2cfe21811613e5e50e3e4868822fe6dddd13745d96692118,b98d65cc5e34337369dcd4d69d63651cc2c99c19e8494199e8b5ec9e06c8b87f,3ee7e46399aea60603c767e0a604e79e7db233924ce71fe027a1ccc1623b7eb0,7beb41daec3d6a34c6da7696c56a982667957298f017ebe137829282b6ce7985,e6f30e55e478d39061b94e38de33959ca99b16e8cac38a3bd99b34f6543ad4a2,20260924,1.5,kinematic
pid_feedforward,False,0,id,SS3,200,200,1.0,0.9811546736227335,1.0,0.0,0.0,0.0,0.0,1.0,0.0,200,0.19313922591852783,0.21888063360740284,0.19318986046784786,0.21934593371556024,0.016604464185096493,0.03221803479809114,4.413792751517487,4.523979166666667,4.497916666666667,0.026425993527094963,0.007310856255907953,0,0.0,0,-0.0029939207116606767,190,0.95,0.755,0,0,0,0,0,200,0,0,beb988add28122b37d4668c92a0e7402512c3fd7bf99106c121a8e94249fe54e,efe56dfc1f5945cb8deb5c7b4b44a92f0918694c9dbb540a1b22d12a1af374fb,3.12.3,2.5.2,2.13.0,2.9.0,1.3.0,3.2.7,e9fa15cc35312a5c1ecf0c42668a690b5061c090,7ebad1ecabd28a7000add2d05f888aa2e837c2cc,c7fbdcc4df48bd4a2cfe21811613e5e50e3e4868822fe6dddd13745d96692118,b98d65cc5e34337369dcd4d69d63651cc2c99c19e8494199e8b5ec9e06c8b87f,3ee7e46399aea60603c767e0a604e79e7db233924ce71fe027a1ccc1623b7eb0,7beb41daec3d6a34c6da7696c56a982667957298f017ebe137829282b6ce7985,e6f30e55e478d39061b94e38de33959ca99b16e8cac38a3bd99b34f6543ad4a2,20260924,1.5,kinematic
pid_feedforward,False,0,id,SS4,200,200,1.0,0.9811546736227335,1.0,0.0,0.0,0.0,0.0,1.0,0.0,200,0.18890066769420505,0.22606710897553578,0.18945008267208113,0.22611659809618043,0.015833890522080632,0.034260952801084446,5.093734546142333,4.544375,4.49375,0.030183305539448986,0.01026926240870679,0,0.0,0,-0.003251022990516763,144,0.72,0.75,0,0,0,0,0,200,0,0,beb988add28122b37d4668c92a0e7402512c3fd7bf99106c121a8e94249fe54e,efe56dfc1f5945cb8deb5c7b4b44a92f0918694c9dbb540a1b22d12a1af374fb,3.12.3,2.5.2,2.13.0,2.9.0,1.3.0,3.2.7,e9fa15cc35312a5c1ecf0c42668a690b5061c090,7ebad1ecabd28a7000add2d05f888aa2e837c2cc,c7fbdcc4df48bd4a2cfe21811613e5e50e3e4868822fe6dddd13745d96692118,b98d65cc5e34337369dcd4d69d63651cc2c99c19e8494199e8b5ec9e06c8b87f,3ee7e46399aea60603c767e0a604e79e7db233924ce71fe027a1ccc1623b7eb0,7beb41daec3d6a34c6da7696c56a982667957298f017ebe137829282b6ce7985,e6f30e55e478d39061b94e38de33959ca99b16e8cac38a3bd99b34f6543ad4a2,20260924,1.5,kinematic
pid_feedforward,False,0,id,SS5,200,198,0.99,0.9642782382838231,0.9972533418664555,0.0,0.0,0.005,0.005,0.99,0.0,200,0.1920002347473232,0.2620761498533322,0.19202110627896035,0.26236773699195454,0.01553354949642222,0.03315582910773343,8.365724116086218,4.484041666666667,4.408333333333333,0.03626518103181814,0.013857950366588047,0,0.0,0,-0.0034623215574681675,58,0.29,0.745,0,0,0,0,0,199,1,0,beb988add28122b37d4668c92a0e7402512c3fd7bf99106c121a8e94249fe54e,efe56dfc1f5945cb8deb5c7b4b44a92f0918694c9dbb540a1b22d12a1af374fb,3.12.3,2.5.2,2.13.0,2.9.0,1.3.0,3.2.7,e9fa15cc35312a5c1ecf0c42668a690b5061c090,7ebad1ecabd28a7000add2d05f888aa2e837c2cc,c7fbdcc4df48bd4a2cfe21811613e5e50e3e4868822fe6dddd13745d96692118,b98d65cc5e34337369dcd4d69d63651cc2c99c19e8494199e8b5ec9e06c8b87f,3ee7e46399aea60603c767e0a604e79e7db233924ce71fe027a1ccc1623b7eb0,7beb41daec3d6a34c6da7696c56a982667957298f017ebe137829282b6ce7985,e6f30e55e478d39061b94e38de33959ca99b16e8cac38a3bd99b34f6543ad4a2,20260924,1.5,kinematic
pid_feedforward,False,0,id,SS6,200,181,0.905,0.8563983883518006,0.9383368972826135,0.0,0.0,0.04,0.055,0.905,0.0,200,0.1930923249778903,0.26369441679676536,0.19486156512135583,0.2642872163821159,0.014721133868254403,0.03073958499223247,13.442978739797686,4.564729166666667,4.552083333333334,0.03798985815648099,0.014367658347361334,0,0.0,0,-0.003539752603368947,16,0.08,0.0,0,0,0,0,0,188,12,0,beb988add28122b37d4668c92a0e7402512c3fd7bf99106c121a8e94249fe54e,efe56dfc1f5945cb8deb5c7b4b44a92f0918694c9dbb540a1b22d12a1af374fb,3.12.3,2.5.2,2.13.0,2.9.0,1.3.0,3.2.7,e9fa15cc35312a5c1ecf0c42668a690b5061c090,7ebad1ecabd28a7000add2d05f888aa2e837c2cc,c7fbdcc4df48bd4a2cfe21811613e5e50e3e4868822fe6dddd13745d96692118,b98d65cc5e34337369dcd4d69d63651cc2c99c19e8494199e8b5ec9e06c8b87f,3ee7e46399aea60603c767e0a604e79e7db233924ce71fe027a1ccc1623b7eb0,7beb41daec3d6a34c6da7696c56a982667957298f017ebe137829282b6ce7985,e6f30e55e478d39061b94e38de33959ca99b16e8cac38a3bd99b34f6543ad4a2,20260924,1.5,kinematic
pid_feedforward_lowvz,False,0,id,SS3,200,200,1.0,0.9811546736227335,1.0,0.0,0.0,0.0,0.0,1.0,0.0,200,0.10264269078088717,0.12657351335996186,0.10252310746382354,0.12664902268893688,0.01495993094633407,0.03115942903753997,4.5124139249384845,7.798895833333334,7.68125,0.010633926678330604,0.005195551458736732,0,0.0,0,-0.002151637023400027,188,0.94,0.755,0,0,0,0,0,200,0,0,373c2307857988a88f90cd39959e873b808034cddf7fc70fe7c14f323da34f4c,19b1f9c8ee916a3894ac2d6f52407aa38978ff83c4de001d90a0edd729bd1268,3.12.3,2.5.2,2.13.0,2.9.0,1.3.0,3.2.7,e9fa15cc35312a5c1ecf0c42668a690b5061c090,7ebad1ecabd28a7000add2d05f888aa2e837c2cc,c7fbdcc4df48bd4a2cfe21811613e5e50e3e4868822fe6dddd13745d96692118,b98d65cc5e34337369dcd4d69d63651cc2c99c19e8494199e8b5ec9e06c8b87f,3ee7e46399aea60603c767e0a604e79e7db233924ce71fe027a1ccc1623b7eb0,7beb41daec3d6a34c6da7696c56a982667957298f017ebe137829282b6ce7985,e6f30e55e478d39061b94e38de33959ca99b16e8cac38a3bd99b34f6543ad4a2,20260924,1.5,kinematic
pid_feedforward_lowvz,False,0,id,SS4,200,196,0.98,0.9497129130941735,0.9921955735836505,0.0,0.0,0.0,0.02,0.98,0.0,200,0.1033076674132003,0.13943986160002161,0.10336445736505925,0.1403765887414273,0.014647933577091883,0.03173839642931831,5.183976233389957,7.786604166666667,7.6499999999999995,0.013377518605543082,0.007671846712969676,0,0.0,0,-0.001965169656343393,148,0.74,0.75,0,0,0,0,0,196,4,0,373c2307857988a88f90cd39959e873b808034cddf7fc70fe7c14f323da34f4c,19b1f9c8ee916a3894ac2d6f52407aa38978ff83c4de001d90a0edd729bd1268,3.12.3,2.5.2,2.13.0,2.9.0,1.3.0,3.2.7,e9fa15cc35312a5c1ecf0c42668a690b5061c090,7ebad1ecabd28a7000add2d05f888aa2e837c2cc,c7fbdcc4df48bd4a2cfe21811613e5e50e3e4868822fe6dddd13745d96692118,b98d65cc5e34337369dcd4d69d63651cc2c99c19e8494199e8b5ec9e06c8b87f,3ee7e46399aea60603c767e0a604e79e7db233924ce71fe027a1ccc1623b7eb0,7beb41daec3d6a34c6da7696c56a982667957298f017ebe137829282b6ce7985,e6f30e55e478d39061b94e38de33959ca99b16e8cac38a3bd99b34f6543ad4a2,20260924,1.5,kinematic
pid_feedforward_lowvz,False,0,id,SS5,200,191,0.955,0.9167032959981803,0.976147456998507,0.0,0.0,0.0,0.045,0.955,0.0,200,0.10989506966309856,0.18768229125816208,0.11041093103860972,0.18532032432906276,0.014287056748415381,0.032131765946587336,9.21875171613334,7.696583333333333,7.60625,0.01831850601100277,0.011098600534916254,0,0.0,0,-0.0028581588886432753,56,0.28,0.745,0,0,0,0,0,191,9,0,373c2307857988a88f90cd39959e873b808034cddf7fc70fe7c14f323da34f4c,19b1f9c8ee916a3894ac2d6f52407aa38978ff83c4de001d90a0edd729bd1268,3.12.3,2.5.2,2.13.0,2.9.0,1.3.0,3.2.7,e9fa15cc35312a5c1ecf0c42668a690b5061c090,7ebad1ecabd28a7000add2d05f888aa2e837c2cc,c7fbdcc4df48bd4a2cfe21811613e5e50e3e4868822fe6dddd13745d96692118,b98d65cc5e34337369dcd4d69d63651cc2c99c19e8494199e8b5ec9e06c8b87f,3ee7e46399aea60603c767e0a604e79e7db233924ce71fe027a1ccc1623b7eb0,7beb41daec3d6a34c6da7696c56a982667957298f017ebe137829282b6ce7985,e6f30e55e478d39061b94e38de33959ca99b16e8cac38a3bd99b34f6543ad4a2,20260924,1.5,kinematic
pid_feedforward_lowvz,False,0,id,SS6,200,170,0.85,0.7939442071583334,0.89286406437758,0.0,0.0,0.045,0.105,0.85,0.0,200,0.10649729559970743,0.1805440860957514,0.10764816412904046,0.18225866359037646,0.017210912627794388,0.033710007166042645,13.93198347255708,7.793416666666667,7.772916666666667,0.01937464643698773,0.011177102431045314,0,0.0,0,-0.003836055282066005,23,0.115,0.0,0,0,0,0,0,175,25,0,373c2307857988a88f90cd39959e873b808034cddf7fc70fe7c14f323da34f4c,19b1f9c8ee916a3894ac2d6f52407aa38978ff83c4de001d90a0edd729bd1268,3.12.3,2.5.2,2.13.0,2.9.0,1.3.0,3.2.7,e9fa15cc35312a5c1ecf0c42668a690b5061c090,7ebad1ecabd28a7000add2d05f888aa2e837c2cc,c7fbdcc4df48bd4a2cfe21811613e5e50e3e4868822fe6dddd13745d96692118,b98d65cc5e34337369dcd4d69d63651cc2c99c19e8494199e8b5ec9e06c8b87f,3ee7e46399aea60603c767e0a604e79e7db233924ce71fe027a1ccc1623b7eb0,7beb41daec3d6a34c6da7696c56a982667957298f017ebe137829282b6ce7985,e6f30e55e478d39061b94e38de33959ca99b16e8cac38a3bd99b34f6543ad4a2,20260924,1.5,kinematic
gated,False,0,id,SS3,200,200,1.0,0.9811546736227335,1.0,0.0,0.0,0.0,0.0,1.0,0.0,200,0.19348897869510728,0.2165770162997279,0.19319872914473052,0.21643761536969583,0.02374920901007725,0.04383297574852794,4.686273977402831,3.2640208333333334,3.1791666666666663,0.043607355762062754,0.008467014579145261,0,0.0,0,-0.0019048440666125236,190,0.95,0.755,0,0,0,0,0,200,0,0,da8eb57897cc9259ec1d9967d1528919cc4bf1325d7ed1fda0b7785ee97fecee,7c2133f9e141fe5cdc5a59b86eeda6ba292ba909061c1ae9511977b445bb7b74,3.12.3,2.5.2,2.13.0,2.9.0,1.3.0,3.2.7,e9fa15cc35312a5c1ecf0c42668a690b5061c090,7ebad1ecabd28a7000add2d05f888aa2e837c2cc,c7fbdcc4df48bd4a2cfe21811613e5e50e3e4868822fe6dddd13745d96692118,b98d65cc5e34337369dcd4d69d63651cc2c99c19e8494199e8b5ec9e06c8b87f,3ee7e46399aea60603c767e0a604e79e7db233924ce71fe027a1ccc1623b7eb0,7beb41daec3d6a34c6da7696c56a982667957298f017ebe137829282b6ce7985,e6f30e55e478d39061b94e38de33959ca99b16e8cac38a3bd99b34f6543ad4a2,20260924,1.5,kinematic
gated,False,0,id,SS4,200,197,0.985,0.9568342712073097,0.9948857622067417,0.0,0.0,0.0,0.0,0.985,0.015,197,0.19199756451248381,0.22877720335180332,0.19152941775136875,0.22858757459189988,0.02116981644939582,0.04530550031907511,4.94324018676319,3.5478637901861245,3.279166666666667,0.045502227481183696,0.011047210680043273,0,0.0,0,-0.0023682486288281964,146,0.7411167512690355,0.75,0,0,0,0,0,197,0,3,da8eb57897cc9259ec1d9967d1528919cc4bf1325d7ed1fda0b7785ee97fecee,7c2133f9e141fe5cdc5a59b86eeda6ba292ba909061c1ae9511977b445bb7b74,3.12.3,2.5.2,2.13.0,2.9.0,1.3.0,3.2.7,e9fa15cc35312a5c1ecf0c42668a690b5061c090,7ebad1ecabd28a7000add2d05f888aa2e837c2cc,c7fbdcc4df48bd4a2cfe21811613e5e50e3e4868822fe6dddd13745d96692118,b98d65cc5e34337369dcd4d69d63651cc2c99c19e8494199e8b5ec9e06c8b87f,3ee7e46399aea60603c767e0a604e79e7db233924ce71fe027a1ccc1623b7eb0,7beb41daec3d6a34c6da7696c56a982667957298f017ebe137829282b6ce7985,e6f30e55e478d39061b94e38de33959ca99b16e8cac38a3bd99b34f6543ad4a2,20260924,1.5,kinematic
gated,False,0,id,SS5,200,179,0.895,0.8448196800887696,0.9302925120731899,0.0,0.0,0.0,0.0,0.895,0.105,179,0.19279401010336006,0.2496136127835818,0.19213319109446897,0.2491991786958619,0.018543073401843385,0.039451094685097825,6.25766230037191,4.641061452513966,3.7375,0.04272524926862339,0.01396675123638595,0,0.0,0,-0.002800514320241292,77,0.4301675977653631,0.745,0,0,0,0,0,179,0,21,da8eb57897cc9259ec1d9967d1528919cc4bf1325d7ed1fda0b7785ee97fecee,7c2133f9e141fe5cdc5a59b86eeda6ba292ba909061c1ae9511977b445bb7b74,3.12.3,2.5.2,2.13.0,2.9.0,1.3.0,3.2.7,e9fa15cc35312a5c1ecf0c42668a690b5061c090,7ebad1ecabd28a7000add2d05f888aa2e837c2cc,c7fbdcc4df48bd4a2cfe21811613e5e50e3e4868822fe6dddd13745d96692118,b98d65cc5e34337369dcd4d69d63651cc2c99c19e8494199e8b5ec9e06c8b87f,3ee7e46399aea60603c767e0a604e79e7db233924ce71fe027a1ccc1623b7eb0,7beb41daec3d6a34c6da7696c56a982667957298f017ebe137829282b6ce7985,e6f30e55e478d39061b94e38de33959ca99b16e8cac38a3bd99b34f6543ad4a2,20260924,1.5,kinematic
gated,False,0,id,SS6,200,126,0.63,0.5612262992405018,0.6938739159014088,0.0,0.0,0.0,0.02,0.63,0.35,130,0.19396819284686823,0.2666778820115755,0.19415808333055934,0.26725945372468474,0.016488297719121026,0.03820455414494894,7.755417913533771,5.359391025641026,4.6625,0.036384163118932465,0.013936532375831806,0,0.0,0,-0.0030829472065927645,22,0.16923076923076924,0.0,0,0,0,0,0,126,4,70,da8eb57897cc9259ec1d9967d1528919cc4bf1325d7ed1fda0b7785ee97fecee,7c2133f9e141fe5cdc5a59b86eeda6ba292ba909061c1ae9511977b445bb7b74,3.12.3,2.5.2,2.13.0,2.9.0,1.3.0,3.2.7,e9fa15cc35312a5c1ecf0c42668a690b5061c090,7ebad1ecabd28a7000add2d05f888aa2e837c2cc,c7fbdcc4df48bd4a2cfe21811613e5e50e3e4868822fe6dddd13745d96692118,b98d65cc5e34337369dcd4d69d63651cc2c99c19e8494199e8b5ec9e06c8b87f,3ee7e46399aea60603c767e0a604e79e7db233924ce71fe027a1ccc1623b7eb0,7beb41daec3d6a34c6da7696c56a982667957298f017ebe137829282b6ce7985,e6f30e55e478d39061b94e38de33959ca99b16e8cac38a3bd99b34f6543ad4a2,20260924,1.5,kinematic
oracle_gated,True,0,id,SS3,200,200,1.0,0.9811546736227335,1.0,0.0,0.0,0.0,0.0,1.0,0.0,200,0.19316029971433185,0.21975493269266635,0.19319872914473052,0.2193668678179681,0.023678779398680138,0.04383297574852794,4.6420608177391305,3.2901249999999997,3.1875,0.043473092461956124,0.00849363643810338,0,0.0,0,-0.0019048440666125236,197,0.985,0.755,0,0,0,0,0,200,0,0,e8bc4efd5615cea1a07f05f0368f226b682e11d78968b2a8d6b03c8f0862b4f1,dec9793dee4adbccbd2d7ab225cc7509ca9a1b1e51c3f582ec8f0cc5f04e6755,3.12.3,2.5.2,2.13.0,2.9.0,1.3.0,3.2.7,e9fa15cc35312a5c1ecf0c42668a690b5061c090,7ebad1ecabd28a7000add2d05f888aa2e837c2cc,c7fbdcc4df48bd4a2cfe21811613e5e50e3e4868822fe6dddd13745d96692118,b98d65cc5e34337369dcd4d69d63651cc2c99c19e8494199e8b5ec9e06c8b87f,3ee7e46399aea60603c767e0a604e79e7db233924ce71fe027a1ccc1623b7eb0,7beb41daec3d6a34c6da7696c56a982667957298f017ebe137829282b6ce7985,e6f30e55e478d39061b94e38de33959ca99b16e8cac38a3bd99b34f6543ad4a2,20260924,1.5,kinematic
oracle_gated,True,0,id,SS4,200,197,0.985,0.9568342712073097,0.9948857622067417,0.0,0.0,0.0,0.0,0.985,0.015,197,0.19389305832660483,0.2358603498425173,0.1939319980999714,0.23657438620930685,0.021054847799282263,0.04393110231577475,4.4394039373644,3.596806260575296,3.2875,0.0456571187868782,0.011294370230047446,0,0.0,0,-0.0021511385188230075,179,0.9086294416243654,0.75,0,0,0,0,0,197,0,3,e8bc4efd5615cea1a07f05f0368f226b682e11d78968b2a8d6b03c8f0862b4f1,dec9793dee4adbccbd2d7ab225cc7509ca9a1b1e51c3f582ec8f0cc5f04e6755,3.12.3,2.5.2,2.13.0,2.9.0,1.3.0,3.2.7,e9fa15cc35312a5c1ecf0c42668a690b5061c090,7ebad1ecabd28a7000add2d05f888aa2e837c2cc,c7fbdcc4df48bd4a2cfe21811613e5e50e3e4868822fe6dddd13745d96692118,b98d65cc5e34337369dcd4d69d63651cc2c99c19e8494199e8b5ec9e06c8b87f,3ee7e46399aea60603c767e0a604e79e7db233924ce71fe027a1ccc1623b7eb0,7beb41daec3d6a34c6da7696c56a982667957298f017ebe137829282b6ce7985,e6f30e55e478d39061b94e38de33959ca99b16e8cac38a3bd99b34f6543ad4a2,20260924,1.5,kinematic
oracle_gated,True,0,id,SS5,200,178,0.89,0.839073090026985,0.926227555398747,0.0,0.0,0.0,0.005,0.89,0.105,179,0.19123879405580535,0.25203147612614507,0.1910760981083505,0.25222250024374815,0.019245424491988176,0.042452216811366995,5.127458140465082,4.703119180633148,3.6041666666666665,0.04422241479748634,0.014546319871191265,0,0.0,0,-0.0024267073111010804,138,0.770949720670391,0.745,0,0,0,0,0,178,1,21,e8bc4efd5615cea1a07f05f0368f226b682e11d78968b2a8d6b03c8f0862b4f1,dec9793dee4adbccbd2d7ab225cc7509ca9a1b1e51c3f582ec8f0cc5f04e6755,3.12.3,2.5.2,2.13.0,2.9.0,1.3.0,3.2.7,e9fa15cc35312a5c1ecf0c42668a690b5061c090,7ebad1ecabd28a7000add2d05f888aa2e837c2cc,c7fbdcc4df48bd4a2cfe21811613e5e50e3e4868822fe6dddd13745d96692118,b98d65cc5e34337369dcd4d69d63651cc2c99c19e8494199e8b5ec9e06c8b87f,3ee7e46399aea60603c767e0a604e79e7db233924ce71fe027a1ccc1623b7eb0,7beb41daec3d6a34c6da7696c56a982667957298f017ebe137829282b6ce7985,e6f30e55e478d39061b94e38de33959ca99b16e8cac38a3bd99b34f6543ad4a2,20260924,1.5,kinematic
oracle_gated,True,0,id,SS6,200,129,0.645,0.5765211307549043,0.7080137245956883,0.0,0.0,0.0,0.0,0.645,0.355,129,0.19028333913505124,0.2538161822629184,0.1907533711445752,0.2530393695347004,0.018578146797344902,0.04314187262000617,5.919746327715753,5.672480620155039,4.795833333333333,0.03713279786536626,0.014305738850023553,0,0.0,0,-0.002568938593732916,88,0.6821705426356589,0.0,0,0,0,0,0,129,0,71,e8bc4efd5615cea1a07f05f0368f226b682e11d78968b2a8d6b03c8f0862b4f1,dec9793dee4adbccbd2d7ab225cc7509ca9a1b1e51c3f582ec8f0cc5f04e6755,3.12.3,2.5.2,2.13.0,2.9.0,1.3.0,3.2.7,e9fa15cc35312a5c1ecf0c42668a690b5061c090,7ebad1ecabd28a7000add2d05f888aa2e837c2cc,c7fbdcc4df48bd4a2cfe21811613e5e50e3e4868822fe6dddd13745d96692118,b98d65cc5e34337369dcd4d69d63651cc2c99c19e8494199e8b5ec9e06c8b87f,3ee7e46399aea60603c767e0a604e79e7db233924ce71fe027a1ccc1623b7eb0,7beb41daec3d6a34c6da7696c56a982667957298f017ebe137829282b6ce7985,e6f30e55e478d39061b94e38de33959ca99b16e8cac38a3bd99b34f6543ad4a2,20260924,1.5,kinematic
