method,ss,variable,quintile,value_lo,value_hi,episodes,learned_success,pid_feedforward_success
ppo,SS3,init_height_m,1,0.6006991520739677,0.6671996339081039,40,1.0,1.0
ppo,SS3,init_height_m,2,0.6674468984509814,0.748841151933697,40,1.0,1.0
ppo,SS3,init_height_m,3,0.7494409768389607,0.8656598258120716,40,1.0,1.0
ppo,SS3,init_height_m,4,0.865841680483616,0.9283634995403744,40,1.0,1.0
ppo,SS3,init_height_m,5,0.9314683811994007,0.9993047256136112,40,1.0,1.0
ppo,SS3,init_lateral_m,1,0.024036722875688983,0.14516528542105597,40,1.0,1.0
ppo,SS3,init_lateral_m,2,0.14535966830421754,0.20524652772130303,40,1.0,1.0
ppo,SS3,init_lateral_m,3,0.20648611108444667,0.2563302939239723,40,1.0,1.0
ppo,SS3,init_lateral_m,4,0.25732336855988597,0.29991590904427823,40,1.0,1.0
ppo,SS3,init_lateral_m,5,0.30125068135583005,0.41345509004497294,40,1.0,1.0
ppo,SS3,t0_model_s,1,4.160248547448539,19.036714914178095,40,1.0,1.0
ppo,SS3,t0_model_s,2,19.47637422877458,40.53517329897654,40,1.0,1.0
ppo,SS3,t0_model_s,3,40.80330715748051,59.21084703695127,40,1.0,1.0
ppo,SS3,t0_model_s,4,59.35904216351188,76.29973154250287,40,1.0,1.0
ppo,SS3,t0_model_s,5,77.14952267130869,106.35781766393953,40,1.0,1.0
ppo,SS4,init_height_m,1,0.6038928602932265,0.6787940288868852,40,1.0,1.0
ppo,SS4,init_height_m,2,0.6911414076358191,0.7571174620991683,40,1.0,1.0
ppo,SS4,init_height_m,3,0.7610932685435907,0.8420521773782585,40,1.0,1.0
ppo,SS4,init_height_m,4,0.8441172910507675,0.9221112067826007,40,1.0,1.0
ppo,SS4,init_height_m,5,0.9227609220519253,0.9998169462489401,40,1.0,1.0
ppo,SS4,init_lateral_m,1,0.03158486092322046,0.15225472211326718,40,1.0,1.0
ppo,SS4,init_lateral_m,2,0.1531681125067348,0.21551785097528856,40,1.0,1.0
ppo,SS4,init_lateral_m,3,0.21597184651535797,0.2710558779640974,40,1.0,1.0
ppo,SS4,init_lateral_m,4,0.27112113815228267,0.3085027828023934,40,1.0,1.0
ppo,SS4,init_lateral_m,5,0.3086262283998503,0.3917699126368905,40,1.0,1.0
ppo,SS4,t0_model_s,1,4.073897850773189,21.986768189065504,40,1.0,1.0
ppo,SS4,t0_model_s,2,22.279648879773003,40.11836867609006,40,1.0,1.0
ppo,SS4,t0_model_s,3,40.27361699031359,67.421725509373,40,1.0,1.0
ppo,SS4,t0_model_s,4,69.69427360425502,85.5672933650091,40,1.0,1.0
ppo,SS4,t0_model_s,5,87.68455919332281,106.14387572371466,40,1.0,1.0
ppo,SS5,init_height_m,1,0.6004009838821041,0.6658255033902685,40,1.0,1.0
ppo,SS5,init_height_m,2,0.6703137225593361,0.7436955813522352,40,1.0,1.0
ppo,SS5,init_height_m,3,0.7441548191769143,0.8315121731469266,40,1.0,0.975
ppo,SS5,init_height_m,4,0.8315189549851358,0.9100152665925152,40,1.0,0.975
ppo,SS5,init_height_m,5,0.9100239303379327,0.9998979660404888,40,1.0,1.0
ppo,SS5,init_lateral_m,1,0.015921894526532455,0.146945971795386,40,1.0,0.975
ppo,SS5,init_lateral_m,2,0.15261750736599825,0.2109006819097249,40,1.0,1.0
ppo,SS5,init_lateral_m,3,0.21110801197793017,0.25786387987835613,40,1.0,1.0
ppo,SS5,init_lateral_m,4,0.2589827156855722,0.3007653102858176,40,1.0,0.975
ppo,SS5,init_lateral_m,5,0.3021624230800899,0.4106379886289791,40,1.0,1.0
ppo,SS5,t0_model_s,1,4.565632425670542,28.914207337172904,40,1.0,0.95
ppo,SS5,t0_model_s,2,29.816316539450707,51.4130881317619,40,1.0,1.0
ppo,SS5,t0_model_s,3,51.87552700306051,69.91917025451238,40,1.0,1.0
ppo,SS5,t0_model_s,4,70.32776804891955,87.14731519865059,40,1.0,1.0
ppo,SS5,t0_model_s,5,87.87610637709496,107.0380594440799,40,1.0,1.0
ppo,SS6,init_height_m,1,0.6033608338871024,0.6860395711024763,40,0.975,0.95
ppo,SS6,init_height_m,2,0.6864108677031093,0.7668617631114647,40,0.99,0.9
ppo,SS6,init_height_m,3,0.7702178778880391,0.8322039110514132,40,1.0,0.95
ppo,SS6,init_height_m,4,0.832492881824181,0.9233280622396789,40,0.9550000000000001,0.875
ppo,SS6,init_height_m,5,0.9247258575575958,0.9962011524081731,40,0.99,0.85
ppo,SS6,init_lateral_m,1,0.0021903159550805914,0.1546346516826498,40,0.9649999999999999,0.9
ppo,SS6,init_lateral_m,2,0.1614631995198154,0.22762989764528102,40,0.975,0.9
ppo,SS6,init_lateral_m,3,0.22860907189029844,0.2654336104364952,40,0.9949999999999999,0.85
ppo,SS6,init_lateral_m,4,0.26580994822317533,0.31011926947539703,40,0.9850000000000001,0.925
ppo,SS6,init_lateral_m,5,0.31012160336854167,0.406389156921791,40,0.99,0.95
ppo,SS6,t0_model_s,1,4.279091676729836,29.859360376618262,40,0.9800000000000001,0.825
ppo,SS6,t0_model_s,2,30.113274895754763,54.76241858515719,40,0.9800000000000001,0.95
ppo,SS6,t0_model_s,3,54.99322220794761,73.43859987150168,40,0.985,0.95
ppo,SS6,t0_model_s,4,73.5246137685458,94.42181665873586,40,0.975,0.875
ppo,SS6,t0_model_s,5,94.42656797716555,107.49709213160665,40,0.99,0.925
sac,SS3,init_height_m,1,0.6006991520739677,0.6671996339081039,40,0.9949999999999999,1.0
sac,SS3,init_height_m,2,0.6674468984509814,0.748841151933697,40,1.0,1.0
sac,SS3,init_height_m,3,0.7494409768389607,0.8656598258120716,40,1.0,1.0
sac,SS3,init_height_m,4,0.865841680483616,0.9283634995403744,40,1.0,1.0
sac,SS3,init_height_m,5,0.9314683811994007,0.9993047256136112,40,0.9850000000000001,1.0
sac,SS3,init_lateral_m,1,0.024036722875688983,0.14516528542105597,40,1.0,1.0
sac,SS3,init_lateral_m,2,0.14535966830421754,0.20524652772130303,40,1.0,1.0
sac,SS3,init_lateral_m,3,0.20648611108444667,0.2563302939239723,40,0.99,1.0
sac,SS3,init_lateral_m,4,0.25732336855988597,0.29991590904427823,40,1.0,1.0
sac,SS3,init_lateral_m,5,0.30125068135583005,0.41345509004497294,40,0.99,1.0
sac,SS3,t0_model_s,1,4.160248547448539,19.036714914178095,40,1.0,1.0
sac,SS3,t0_model_s,2,19.47637422877458,40.53517329897654,40,1.0,1.0
sac,SS3,t0_model_s,3,40.80330715748051,59.21084703695127,40,1.0,1.0
sac,SS3,t0_model_s,4,59.35904216351188,76.29973154250287,40,0.985,1.0
sac,SS3,t0_model_s,5,77.14952267130869,106.35781766393953,40,0.9949999999999999,1.0
sac,SS4,init_height_m,1,0.6038928602932265,0.6787940288868852,40,0.975,1.0
sac,SS4,init_height_m,2,0.6911414076358191,0.7571174620991683,40,0.9649999999999999,1.0
sac,SS4,init_height_m,3,0.7610932685435907,0.8420521773782585,40,0.9800000000000001,1.0
sac,SS4,init_height_m,4,0.8441172910507675,0.9221112067826007,40,0.9949999999999999,1.0
sac,SS4,init_height_m,5,0.9227609220519253,0.9998169462489401,40,0.9800000000000001,1.0
sac,SS4,init_lateral_m,1,0.03158486092322046,0.15225472211326718,40,0.9549999999999998,1.0
sac,SS4,init_lateral_m,2,0.1531681125067348,0.21551785097528856,40,0.99,1.0
sac,SS4,init_lateral_m,3,0.21597184651535797,0.2710558779640974,40,0.9800000000000001,1.0
sac,SS4,init_lateral_m,4,0.27112113815228267,0.3085027828023934,40,0.9800000000000001,1.0
sac,SS4,init_lateral_m,5,0.3086262283998503,0.3917699126368905,40,0.99,1.0
sac,SS4,t0_model_s,1,4.073897850773189,21.986768189065504,40,0.9650000000000001,1.0
sac,SS4,t0_model_s,2,22.279648879773003,40.11836867609006,40,0.9850000000000001,1.0
sac,SS4,t0_model_s,3,40.27361699031359,67.421725509373,40,0.9949999999999999,1.0
sac,SS4,t0_model_s,4,69.69427360425502,85.5672933650091,40,0.9700000000000001,1.0
sac,SS4,t0_model_s,5,87.68455919332281,106.14387572371466,40,0.9800000000000001,1.0
sac,SS5,init_height_m,1,0.6004009838821041,0.6658255033902685,40,0.8699999999999999,1.0
sac,SS5,init_height_m,2,0.6703137225593361,0.7436955813522352,40,0.9349999999999998,1.0
sac,SS5,init_height_m,3,0.7441548191769143,0.8315121731469266,40,0.8400000000000001,0.975
sac,SS5,init_height_m,4,0.8315189549851358,0.9100152665925152,40,0.82,0.975
sac,SS5,init_height_m,5,0.9100239303379327,0.9998979660404888,40,0.8550000000000001,1.0
sac,SS5,init_lateral_m,1,0.015921894526532455,0.146945971795386,40,0.8150000000000001,0.975
sac,SS5,init_lateral_m,2,0.15261750736599825,0.2109006819097249,40,0.9099999999999999,1.0
sac,SS5,init_lateral_m,3,0.21110801197793017,0.25786387987835613,40,0.8949999999999999,1.0
sac,SS5,init_lateral_m,4,0.2589827156855722,0.3007653102858176,40,0.8300000000000001,0.975
sac,SS5,init_lateral_m,5,0.3021624230800899,0.4106379886289791,40,0.8699999999999999,1.0
sac,SS5,t0_model_s,1,4.565632425670542,28.914207337172904,40,0.8399999999999999,0.95
sac,SS5,t0_model_s,2,29.816316539450707,51.4130881317619,40,0.8949999999999999,1.0
sac,SS5,t0_model_s,3,51.87552700306051,69.91917025451238,40,0.8699999999999999,1.0
sac,SS5,t0_model_s,4,70.32776804891955,87.14731519865059,40,0.9,1.0
sac,SS5,t0_model_s,5,87.87610637709496,107.0380594440799,40,0.8150000000000001,1.0
sac,SS6,init_height_m,1,0.6033608338871024,0.6860395711024763,40,0.6050000000000001,0.95
sac,SS6,init_height_m,2,0.6864108677031093,0.7668617631114647,40,0.75,0.9
sac,SS6,init_height_m,3,0.7702178778880391,0.8322039110514132,40,0.76,0.95
sac,SS6,init_height_m,4,0.832492881824181,0.9233280622396789,40,0.71,0.875
sac,SS6,init_height_m,5,0.9247258575575958,0.9962011524081731,40,0.72,0.85
sac,SS6,init_lateral_m,1,0.0021903159550805914,0.1546346516826498,40,0.7550000000000001,0.9
sac,SS6,init_lateral_m,2,0.1614631995198154,0.22762989764528102,40,0.6900000000000001,0.9
sac,SS6,init_lateral_m,3,0.22860907189029844,0.2654336104364952,40,0.6599999999999999,0.85
sac,SS6,init_lateral_m,4,0.26580994822317533,0.31011926947539703,40,0.7550000000000001,0.925
sac,SS6,init_lateral_m,5,0.31012160336854167,0.406389156921791,40,0.6849999999999999,0.95
sac,SS6,t0_model_s,1,4.279091676729836,29.859360376618262,40,0.6599999999999999,0.825
sac,SS6,t0_model_s,2,30.113274895754763,54.76241858515719,40,0.7699999999999999,0.95
sac,SS6,t0_model_s,3,54.99322220794761,73.43859987150168,40,0.75,0.95
sac,SS6,t0_model_s,4,73.5246137685458,94.42181665873586,40,0.655,0.875
sac,SS6,t0_model_s,5,94.42656797716555,107.49709213160665,40,0.71,0.925
