method,run_seed,bin,step_lo,step_hi,n_episodes,timeout_frac,success_frac,tunnelled_n,depth_max_mm,disagree_n,ss_mix
ppo,0,0,0,1001062,7010,0.03937232524964337,0.7921540656205421,17,5.697295537697914,13,SS3:1782;SS4:3286;SS5:1942
ppo,0,1,1001062,2002124,11113,0.0,0.9568073427517322,43,6.853080554624353,21,SS5:11113
ppo,0,2,2002124,3003187,12650,0.0,0.9747826086956521,42,6.121584147926901,25,SS5:12650
ppo,0,3,3003187,4004249,13721,0.0,0.9779899424240216,56,6.106846163913367,28,SS5:13721
ppo,0,4,4004249,5005312,14088,0.0,0.979557069846678,84,9.070788078273033,22,SS5:14088
ppo,0,5,5005312,6006374,14946,0.0,0.9866854007761274,74,6.987435475160534,11,SS5:14946
ppo,0,6,6006374,7007436,15389,0.0,0.9901228149977257,99,7.487127390910165,9,SS5:15389
ppo,0,7,7007436,8008499,15643,0.0,0.9895160774787445,98,7.043478920876242,6,SS5:15643
ppo,0,8,8008499,9009561,16069,0.0,0.9927811313709627,73,8.075840181920245,4,SS5:16069
ppo,0,9,9009561,10010624,16180,0.0,0.992521631644005,85,6.704775591018419,8,SS5:16180
ppo,1,0,0,1001062,7266,0.033168180567024495,0.847233691164327,12,6.146214584230523,14,SS3:1803;SS4:3455;SS5:2008
ppo,1,1,1001062,2002124,11366,0.0,0.9561851134963928,45,6.446027989609648,23,SS5:11366
ppo,1,2,2002124,3003187,12970,0.0,0.9697764070932922,89,7.480884105755393,13,SS5:12970
ppo,1,3,3003187,4004249,13695,0.0,0.9839357429718876,108,7.371148108601705,14,SS5:13695
ppo,1,4,4004249,5005312,14496,0.0,0.9873068432671082,103,8.00299381665854,12,SS5:14496
ppo,1,5,5005312,6006374,15138,0.0,0.989826925617651,95,7.195294784137651,18,SS5:15138
ppo,1,6,6006374,7007436,15456,0.0,0.9891304347826086,78,9.077591200315807,15,SS5:15456
ppo,1,7,7007436,8008499,15872,0.0,0.990234375,81,6.861121866699678,7,SS5:15872
ppo,1,8,8008499,9009561,16119,0.0,0.9911284819157516,68,7.020485331736738,7,SS5:16119
ppo,1,9,9009561,10010624,16164,0.0,0.9908438505320465,80,6.345206418687648,6,SS5:16164
ppo,2,0,0,1001062,6660,0.03978978978978979,0.8312312312312312,17,6.240024446187826,10,SS3:1759;SS4:3149;SS5:1752
ppo,2,1,1001062,2002124,10331,0.0,0.9560545929726068,49,7.511399518650444,19,SS5:10331
ppo,2,2,2002124,3003187,12013,0.0,0.9773578623158246,90,6.479940766357017,22,SS5:12013
ppo,2,3,3003187,4004249,12782,0.0,0.9790330151775934,78,6.8149978661970065,27,SS5:12782
ppo,2,4,4004249,5005312,13759,0.0,0.9782687695326695,37,6.765823018249154,22,SS5:13759
ppo,2,5,5005312,6006374,14438,0.0,0.9850394791522371,35,6.408380223038251,17,SS5:14438
ppo,2,6,6006374,7007436,15067,0.0,0.9885843233556779,50,6.411189448323276,17,SS5:15067
ppo,2,7,7007436,8008499,15249,0.0,0.9916715850219686,37,6.677767710101492,7,SS5:15249
ppo,2,8,8008499,9009561,15767,0.0,0.9911841187289909,45,7.18297476472641,12,SS5:15767
ppo,2,9,9009561,10010624,16072,0.0,0.9945868591338974,61,6.584151026060718,10,SS5:16072
ppo,3,0,0,1001062,7650,0.03137254901960784,0.8602614379084967,13,6.56371198698926,10,SS3:2057;SS4:3576;SS5:2017
ppo,3,1,1001062,2002124,11477,0.0,0.9606168859458046,48,6.0680008052261805,15,SS5:11477
ppo,3,2,2002124,3003187,13139,0.0,0.9738945125199787,47,6.462281504564961,19,SS5:13139
ppo,3,3,3003187,4004249,14005,0.0,0.9865762227775794,58,6.425413375634447,13,SS5:14005
ppo,3,4,4004249,5005312,14934,0.0,0.9916298379536628,46,6.875285476933729,9,SS5:14934
ppo,3,5,5005312,6006374,15315,0.0,0.9913809990205681,52,8.218862280983734,16,SS5:15315
ppo,3,6,6006374,7007436,15596,0.0,0.9932033854834573,40,7.855136591722798,7,SS5:15596
ppo,3,7,7007436,8008499,15921,0.0,0.9954776710005653,41,7.269913983638883,6,SS5:15921
ppo,3,8,8008499,9009561,16063,0.0,0.9956421589989417,32,5.7655317912242445,9,SS5:16063
ppo,3,9,9009561,10010624,16268,0.0,0.995758544381608,40,7.925234946336335,3,SS5:16268
ppo,4,0,0,1001062,7187,0.033811047725059135,0.8292750800055656,18,5.963283257378487,8,SS3:1904;SS4:3386;SS5:1897
ppo,4,1,1001062,2002124,11085,0.0,0.9465042850699144,83,7.898786822426174,27,SS5:11085
ppo,4,2,2002124,3003187,12187,0.0,0.9737425125133339,65,7.019344978330268,17,SS5:12187
ppo,4,3,3003187,4004249,12989,0.0,0.9861421202556009,54,6.0000865616992325,16,SS5:12989
ppo,4,4,4004249,5005312,13666,0.0,0.9901214693399678,53,6.658412119739436,11,SS5:13666
ppo,4,5,5005312,6006374,14489,0.0,0.9901304437849403,50,6.956775143218479,9,SS5:14489
ppo,4,6,6006374,7007436,14921,0.0,0.9865290530125327,70,7.217351592329403,27,SS5:14921
ppo,4,7,7007436,8008499,15334,0.0,0.9908047476196687,81,6.485632453359702,15,SS5:15334
ppo,4,8,8008499,9009561,15557,0.0,0.9899723597094555,121,7.426758308673489,10,SS5:15557
ppo,4,9,9009561,10010624,15801,0.0,0.9919625340168344,109,7.046785364211588,15,SS5:15801
sac,0,0,0,200000,2582,0.034856700232378,0.6390395042602633,142,10.429861066857871,13,SS3:1810;SS4:772
sac,0,1,200000,400000,3476,0.00028768699654775604,0.7951668584579977,439,17.07910049425424,13,SS4:862;SS5:2614
sac,0,2,400000,600000,3706,0.0,0.8669724770642202,403,15.337536357529707,6,SS5:3706
sac,0,3,600000,800000,3720,0.0,0.888978494623656,347,20.319045279813103,5,SS5:3720
sac,0,4,800000,1000000,3730,0.0,0.9176943699731903,280,14.713359695847661,1,SS5:3730
sac,0,5,1000000,1200000,3732,0.0,0.912647374062165,295,14.173998178008276,1,SS5:3732
sac,0,6,1200000,1400000,3724,0.0,0.9180988184747583,278,12.226985733100218,3,SS5:3724
sac,0,7,1400000,1600000,3689,0.0,0.9143399295201952,237,11.575975319550132,0,SS5:3689
sac,0,8,1600000,1800000,3698,0.0,0.9302325581395349,254,10.815988003701246,0,SS5:3698
sac,0,9,1800000,2000000,3676,0.0,0.9235582154515778,246,10.853659077316276,1,SS5:3676
sac,1,0,0,200000,1999,0.08754377188594298,0.5667833916958479,46,9.114282176655271,8,SS3:1999
sac,1,1,200000,400000,2771,0.005052327679538073,0.7224828581739444,351,12.793505374632907,7,SS3:8;SS4:1511;SS5:1252
sac,1,2,400000,600000,2861,0.0013981125480601187,0.717930793428871,395,13.584452429612645,9,SS5:2861
sac,1,3,600000,800000,3234,0.00030921459492888067,0.7841682127396413,335,11.719037085175769,4,SS5:3234
sac,1,4,800000,1000000,3280,0.0,0.811280487804878,330,10.587702230389358,2,SS5:3280
sac,1,5,1000000,1200000,3294,0.00030358227079538557,0.8333333333333334,281,10.377983703707539,8,SS5:3294
sac,1,6,1200000,1400000,3310,0.0,0.8459214501510574,284,12.69745485054655,5,SS5:3310
sac,1,7,1400000,1600000,3326,0.0,0.8619963920625375,281,15.365565240641201,4,SS5:3326
sac,1,8,1600000,1800000,3329,0.0,0.8696305196755783,295,10.78909590510122,4,SS5:3329
sac,1,9,1800000,2000000,3342,0.0,0.8512866546977857,286,12.145761445917962,4,SS5:3342
sac,2,0,0,200000,1348,0.2692878338278932,0.27299703264094954,41,7.924463827934896,3,SS3:1348
sac,2,1,200000,400000,3344,0.0020933014354066986,0.7476076555023924,405,15.379406309870427,0,SS3:913;SS4:2431
sac,2,2,400000,600000,2999,0.004334778259419807,0.6448816272090697,922,15.289968680556418,4,SS4:8;SS5:2991
sac,2,3,600000,800000,3229,0.0006193868070610096,0.7872406317745432,790,14.080025629090754,2,SS5:3229
sac,2,4,800000,1000000,3242,0.0006169031462060457,0.8173966687230105,621,13.152287845912074,1,SS5:3242
sac,2,5,1000000,1200000,3253,0.0003074085459575776,0.8576698432216415,589,11.184633396132877,1,SS5:3253
sac,2,6,1200000,1400000,3249,0.0,0.8898122499230533,509,10.987890414424923,1,SS5:3249
sac,2,7,1400000,1600000,3216,0.0,0.9116915422885572,445,10.84817429111018,1,SS5:3216
sac,2,8,1600000,1800000,3125,0.00032,0.89984,430,12.980616439301322,0,SS5:3125
sac,2,9,1800000,2000000,3163,0.0,0.8880809358204237,454,11.896094150938925,0,SS5:3163
sac,3,0,0,200000,2353,0.08202294942626434,0.6719082022949426,95,10.63282712898999,3,SS3:2353
sac,3,1,200000,400000,3058,0.0068672334859385216,0.7544146500981034,441,17.82358184680026,4,SS3:8;SS4:1575;SS5:1475
sac,3,2,400000,600000,3454,0.00028951939779965256,0.7206137811233353,613,20.095279984585552,11,SS5:3454
sac,3,3,600000,800000,3530,0.0,0.7560906515580736,536,16.622482055993753,6,SS5:3530
sac,3,4,800000,1000000,3656,0.0,0.8178336980306345,430,13.597665155886693,6,SS5:3656
sac,3,5,1000000,1200000,3671,0.0,0.853990738218469,389,11.147160040312363,6,SS5:3671
sac,3,6,1200000,1400000,3668,0.0,0.829062159214831,332,11.614349175999836,8,SS5:3668
sac,3,7,1400000,1600000,3657,0.0,0.8244462674323215,355,13.188151377413062,5,SS5:3657
sac,3,8,1600000,1800000,3683,0.0,0.8479500407276677,330,13.796014530421454,7,SS5:3683
sac,3,9,1800000,2000000,3669,0.0,0.8476424093758518,351,13.954090766011078,8,SS5:3669
sac,4,0,0,200000,1887,0.13089560148383678,0.5288818229994701,53,8.649434841651013,5,SS3:1887
sac,4,1,200000,400000,2691,0.01560758082497213,0.7268673355629878,270,13.228708476239674,4,SS3:8;SS4:1490;SS5:1193
sac,4,2,400000,600000,2998,0.0010006671114076052,0.7701801200800533,356,12.7762442189509,2,SS5:2998
sac,4,3,600000,800000,3178,0.0,0.8165512901195721,311,13.064777220016902,3,SS5:3178
sac,4,4,800000,1000000,3223,0.0,0.8817871548246975,269,14.609278081003717,2,SS5:3223
sac,4,5,1000000,1200000,3293,0.0003036744609778318,0.8991800789553599,259,11.528984396022318,0,SS5:3293
sac,4,6,1200000,1400000,3286,0.0,0.8965307364576993,267,16.04892718862559,1,SS5:3286
sac,4,7,1400000,1600000,3294,0.0,0.9183363691560413,248,13.462704882236778,0,SS5:3294
sac,4,8,1600000,1800000,3317,0.0,0.9083509195055773,247,19.419917520466917,0,SS5:3317
sac,4,9,1800000,2000000,3314,0.0,0.9037417018708509,225,18.04527067022848,0,SS5:3314
