trial,param_learning_rate,param_batch_size,param_tau,param_learning_starts,param_net_width,param_w_progress,param_w_vz,param_w_smooth,param_w_time,param_r_success,param_r_fail,param_r_crash,state,run_dir,superseded_runs,resumed,resume_steps,steps,wall_s,cpu_hours,git_sha,SS3_n,SS3_frac_crash,SS3_frac_off_pad,SS3_frac_hard_landing,SS3_frac_bounce,SS3_frac_success,SS3_frac_timeout,SS3_td_closing_p50_m_s,SS3_td_closing_p95_m_s,SS3_td_lateral_p95_m,SS3_td_rel_tilt_p95_deg,SS3_mean_time_to_touchdown_s,SS3_disagreement_n,SS3_tunnelling_n,SS4_n,SS4_frac_crash,SS4_frac_off_pad,SS4_frac_hard_landing,SS4_frac_bounce,SS4_frac_success,SS4_frac_timeout,SS4_td_closing_p50_m_s,SS4_td_closing_p95_m_s,SS4_td_lateral_p95_m,SS4_td_rel_tilt_p95_deg,SS4_mean_time_to_touchdown_s,SS4_disagreement_n,SS4_tunnelling_n,SS5_n,SS5_frac_crash,SS5_frac_off_pad,SS5_frac_hard_landing,SS5_frac_bounce,SS5_frac_success,SS5_frac_timeout,SS5_td_closing_p50_m_s,SS5_td_closing_p95_m_s,SS5_td_lateral_p95_m,SS5_td_rel_tilt_p95_deg,SS5_mean_time_to_touchdown_s,SS5_disagreement_n,SS5_tunnelling_n,mean_success,pooled_td_closing_p95_m_s,n_episodes,selected
0,0.0003,256,0.005,10000,256,10.0,2.0,0.05,0.01,50.0,10.0,25.0,done,/home/kbasak/projects_02/rl-land-on-moving-deck/artifacts/runs/tune_sac_v2/trial_00/0,,False,,500000,7598.677572606975,8.603275,5376f2f27af63680ffa2e00e50756fcae40065dd,60,0.0,0.0,0.03333333333333333,0.0,0.9666666666666667,0.0,0.3401059597499557,0.45681395662672997,0.04659042041123994,4.175682150617378,1.453472222222222,0,0,60,0.0,0.0,0.06666666666666667,0.0,0.9333333333333333,0.0,0.37049906704671165,0.5021890708843868,0.06598622194586214,6.48324484251708,1.4437499999999999,0,2,60,0.0,0.03333333333333333,0.21666666666666667,0.016666666666666666,0.7333333333333333,0.0,0.4198319357135582,0.6382168527405803,0.0871545131347198,6.55246315555452,1.4659722222222222,0,8,0.8777777777777778,0.5871501214425578,180,False
1,0.0004981474522461792,512,0.00748264713076079,10000,512,6.364900646731257,0.5322330486067434,0.10688634611964193,0.006769933383911848,50.611071940511465,14.235017304308712,31.59072484821081,done,/home/kbasak/projects_02/rl-land-on-moving-deck/artifacts/runs/tune_sac_v2/trial_01/0,,False,,500000,16817.45814733801,18.958641666666665,5376f2f27af63680ffa2e00e50756fcae40065dd,60,0.0,0.0,0.03333333333333333,0.0,0.9666666666666667,0.0,0.29455168220172334,0.41841985542685767,0.05007602073391616,8.861347194895519,1.8129861111111112,0,2,60,0.03333333333333333,0.03333333333333333,0.06666666666666667,0.0,0.8666666666666667,0.0,0.30050191223877093,0.5738998827049233,0.09214592605514546,11.076588674297957,1.9880649717514127,0,3,60,0.05,0.06666666666666667,0.31666666666666665,0.0,0.55,0.016666666666666666,0.3856752856973738,0.8814773164190196,0.15451892163125158,18.440819150447993,2.3195906432748536,1,12,0.7944444444444446,0.7227036120848789,180,False
2,0.00019884105501077846,256,0.005101150091485536,25000,256,15.834588226862252,5.9551092210027035,0.03319060990044813,0.017612884752452374,63.7982074636966,29.403847102075815,10.293597020208836,done,/home/kbasak/projects_02/rl-land-on-moving-deck/artifacts/runs/tune_sac_v2/trial_02/0,,False,,500000,7355.295314788003,8.552225,03a36d14a1fe6101208501725dbee2a3761b3a0a,60,0.0,0.0,0.0,0.0,0.0,1.0,nan,nan,nan,nan,nan,0,0,60,0.0,0.0,0.0,0.0,0.0,1.0,nan,nan,nan,nan,nan,0,0,60,0.16666666666666666,0.0,0.0,0.0,0.0,0.8333333333333334,nan,nan,nan,nan,nan,0,0,0.0,nan,180,False
3,0.00010577092863010708,512,0.011664004708921243,5000,256,18.226666604168713,1.0702829508662512,0.01237736469366045,0.02584206593222916,96.37153188232332,21.407919418998063,28.12205694615841,done,/home/kbasak/projects_02/rl-land-on-moving-deck/artifacts/runs/tune_sac_v2/trial_03/0,,False,,500000,9222.459594705986,10.406452777777776,03a36d14a1fe6101208501725dbee2a3761b3a0a,60,0.0,0.0,0.05,0.0,0.95,0.0,0.3228278058639436,0.4818918714665054,0.05058208496862533,4.307054408468065,1.4231944444444444,0,0,60,0.0,0.0,0.06666666666666667,0.0,0.9333333333333333,0.0,0.33430901525601275,0.5295668504737833,0.07029082151657802,5.537400621407477,1.4588194444444444,0,1,60,0.016666666666666666,0.05,0.2,0.0,0.7333333333333333,0.0,0.39010126976060805,0.8433715526626357,0.09878955626833827,9.413872854291117,1.583545197740113,0,10,0.8722222222222222,0.591977659407196,180,False
4,0.0009374045275434551,256,0.0035133414985024,25000,512,9.577277665957808,3.0594299077356157,0.09323668426909126,0.01348116966895759,34.54928386490792,6.507693435996771,48.78178656101227,done,/home/kbasak/projects_02/rl-land-on-moving-deck/artifacts/runs/tune_sac_v2/trial_04/0,,False,,500000,12405.904970189004,14.355633333333333,1d67488e2ec8c8522968511a772f65cfe3d8699d,60,0.0,0.0,0.0,0.016666666666666666,0.0,0.9833333333333333,0.03058170477267173,0.03058170477267173,0.03080685727478305,3.923856616957879,7.825,0,0,60,0.0,0.016666666666666666,0.0,0.03333333333333333,0.0,0.95,0.09061287116382737,0.10511119215403242,0.11268764953195708,4.286191322108286,6.918055555555555,0,0,60,0.016666666666666666,0.0,0.0,0.016666666666666666,0.0,0.9666666666666667,0.15704461081907684,0.15704461081907684,0.07882061292876388,1.871626698941107,8.1125,0,0,0.0,0.1469801119969614,180,False
5,0.0006493917583958533,512,0.004184706587682749,10000,512,6.994135803543031,1.5220873454438626,0.02095228627362273,0.027888770196586848,75.65338355489075,19.103617169894278,43.350400887429714,done,/home/kbasak/projects_02/rl-land-on-moving-deck/artifacts/runs/tune_sac_v2/trial_05/0,,False,,500000,16918.91732528602,19.45518888888889,1d67488e2ec8c8522968511a772f65cfe3d8699d,60,0.016666666666666666,0.0,0.0,0.0,0.0,0.9833333333333333,nan,nan,nan,nan,nan,0,0,60,0.016666666666666666,0.0,0.0,0.0,0.0,0.9833333333333333,nan,nan,nan,nan,nan,0,0,60,0.08333333333333333,0.0,0.0,0.0,0.0,0.9166666666666666,nan,nan,nan,nan,nan,0,0,0.0,nan,180,False
6,0.00015250978689173312,256,0.009123717674330581,5000,256,13.300826586782932,2.173988761549704,0.056361359972364786,0.007788034379482269,62.46419167146087,10.383293144404888,24.803738929331303,done,/home/kbasak/projects_02/rl-land-on-moving-deck/artifacts/runs/tune_sac_v2/trial_06/0,,False,,500000,7227.245255657996,8.336033333333333,1d67488e2ec8c8522968511a772f65cfe3d8699d,60,0.0,0.0,0.016666666666666666,0.0,0.9833333333333333,0.0,0.3169545125045874,0.3994085332848137,0.05687111072390983,4.482466474469512,1.321111111111111,0,0,60,0.0,0.016666666666666666,0.016666666666666666,0.0,0.9666666666666667,0.0,0.33515262532270335,0.46342193924350933,0.06752561631404837,6.96204606365986,1.2767361111111113,0,1,60,0.0,0.016666666666666666,0.08333333333333333,0.016666666666666666,0.8833333333333333,0.0,0.3545208163724264,0.556610177097917,0.08423290903669323,11.61303132209556,1.3158333333333334,0,4,0.9444444444444443,0.4806664465807112,180,False
7,0.00024744167697145577,512,0.002085561102925138,25000,256,17.48044416308403,0.7487542296897189,0.1501031364943578,0.001022667596116662,27.366301300935447,15.058072418905795,16.97530798614025,done,/home/kbasak/projects_02/rl-land-on-moving-deck/artifacts/runs/tune_sac_v2/trial_07/0,,False,,500000,8847.509894080024,10.128086111111111,1d67488e2ec8c8522968511a772f65cfe3d8699d,60,0.0,0.0,0.016666666666666666,0.0,0.9833333333333333,0.0,0.3676564002020831,0.4527890868181416,0.050830669631042054,3.9097133085254936,1.359027777777778,0,1,60,0.0,0.0,0.016666666666666666,0.0,0.9833333333333333,0.0,0.3711024872430144,0.4826429888508393,0.051648591283302465,7.189500666797935,1.3181944444444444,0,1,60,0.016666666666666666,0.0,0.1,0.0,0.8833333333333333,0.0,0.39796892975492043,0.5447398017225913,0.07508559175974373,6.673532429402142,1.3240112994350282,0,4,0.9499999999999998,0.48577670181551,180,False
8,0.0004007553086085108,256,0.01964407800021497,10000,512,12.228484242223203,4.1860349308463665,0.024202667014253852,0.019594472190365194,89.18602804187685,23.900515884160995,36.159290969371796,done,/home/kbasak/projects_02/rl-land-on-moving-deck/artifacts/runs/tune_sac_v2/trial_08/0,,False,,500000,11818.262814063026,13.727602777777776,1d67488e2ec8c8522968511a772f65cfe3d8699d,60,0.0,0.0,0.06666666666666667,0.0,0.9333333333333333,0.0,0.3840622871049907,0.5888412525944282,0.06759330725011961,5.6158983632822785,1.375902777777778,0,0,60,0.0,0.06666666666666667,0.16666666666666666,0.0,0.75,0.016666666666666666,0.39233737959847514,0.6166983504112035,0.11135102350886161,14.357792013809341,1.5877824858757061,0,7,60,0.05,0.16666666666666666,0.18333333333333332,0.03333333333333333,0.5333333333333333,0.03333333333333333,0.40234975872432516,0.6513112631079884,0.16235823453290463,12.668152133478173,2.3715029761904765,1,12,0.7388888888888889,0.613617805747595,180,False
9,0.0003557735529476384,512,0.002330528676417979,5000,256,10.608152891509235,1.8621697612797188,0.015368443214811388,0.028590322025120258,41.532756318338215,26.845937543548644,34.80868712067604,done,/home/kbasak/projects_02/rl-land-on-moving-deck/artifacts/runs/tune_sac_v2/trial_09/0,,False,,500000,9076.266502881976,10.438186111111111,1d67488e2ec8c8522968511a772f65cfe3d8699d,60,0.0,0.016666666666666666,0.08333333333333333,0.0,0.9,0.0,0.34849459024023277,0.5683038679451395,0.06857150216353187,5.634745798901951,1.9366666666666668,0,4,60,0.0,0.0,0.08333333333333333,0.0,0.9,0.016666666666666666,0.3568370657431234,0.5311082953647414,0.06638384810960857,6.674748795871079,1.924858757062147,0,9,60,0.05,0.05,0.2,0.0,0.6666666666666666,0.03333333333333333,0.3513828382774941,0.7347374568293714,0.09557015461212956,8.731083152102265,2.414090909090909,0,15,0.8222222222222223,0.6091275452810928,180,False
10,0.00028376762147927807,256,0.01665660378704859,10000,512,19.067129995673895,2.5956556352380216,0.04927539336297006,0.010835396256297826,93.97084654774517,16.795000918209553,13.287172988057137,done,/home/kbasak/projects_02/rl-land-on-moving-deck/artifacts/runs/tune_sac_v2/trial_10/0,,False,,500000,11238.477177917986,12.887266666666665,1d67488e2ec8c8522968511a772f65cfe3d8699d,60,0.0,0.0,0.0,0.0,1.0,0.0,0.2745708582869092,0.363408972320089,0.045383405375670725,6.962769073011151,1.3331944444444443,0,0,60,0.0,0.0,0.0,0.0,1.0,0.0,0.2722056367656336,0.3918195168188212,0.0444275816745473,7.118855086331555,1.3106250000000002,0,0,60,0.0,0.0,0.06666666666666667,0.0,0.9333333333333333,0.0,0.30216965565337983,0.5031877340166221,0.07380430364448298,6.8976694928817945,1.2751388888888888,0,2,0.9777777777777779,0.4717197810154218,180,True
11,0.00016793818834313874,512,0.003812832337856218,5000,512,14.917224142700434,0.9463673025944277,0.19299792977701125,0.0026630354952067135,70.87780945003033,9.018682078458369,26.105724163353443,done,/home/kbasak/projects_02/rl-land-on-moving-deck/artifacts/runs/tune_sac_v2/trial_11/0,,False,,500000,16059.14224205399,18.365708333333334,1d67488e2ec8c8522968511a772f65cfe3d8699d,60,0.0,0.0,0.08333333333333333,0.0,0.9166666666666666,0.0,0.33690229570852687,0.5143632185710488,0.039827098608533125,6.295039696843315,1.178263888888889,0,1,60,0.0,0.03333333333333333,0.16666666666666666,0.0,0.8,0.0,0.38422481217503457,0.5986433693144076,0.08249177741224144,9.628688742910137,1.1728472222222224,0,7,60,0.03333333333333333,0.08333333333333333,0.4166666666666667,0.0,0.4666666666666667,0.0,0.4927638339542085,0.718393600065283,0.11651381962992415,20.394607704539844,1.2605603448275864,1,24,0.7277777777777779,0.6761663550873833,180,False
12,0.0006005617179033486,256,0.010955485257331327,25000,256,5.403602006845176,5.392142818804134,0.025508640896261453,0.021705192374065516,48.324827244505286,18.89867104589939,47.009676806628704,done,/home/kbasak/projects_02/rl-land-on-moving-deck/artifacts/runs/tune_sac_v2/trial_12/0,,False,,500000,7036.173720366001,8.358266666666665,1d67488e2ec8c8522968511a772f65cfe3d8699d,60,0.0,0.0,0.0,0.0,0.0,1.0,nan,nan,nan,nan,nan,0,0,60,0.0,0.0,0.0,0.0,0.0,1.0,nan,nan,nan,nan,nan,0,0,60,0.05,0.0,0.0,0.0,0.0,0.95,nan,nan,nan,nan,nan,0,0,0.0,nan,180,False
13,0.0008630420608337751,512,0.013181566115957097,25000,256,11.267171325162053,0.6654566412948658,0.11670867799400893,0.004661102369427681,82.3856616159901,6.688031782396138,40.25022551417351,done,/home/kbasak/projects_02/rl-land-on-moving-deck/artifacts/runs/tune_sac_v2/trial_13/0,,False,,500000,8994.114552140003,10.487497222222222,1d67488e2ec8c8522968511a772f65cfe3d8699d,60,0.0,0.06666666666666667,0.0,0.7833333333333333,0.0,0.15,0.10064845466926907,0.18081430921344172,0.10940437307549303,7.348793401870626,6.245343137254902,0,0,60,0.016666666666666666,0.4166666666666667,0.0,0.5,0.0,0.06666666666666667,0.16897824691079336,0.3134335851374258,0.19174959179388287,13.084653363387694,4.454166666666666,0,0,60,0.06666666666666667,0.43333333333333335,0.05,0.4,0.0,0.05,0.1918293632125317,0.6413512348390142,0.31978573959787043,18.43911832373571,4.4534090909090915,0,4,0.0,0.4108897985650404,180,False
14,0.00011699386023170376,256,0.002945808772781702,10000,512,16.56309446785599,7.5883244528112375,0.04319640937557371,0.015970743913203477,29.95009266305715,22.79675679281354,21.61545254290104,done,/home/kbasak/projects_02/rl-land-on-moving-deck/artifacts/runs/tune_sac_v2/trial_14/0,,False,,500000,11434.948051139974,13.257397222222222,1d67488e2ec8c8522968511a772f65cfe3d8699d,60,0.0,0.0,0.0,0.0,1.0,0.0,0.24203630088365446,0.31542571990409274,0.04172524752124684,4.314517146364142,2.0092361111111114,0,1,60,0.0,0.016666666666666666,0.016666666666666666,0.0,0.9666666666666667,0.0,0.2918528343002896,0.4371378599381352,0.06354038923521445,6.153323759743516,1.9222222222222223,0,0,60,0.0,0.05,0.03333333333333333,0.0,0.8833333333333333,0.03333333333333333,0.33417212962106446,0.4953922595115128,0.10109427983101138,9.161777708550138,2.2705459770114946,0,2,0.9500000000000001,0.4504131252528798,180,False
15,0.00022700467552342742,512,0.00674140850261874,25000,512,14.1412757569924,1.3236803185731838,0.01120252986704389,0.022796478783711792,55.201483657583594,27.642698255367577,18.79694927483797,done,/home/kbasak/projects_02/rl-land-on-moving-deck/artifacts/runs/tune_sac_v2/trial_15/0,,False,,500000,15964.749632977997,18.38241944444444,1d67488e2ec8c8522968511a772f65cfe3d8699d,60,0.0,0.0,0.03333333333333333,0.0,0.9666666666666667,0.0,0.32457923703792996,0.46217052327191316,0.07100109543775004,6.128743800437237,1.3253472222222225,0,0,60,0.0,0.016666666666666666,0.16666666666666666,0.0,0.8166666666666667,0.0,0.36839888788355646,0.6004029889597435,0.08283446878764228,8.221924116328578,1.4815277777777778,0,7,60,0.03333333333333333,0.13333333333333333,0.25,0.0,0.5833333333333334,0.0,0.4503293011222628,0.805083047448218,0.11028814235259757,14.242576900431265,2.2749999999999995,0,16,0.7888888888888889,0.6306404559359922,180,False
16,0.00044423480617958566,256,0.0061943825897965875,5000,256,8.025025362148881,3.6926229298277025,0.06917308066454209,0.012777730459347367,77.75652222335339,11.314197462052107,38.049207143485546,done,/home/kbasak/projects_02/rl-land-on-moving-deck/artifacts/runs/tune_sac_v2/trial_16/0,,False,,500000,7376.739107644011,8.536288888888889,1d67488e2ec8c8522968511a772f65cfe3d8699d,60,0.0,0.0,0.06666666666666667,0.0,0.9333333333333333,0.0,0.34485050418552593,0.5078428490967207,0.055501085539265756,4.44760234487058,1.4729166666666664,0,1,60,0.0,0.0,0.05,0.0,0.95,0.0,0.3730132506623304,0.4990372198746199,0.058658199636871904,4.382781272353293,1.4807638888888888,0,1,60,0.0,0.016666666666666666,0.21666666666666667,0.0,0.7666666666666667,0.0,0.40328399885808885,0.6369507007490744,0.07441390415573007,7.927178481353733,1.505277777777778,0,6,0.8833333333333333,0.5758173409771036,180,False
17,0.000469873272861436,512,0.01541670561845104,25000,512,17.186977011151612,6.24983211410292,0.010725085856933023,0.010229442184790969,59.06474704388529,12.761173718608916,44.03464797884226,done,/home/kbasak/projects_02/rl-land-on-moving-deck/artifacts/runs/tune_sac_v2/trial_17/0,,False,,500000,16562.077901282,19.06911388888889,1d67488e2ec8c8522968511a772f65cfe3d8699d,60,0.0,0.0,0.0,0.0,1.0,0.0,0.252933125583925,0.37116065110541036,0.06324560387643734,7.5925117988297375,1.653263888888889,0,3,60,0.0,0.0,0.03333333333333333,0.0,0.9666666666666667,0.0,0.2959628660425331,0.4777063156630222,0.07255894307129199,11.514382791664056,1.6239583333333334,0,5,60,0.0,0.08333333333333333,0.06666666666666667,0.0,0.85,0.0,0.3558972806185515,0.4995861670877139,0.10589264357740039,12.436838047181231,2.2348611111111114,0,9,0.938888888888889,0.47807828331902386,180,False
18,0.0002108062429895893,256,0.0025190634685019367,5000,256,10.646952344104648,0.5470674705658153,0.07229328524168377,0.029152344251051544,74.00255117099732,27.661304660141468,22.83044781535864,done,/home/kbasak/projects_02/rl-land-on-moving-deck/artifacts/runs/tune_sac_v2/trial_18/0,,False,,500000,7438.803407364001,8.696427777777778,1d67488e2ec8c8522968511a772f65cfe3d8699d,60,0.0,0.016666666666666666,0.2,0.0,0.7833333333333333,0.0,0.3522211329776184,0.7194349569101526,0.05805667184906004,9.858839929357005,1.4947222222222223,0,6,60,0.0,0.016666666666666666,0.4,0.0,0.5666666666666667,0.016666666666666666,0.45571355463172714,0.8828011888331735,0.08480224473501526,12.301186229125568,1.419350282485876,0,16,60,0.08333333333333333,0.11666666666666667,0.43333333333333335,0.016666666666666666,0.3333333333333333,0.016666666666666666,0.5733663640813074,1.017046960100703,0.24778579478212448,20.786380884114806,1.7082589285714285,3,18,0.5611111111111111,0.9050866884257865,180,False
19,0.00012491720821995958,512,0.010251445037436286,10000,256,8.342319121584296,3.1762574431600177,0.1339082549106296,0.02086461268365383,86.13900681957603,23.156470195390284,15.004457831382751,done,/home/kbasak/projects_02/rl-land-on-moving-deck/artifacts/runs/tune_sac_v2/trial_19/0,,False,,500000,9592.837817519001,11.286941666666666,1d67488e2ec8c8522968511a772f65cfe3d8699d,60,0.0,0.0,0.0,0.0,0.0,1.0,nan,nan,nan,nan,nan,0,0,60,0.0,0.0,0.0,0.0,0.0,1.0,nan,nan,nan,nan,nan,0,0,60,0.15,0.0,0.0,0.0,0.0,0.85,nan,nan,nan,nan,nan,0,0,0.0,nan,180,False
