method,privileged,run_seed,pad,regime,ss,n_episodes,n_success,success_rate,success_wilson_lo,success_wilson_hi,frac_crash,frac_off_pad,frac_hard_landing,frac_bounce,frac_success,frac_timeout,n_touchdowns,rel_vz_normal_p50_m_s,rel_vz_normal_p95_m_s,rel_vz_world_z_p50_m_s,rel_vz_world_z_p95_m_s,lateral_p50_m,lateral_p95_m,rel_tilt_p95_deg,time_to_touchdown_mean_s,time_to_touchdown_p50_s,effort_mean_sq,action_jerk_mean,disagreement_n,disagreement_rate,tunnelling_n,max_penetration_m,n_td_in_quiescent_window,frac_td_in_quiescent_window,frac_in_training_distribution,n_reason_ground_contact,n_reason_off_plate_strike,n_reason_tilt_gt_crash,n_reason_below_deck,n_reason_out_of_bounds,n_reason_dwell_complete,n_reason_release,n_reason_time_limit,n_listed,skip_reason,frac_td_in_quiescent_window_wilson_lo,frac_td_in_quiescent_window_wilson_hi,quiet_landings_per_listed,quiet_landings_per_listed_wilson_lo,quiet_landings_per_listed_wilson_hi,run_dir,run_algo,run_total_steps,run_ckpt,run_ckpt_steps,run_train_git_sha,run_config_sha256,run_config_source_sha256,run_model_sha256,run_vecnormalize_sha256,run_checkpoint_json_sha256,run_policy_class,run_needs_motion_feed,run_training_motion,eval_deck_motion,python,numpy,torch,sb3,gymnasium,pybullet,dmf_sha,gpd_sha,success_yaml_sha256,landing_yaml_sha256,observation_yaml_sha256,noise_yaml_sha256,episodes_manifest_sha256,generator_seed,v_max_m_s,driver,arm,condition,arm_motion,start_check,lam_inverse,noise_enabled,noise_position_sigma_m,noise_velocity_sigma_m_s,noise_latency_ms_configured,noise_latency_steps,noise_latency_ms_effective,noise_hold_freq_hz,sinusoid_rms_source_sha256,episode_lists_manifest_sha256
ppo,False,0,aft,id,SS3,200,200,1.0,0.9811546736227335,1.0,0.0,0.0,0.0,0.0,1.0,0.0,200,0.24547629341374516,0.26779019491641753,0.24539059166686422,0.2679363432441574,0.012623754587790094,0.024438831609177498,3.6862568179013366,1.5301666666666665,1.5375,0.24087620230885506,0.21295552802048123,0,0.0,0,-0.0025887879001604717,193,0.965,0.755,0,0,0,0,0,200,0,0,200,,0.9295293884777092,0.9829444579914328,0.965,0.9295293884777092,0.9829444579914328,artifacts/runs/ppo/0,ppo,10000000,final,10010624,1d67488e2ec8c8522968511a772f65cfe3d8699d,aa28e4f4fd67c42b54cc6e93b365289bca6512297f4b84c1784bb2fe48a6d1b3,26b6c49f8552f5fa626c19bab5222205eb83d294854734a23c3b0b1b3d70e14a,1a012394335c44d1e08d20f2199debaf3809d7bef96e04749817ae35b584fd49,9ddb2a992d4263426bc28033f8cd9f7f54daf7011ca67eb81f3099ecf289db6f,2ea668e37f848fc3f7a50cfb21c64435de80f878bbef01ee165e3a8e5b0e00a0,LearnedPolicy,False,jonswap,jonswap,3.12.3,2.5.2,2.13.0,2.9.0,1.3.0,3.2.7,e9fa15cc35312a5c1ecf0c42668a690b5061c090,7ebad1ecabd28a7000add2d05f888aa2e837c2cc,c7fbdcc4df48bd4a2cfe21811613e5e50e3e4868822fe6dddd13745d96692118,b98d65cc5e34337369dcd4d69d63651cc2c99c19e8494199e8b5ec9e06c8b87f,3ee7e46399aea60603c767e0a604e79e7db233924ce71fe027a1ccc1623b7eb0,7beb41daec3d6a34c6da7696c56a982667957298f017ebe137829282b6ce7985,e6f30e55e478d39061b94e38de33959ca99b16e8cac38a3bd99b34f6543ad4a2,20260924,1.5,kinematic,lambda,lam15,jonswap,lambda,15.0,False,0.0,0.0,0.0,0,0.0,30.0,,e6f30e55e478d39061b94e38de33959ca99b16e8cac38a3bd99b34f6543ad4a2
ppo,False,0,aft,id,SS4,200,200,1.0,0.9811546736227335,1.0,0.0,0.0,0.0,0.0,1.0,0.0,200,0.2475946990763393,0.27058849467842766,0.24824003501930608,0.27170583251852143,0.012451735996861255,0.029114847223106952,4.207910326821649,1.5341874999999998,1.5354166666666667,0.24530642008805068,0.2133337217965164,0,0.0,0,-0.0032056118461435915,143,0.715,0.75,0,0,0,0,0,200,0,0,200,,0.6488465397039482,0.7730499699538271,0.715,0.6488465397039482,0.7730499699538271,artifacts/runs/ppo/0,ppo,10000000,final,10010624,1d67488e2ec8c8522968511a772f65cfe3d8699d,aa28e4f4fd67c42b54cc6e93b365289bca6512297f4b84c1784bb2fe48a6d1b3,26b6c49f8552f5fa626c19bab5222205eb83d294854734a23c3b0b1b3d70e14a,1a012394335c44d1e08d20f2199debaf3809d7bef96e04749817ae35b584fd49,9ddb2a992d4263426bc28033f8cd9f7f54daf7011ca67eb81f3099ecf289db6f,2ea668e37f848fc3f7a50cfb21c64435de80f878bbef01ee165e3a8e5b0e00a0,LearnedPolicy,False,jonswap,jonswap,3.12.3,2.5.2,2.13.0,2.9.0,1.3.0,3.2.7,e9fa15cc35312a5c1ecf0c42668a690b5061c090,7ebad1ecabd28a7000add2d05f888aa2e837c2cc,c7fbdcc4df48bd4a2cfe21811613e5e50e3e4868822fe6dddd13745d96692118,b98d65cc5e34337369dcd4d69d63651cc2c99c19e8494199e8b5ec9e06c8b87f,3ee7e46399aea60603c767e0a604e79e7db233924ce71fe027a1ccc1623b7eb0,7beb41daec3d6a34c6da7696c56a982667957298f017ebe137829282b6ce7985,e6f30e55e478d39061b94e38de33959ca99b16e8cac38a3bd99b34f6543ad4a2,20260924,1.5,kinematic,lambda,lam15,jonswap,lambda,15.0,False,0.0,0.0,0.0,0,0.0,30.0,,e6f30e55e478d39061b94e38de33959ca99b16e8cac38a3bd99b34f6543ad4a2
ppo,False,0,aft,id,SS5,200,200,1.0,0.9811546736227335,1.0,0.0,0.0,0.0,0.0,1.0,0.0,200,0.2478934057832172,0.2771073213581397,0.24776343518792981,0.2775049002174755,0.013344331681699049,0.028834942040726137,7.251233012922288,1.546,1.55,0.24792205556094482,0.21729832806638186,0,0.0,0,-0.004500424173034594,52,0.26,0.745,0,0,0,0,0,200,0,0,200,,0.20413830063574687,0.32490745602534116,0.26,0.20413830063574687,0.32490745602534116,artifacts/runs/ppo/0,ppo,10000000,final,10010624,1d67488e2ec8c8522968511a772f65cfe3d8699d,aa28e4f4fd67c42b54cc6e93b365289bca6512297f4b84c1784bb2fe48a6d1b3,26b6c49f8552f5fa626c19bab5222205eb83d294854734a23c3b0b1b3d70e14a,1a012394335c44d1e08d20f2199debaf3809d7bef96e04749817ae35b584fd49,9ddb2a992d4263426bc28033f8cd9f7f54daf7011ca67eb81f3099ecf289db6f,2ea668e37f848fc3f7a50cfb21c64435de80f878bbef01ee165e3a8e5b0e00a0,LearnedPolicy,False,jonswap,jonswap,3.12.3,2.5.2,2.13.0,2.9.0,1.3.0,3.2.7,e9fa15cc35312a5c1ecf0c42668a690b5061c090,7ebad1ecabd28a7000add2d05f888aa2e837c2cc,c7fbdcc4df48bd4a2cfe21811613e5e50e3e4868822fe6dddd13745d96692118,b98d65cc5e34337369dcd4d69d63651cc2c99c19e8494199e8b5ec9e06c8b87f,3ee7e46399aea60603c767e0a604e79e7db233924ce71fe027a1ccc1623b7eb0,7beb41daec3d6a34c6da7696c56a982667957298f017ebe137829282b6ce7985,e6f30e55e478d39061b94e38de33959ca99b16e8cac38a3bd99b34f6543ad4a2,20260924,1.5,kinematic,lambda,lam15,jonswap,lambda,15.0,False,0.0,0.0,0.0,0,0.0,30.0,,e6f30e55e478d39061b94e38de33959ca99b16e8cac38a3bd99b34f6543ad4a2
ppo,False,0,aft,id,SS6,200,196,0.98,0.9497129130941735,0.9921955735836505,0.0,0.0,0.02,0.0,0.98,0.0,200,0.2460141635058708,0.2825782946542511,0.24775410331563008,0.2855470281063903,0.0134811197537826,0.03134156995720308,12.953491224996085,1.5734375,1.5625,0.25131556950602835,0.22493868782560442,0,0.0,5,-0.005612296287231146,25,0.125,0.0,0,0,0,0,0,200,0,0,200,,0.08611974475712644,0.17801425002582347,0.125,0.08611974475712644,0.17801425002582347,artifacts/runs/ppo/0,ppo,10000000,final,10010624,1d67488e2ec8c8522968511a772f65cfe3d8699d,aa28e4f4fd67c42b54cc6e93b365289bca6512297f4b84c1784bb2fe48a6d1b3,26b6c49f8552f5fa626c19bab5222205eb83d294854734a23c3b0b1b3d70e14a,1a012394335c44d1e08d20f2199debaf3809d7bef96e04749817ae35b584fd49,9ddb2a992d4263426bc28033f8cd9f7f54daf7011ca67eb81f3099ecf289db6f,2ea668e37f848fc3f7a50cfb21c64435de80f878bbef01ee165e3a8e5b0e00a0,LearnedPolicy,False,jonswap,jonswap,3.12.3,2.5.2,2.13.0,2.9.0,1.3.0,3.2.7,e9fa15cc35312a5c1ecf0c42668a690b5061c090,7ebad1ecabd28a7000add2d05f888aa2e837c2cc,c7fbdcc4df48bd4a2cfe21811613e5e50e3e4868822fe6dddd13745d96692118,b98d65cc5e34337369dcd4d69d63651cc2c99c19e8494199e8b5ec9e06c8b87f,3ee7e46399aea60603c767e0a604e79e7db233924ce71fe027a1ccc1623b7eb0,7beb41daec3d6a34c6da7696c56a982667957298f017ebe137829282b6ce7985,e6f30e55e478d39061b94e38de33959ca99b16e8cac38a3bd99b34f6543ad4a2,20260924,1.5,kinematic,lambda,lam15,jonswap,lambda,15.0,False,0.0,0.0,0.0,0,0.0,30.0,,e6f30e55e478d39061b94e38de33959ca99b16e8cac38a3bd99b34f6543ad4a2
ppo,False,0,aft,unseen_seastate,SS6,200,194,0.97,0.9361057075454807,0.9861796856598887,0.0,0.0,0.02,0.01,0.97,0.0,200,0.2515678258286749,0.2846515008595333,0.25185368025823685,0.28617536080730516,0.01606721467556131,0.037681849936728996,12.224888461577596,1.5700208333333334,1.5437500000000002,0.24901640234635156,0.22402393658925276,0,0.0,1,-0.005025238650524999,19,0.095,0.0,0,0,0,0,0,195,5,0,200,,0.06166310271738653,0.1436016116481994,0.095,0.06166310271738653,0.1436016116481994,artifacts/runs/ppo/0,ppo,10000000,final,10010624,1d67488e2ec8c8522968511a772f65cfe3d8699d,aa28e4f4fd67c42b54cc6e93b365289bca6512297f4b84c1784bb2fe48a6d1b3,26b6c49f8552f5fa626c19bab5222205eb83d294854734a23c3b0b1b3d70e14a,1a012394335c44d1e08d20f2199debaf3809d7bef96e04749817ae35b584fd49,9ddb2a992d4263426bc28033f8cd9f7f54daf7011ca67eb81f3099ecf289db6f,2ea668e37f848fc3f7a50cfb21c64435de80f878bbef01ee165e3a8e5b0e00a0,LearnedPolicy,False,jonswap,jonswap,3.12.3,2.5.2,2.13.0,2.9.0,1.3.0,3.2.7,e9fa15cc35312a5c1ecf0c42668a690b5061c090,7ebad1ecabd28a7000add2d05f888aa2e837c2cc,c7fbdcc4df48bd4a2cfe21811613e5e50e3e4868822fe6dddd13745d96692118,b98d65cc5e34337369dcd4d69d63651cc2c99c19e8494199e8b5ec9e06c8b87f,3ee7e46399aea60603c767e0a604e79e7db233924ce71fe027a1ccc1623b7eb0,7beb41daec3d6a34c6da7696c56a982667957298f017ebe137829282b6ce7985,e6f30e55e478d39061b94e38de33959ca99b16e8cac38a3bd99b34f6543ad4a2,20260924,1.5,kinematic,lambda,lam15,jonswap,lambda,15.0,False,0.0,0.0,0.0,0,0.0,30.0,,e6f30e55e478d39061b94e38de33959ca99b16e8cac38a3bd99b34f6543ad4a2
ppo,False,0,aft,unseen_heading,SS3,200,200,1.0,0.9811546736227335,1.0,0.0,0.0,0.0,0.0,1.0,0.0,200,0.24613739016320718,0.2623334569415013,0.24626116482287796,0.2618098344302646,0.012567198169094866,0.026093449310231366,3.2934358307918563,1.535208333333333,1.5437500000000002,0.24137913296329144,0.21098353430984979,0,0.0,0,-0.002334588603360891,200,1.0,0.0,0,0,0,0,0,200,0,0,200,,0.9811546736227335,1.0,1.0,0.9811546736227335,1.0,artifacts/runs/ppo/0,ppo,10000000,final,10010624,1d67488e2ec8c8522968511a772f65cfe3d8699d,aa28e4f4fd67c42b54cc6e93b365289bca6512297f4b84c1784bb2fe48a6d1b3,26b6c49f8552f5fa626c19bab5222205eb83d294854734a23c3b0b1b3d70e14a,1a012394335c44d1e08d20f2199debaf3809d7bef96e04749817ae35b584fd49,9ddb2a992d4263426bc28033f8cd9f7f54daf7011ca67eb81f3099ecf289db6f,2ea668e37f848fc3f7a50cfb21c64435de80f878bbef01ee165e3a8e5b0e00a0,LearnedPolicy,False,jonswap,jonswap,3.12.3,2.5.2,2.13.0,2.9.0,1.3.0,3.2.7,e9fa15cc35312a5c1ecf0c42668a690b5061c090,7ebad1ecabd28a7000add2d05f888aa2e837c2cc,c7fbdcc4df48bd4a2cfe21811613e5e50e3e4868822fe6dddd13745d96692118,b98d65cc5e34337369dcd4d69d63651cc2c99c19e8494199e8b5ec9e06c8b87f,3ee7e46399aea60603c767e0a604e79e7db233924ce71fe027a1ccc1623b7eb0,7beb41daec3d6a34c6da7696c56a982667957298f017ebe137829282b6ce7985,e6f30e55e478d39061b94e38de33959ca99b16e8cac38a3bd99b34f6543ad4a2,20260924,1.5,kinematic,lambda,lam15,jonswap,lambda,15.0,False,0.0,0.0,0.0,0,0.0,30.0,,e6f30e55e478d39061b94e38de33959ca99b16e8cac38a3bd99b34f6543ad4a2
ppo,False,0,aft,unseen_heading,SS4,200,200,1.0,0.9811546736227335,1.0,0.0,0.0,0.0,0.0,1.0,0.0,200,0.2458039910294359,0.2670923300399965,0.24583774176234488,0.2680814602506403,0.012643825154531009,0.02624381906489362,4.470265616364633,1.5331458333333332,1.5333333333333332,0.24185058182059627,0.21212522107609444,0,0.0,0,-0.0025813728765428567,173,0.865,0.0,0,0,0,0,0,200,0,0,200,,0.8107086162924745,0.9055342954521209,0.865,0.8107086162924745,0.9055342954521209,artifacts/runs/ppo/0,ppo,10000000,final,10010624,1d67488e2ec8c8522968511a772f65cfe3d8699d,aa28e4f4fd67c42b54cc6e93b365289bca6512297f4b84c1784bb2fe48a6d1b3,26b6c49f8552f5fa626c19bab5222205eb83d294854734a23c3b0b1b3d70e14a,1a012394335c44d1e08d20f2199debaf3809d7bef96e04749817ae35b584fd49,9ddb2a992d4263426bc28033f8cd9f7f54daf7011ca67eb81f3099ecf289db6f,2ea668e37f848fc3f7a50cfb21c64435de80f878bbef01ee165e3a8e5b0e00a0,LearnedPolicy,False,jonswap,jonswap,3.12.3,2.5.2,2.13.0,2.9.0,1.3.0,3.2.7,e9fa15cc35312a5c1ecf0c42668a690b5061c090,7ebad1ecabd28a7000add2d05f888aa2e837c2cc,c7fbdcc4df48bd4a2cfe21811613e5e50e3e4868822fe6dddd13745d96692118,b98d65cc5e34337369dcd4d69d63651cc2c99c19e8494199e8b5ec9e06c8b87f,3ee7e46399aea60603c767e0a604e79e7db233924ce71fe027a1ccc1623b7eb0,7beb41daec3d6a34c6da7696c56a982667957298f017ebe137829282b6ce7985,e6f30e55e478d39061b94e38de33959ca99b16e8cac38a3bd99b34f6543ad4a2,20260924,1.5,kinematic,lambda,lam15,jonswap,lambda,15.0,False,0.0,0.0,0.0,0,0.0,30.0,,e6f30e55e478d39061b94e38de33959ca99b16e8cac38a3bd99b34f6543ad4a2
ppo,False,0,aft,unseen_heading,SS5,200,200,1.0,0.9811546736227335,1.0,0.0,0.0,0.0,0.0,1.0,0.0,200,0.24494529688413313,0.2690315797512664,0.24589333281069436,0.2687121360081186,0.011340369879903858,0.026270017011778328,6.769342283477725,1.5373541666666666,1.53125,0.24486383575364637,0.21710921753175252,0,0.0,0,-0.0026358989842888017,68,0.34,0.0,0,0,0,0,0,200,0,0,200,,0.27791545970908793,0.4081150447316374,0.34,0.27791545970908793,0.4081150447316374,artifacts/runs/ppo/0,ppo,10000000,final,10010624,1d67488e2ec8c8522968511a772f65cfe3d8699d,aa28e4f4fd67c42b54cc6e93b365289bca6512297f4b84c1784bb2fe48a6d1b3,26b6c49f8552f5fa626c19bab5222205eb83d294854734a23c3b0b1b3d70e14a,1a012394335c44d1e08d20f2199debaf3809d7bef96e04749817ae35b584fd49,9ddb2a992d4263426bc28033f8cd9f7f54daf7011ca67eb81f3099ecf289db6f,2ea668e37f848fc3f7a50cfb21c64435de80f878bbef01ee165e3a8e5b0e00a0,LearnedPolicy,False,jonswap,jonswap,3.12.3,2.5.2,2.13.0,2.9.0,1.3.0,3.2.7,e9fa15cc35312a5c1ecf0c42668a690b5061c090,7ebad1ecabd28a7000add2d05f888aa2e837c2cc,c7fbdcc4df48bd4a2cfe21811613e5e50e3e4868822fe6dddd13745d96692118,b98d65cc5e34337369dcd4d69d63651cc2c99c19e8494199e8b5ec9e06c8b87f,3ee7e46399aea60603c767e0a604e79e7db233924ce71fe027a1ccc1623b7eb0,7beb41daec3d6a34c6da7696c56a982667957298f017ebe137829282b6ce7985,e6f30e55e478d39061b94e38de33959ca99b16e8cac38a3bd99b34f6543ad4a2,20260924,1.5,kinematic,lambda,lam15,jonswap,lambda,15.0,False,0.0,0.0,0.0,0,0.0,30.0,,e6f30e55e478d39061b94e38de33959ca99b16e8cac38a3bd99b34f6543ad4a2
ppo,False,0,aft,unseen_heading,SS6,200,174,0.87,0.8163364812775159,0.9097179772033067,0.0,0.0,0.13,0.0,0.87,0.0,200,0.24852544378272917,0.2827911236863713,0.2506145181729414,0.2948908039063289,0.017390116807718847,0.054984069212765795,18.58920831529066,1.6512916666666666,1.5958333333333332,0.23825031358008597,0.23261935285546995,0,0.0,11,-0.00615941316804064,8,0.04,0.0,0,0,0,0,0,190,10,0,200,,0.020405632066152306,0.07693206820093293,0.04,0.020405632066152306,0.07693206820093293,artifacts/runs/ppo/0,ppo,10000000,final,10010624,1d67488e2ec8c8522968511a772f65cfe3d8699d,aa28e4f4fd67c42b54cc6e93b365289bca6512297f4b84c1784bb2fe48a6d1b3,26b6c49f8552f5fa626c19bab5222205eb83d294854734a23c3b0b1b3d70e14a,1a012394335c44d1e08d20f2199debaf3809d7bef96e04749817ae35b584fd49,9ddb2a992d4263426bc28033f8cd9f7f54daf7011ca67eb81f3099ecf289db6f,2ea668e37f848fc3f7a50cfb21c64435de80f878bbef01ee165e3a8e5b0e00a0,LearnedPolicy,False,jonswap,jonswap,3.12.3,2.5.2,2.13.0,2.9.0,1.3.0,3.2.7,e9fa15cc35312a5c1ecf0c42668a690b5061c090,7ebad1ecabd28a7000add2d05f888aa2e837c2cc,c7fbdcc4df48bd4a2cfe21811613e5e50e3e4868822fe6dddd13745d96692118,b98d65cc5e34337369dcd4d69d63651cc2c99c19e8494199e8b5ec9e06c8b87f,3ee7e46399aea60603c767e0a604e79e7db233924ce71fe027a1ccc1623b7eb0,7beb41daec3d6a34c6da7696c56a982667957298f017ebe137829282b6ce7985,e6f30e55e478d39061b94e38de33959ca99b16e8cac38a3bd99b34f6543ad4a2,20260924,1.5,kinematic,lambda,lam15,jonswap,lambda,15.0,False,0.0,0.0,0.0,0,0.0,30.0,,e6f30e55e478d39061b94e38de33959ca99b16e8cac38a3bd99b34f6543ad4a2
ppo,False,0,aft,unseen_vessel,SS3,200,200,1.0,0.9811546736227335,1.0,0.0,0.0,0.0,0.0,1.0,0.0,200,0.2471137522139238,0.2644612535033363,0.24733876427001497,0.2644069250264789,0.012395191169235452,0.023420167151683085,3.464143340508729,1.5327083333333331,1.5333333333333332,0.2401374092046258,0.21205390023950063,0,0.0,0,-0.002513106996990467,200,1.0,0.0,0,0,0,0,0,200,0,0,200,,0.9811546736227335,1.0,1.0,0.9811546736227335,1.0,artifacts/runs/ppo/0,ppo,10000000,final,10010624,1d67488e2ec8c8522968511a772f65cfe3d8699d,aa28e4f4fd67c42b54cc6e93b365289bca6512297f4b84c1784bb2fe48a6d1b3,26b6c49f8552f5fa626c19bab5222205eb83d294854734a23c3b0b1b3d70e14a,1a012394335c44d1e08d20f2199debaf3809d7bef96e04749817ae35b584fd49,9ddb2a992d4263426bc28033f8cd9f7f54daf7011ca67eb81f3099ecf289db6f,2ea668e37f848fc3f7a50cfb21c64435de80f878bbef01ee165e3a8e5b0e00a0,LearnedPolicy,False,jonswap,jonswap,3.12.3,2.5.2,2.13.0,2.9.0,1.3.0,3.2.7,e9fa15cc35312a5c1ecf0c42668a690b5061c090,7ebad1ecabd28a7000add2d05f888aa2e837c2cc,c7fbdcc4df48bd4a2cfe21811613e5e50e3e4868822fe6dddd13745d96692118,b98d65cc5e34337369dcd4d69d63651cc2c99c19e8494199e8b5ec9e06c8b87f,3ee7e46399aea60603c767e0a604e79e7db233924ce71fe027a1ccc1623b7eb0,7beb41daec3d6a34c6da7696c56a982667957298f017ebe137829282b6ce7985,e6f30e55e478d39061b94e38de33959ca99b16e8cac38a3bd99b34f6543ad4a2,20260924,1.5,kinematic,lambda,lam15,jonswap,lambda,15.0,False,0.0,0.0,0.0,0,0.0,30.0,,e6f30e55e478d39061b94e38de33959ca99b16e8cac38a3bd99b34f6543ad4a2
ppo,False,0,aft,unseen_vessel,SS4,200,200,1.0,0.9811546736227335,1.0,0.0,0.0,0.0,0.0,1.0,0.0,200,0.24601540732442756,0.26661602778786064,0.24615518097191189,0.26641283536329363,0.01158842112154767,0.023129177207271125,4.170871706498381,1.5290416666666666,1.53125,0.24286014173312334,0.21247917929179352,0,0.0,0,-0.003533664029797962,156,0.78,0.0,0,0,0,0,0,200,0,0,200,,0.7176120008170632,0.8318346164116674,0.78,0.7176120008170632,0.8318346164116674,artifacts/runs/ppo/0,ppo,10000000,final,10010624,1d67488e2ec8c8522968511a772f65cfe3d8699d,aa28e4f4fd67c42b54cc6e93b365289bca6512297f4b84c1784bb2fe48a6d1b3,26b6c49f8552f5fa626c19bab5222205eb83d294854734a23c3b0b1b3d70e14a,1a012394335c44d1e08d20f2199debaf3809d7bef96e04749817ae35b584fd49,9ddb2a992d4263426bc28033f8cd9f7f54daf7011ca67eb81f3099ecf289db6f,2ea668e37f848fc3f7a50cfb21c64435de80f878bbef01ee165e3a8e5b0e00a0,LearnedPolicy,False,jonswap,jonswap,3.12.3,2.5.2,2.13.0,2.9.0,1.3.0,3.2.7,e9fa15cc35312a5c1ecf0c42668a690b5061c090,7ebad1ecabd28a7000add2d05f888aa2e837c2cc,c7fbdcc4df48bd4a2cfe21811613e5e50e3e4868822fe6dddd13745d96692118,b98d65cc5e34337369dcd4d69d63651cc2c99c19e8494199e8b5ec9e06c8b87f,3ee7e46399aea60603c767e0a604e79e7db233924ce71fe027a1ccc1623b7eb0,7beb41daec3d6a34c6da7696c56a982667957298f017ebe137829282b6ce7985,e6f30e55e478d39061b94e38de33959ca99b16e8cac38a3bd99b34f6543ad4a2,20260924,1.5,kinematic,lambda,lam15,jonswap,lambda,15.0,False,0.0,0.0,0.0,0,0.0,30.0,,e6f30e55e478d39061b94e38de33959ca99b16e8cac38a3bd99b34f6543ad4a2
ppo,False,0,aft,unseen_vessel,SS5,200,200,1.0,0.9811546736227335,1.0,0.0,0.0,0.0,0.0,1.0,0.0,200,0.24721055447156257,0.2750352214092993,0.24734798009198683,0.27492884550770075,0.013008420883385927,0.026753952209522276,4.598146961987243,1.5346875,1.53125,0.2497234852065564,0.21345049779595537,0,0.0,0,-0.0024784673460781187,112,0.56,0.0,0,0,0,0,0,200,0,0,200,,0.4907167533465867,0.6270218074881414,0.56,0.4907167533465867,0.6270218074881414,artifacts/runs/ppo/0,ppo,10000000,final,10010624,1d67488e2ec8c8522968511a772f65cfe3d8699d,aa28e4f4fd67c42b54cc6e93b365289bca6512297f4b84c1784bb2fe48a6d1b3,26b6c49f8552f5fa626c19bab5222205eb83d294854734a23c3b0b1b3d70e14a,1a012394335c44d1e08d20f2199debaf3809d7bef96e04749817ae35b584fd49,9ddb2a992d4263426bc28033f8cd9f7f54daf7011ca67eb81f3099ecf289db6f,2ea668e37f848fc3f7a50cfb21c64435de80f878bbef01ee165e3a8e5b0e00a0,LearnedPolicy,False,jonswap,jonswap,3.12.3,2.5.2,2.13.0,2.9.0,1.3.0,3.2.7,e9fa15cc35312a5c1ecf0c42668a690b5061c090,7ebad1ecabd28a7000add2d05f888aa2e837c2cc,c7fbdcc4df48bd4a2cfe21811613e5e50e3e4868822fe6dddd13745d96692118,b98d65cc5e34337369dcd4d69d63651cc2c99c19e8494199e8b5ec9e06c8b87f,3ee7e46399aea60603c767e0a604e79e7db233924ce71fe027a1ccc1623b7eb0,7beb41daec3d6a34c6da7696c56a982667957298f017ebe137829282b6ce7985,e6f30e55e478d39061b94e38de33959ca99b16e8cac38a3bd99b34f6543ad4a2,20260924,1.5,kinematic,lambda,lam15,jonswap,lambda,15.0,False,0.0,0.0,0.0,0,0.0,30.0,,e6f30e55e478d39061b94e38de33959ca99b16e8cac38a3bd99b34f6543ad4a2
ppo,False,0,aft,unseen_vessel,SS6,200,198,0.99,0.9642782382838231,0.9972533418664555,0.005,0.0,0.005,0.0,0.99,0.0,199,0.24640664507930735,0.27538455216758567,0.24727124465097122,0.27819641675501566,0.015120982811917663,0.03181112963466224,8.0887027477403,1.5680485762144052,1.5708333333333333,0.2565909201347557,0.21884644652818927,0,0.0,1,-0.00570422425284674,35,0.17587939698492464,0.0,0,0,0,1,0,199,0,0,200,,0.12926639955748412,0.23476893744907826,0.175,0.12860515066273331,0.23364431148248993,artifacts/runs/ppo/0,ppo,10000000,final,10010624,1d67488e2ec8c8522968511a772f65cfe3d8699d,aa28e4f4fd67c42b54cc6e93b365289bca6512297f4b84c1784bb2fe48a6d1b3,26b6c49f8552f5fa626c19bab5222205eb83d294854734a23c3b0b1b3d70e14a,1a012394335c44d1e08d20f2199debaf3809d7bef96e04749817ae35b584fd49,9ddb2a992d4263426bc28033f8cd9f7f54daf7011ca67eb81f3099ecf289db6f,2ea668e37f848fc3f7a50cfb21c64435de80f878bbef01ee165e3a8e5b0e00a0,LearnedPolicy,False,jonswap,jonswap,3.12.3,2.5.2,2.13.0,2.9.0,1.3.0,3.2.7,e9fa15cc35312a5c1ecf0c42668a690b5061c090,7ebad1ecabd28a7000add2d05f888aa2e837c2cc,c7fbdcc4df48bd4a2cfe21811613e5e50e3e4868822fe6dddd13745d96692118,b98d65cc5e34337369dcd4d69d63651cc2c99c19e8494199e8b5ec9e06c8b87f,3ee7e46399aea60603c767e0a604e79e7db233924ce71fe027a1ccc1623b7eb0,7beb41daec3d6a34c6da7696c56a982667957298f017ebe137829282b6ce7985,e6f30e55e478d39061b94e38de33959ca99b16e8cac38a3bd99b34f6543ad4a2,20260924,1.5,kinematic,lambda,lam15,jonswap,lambda,15.0,False,0.0,0.0,0.0,0,0.0,30.0,,e6f30e55e478d39061b94e38de33959ca99b16e8cac38a3bd99b34f6543ad4a2
ppo,False,1,aft,id,SS3,200,200,1.0,0.9811546736227335,1.0,0.0,0.0,0.0,0.0,1.0,0.0,200,0.24378661985053565,0.26548866582758407,0.24399228906655107,0.26587975450259443,0.012512031094636212,0.02294346192272517,3.23177026530198,1.5233333333333332,1.5229166666666667,0.2604102484866003,0.20676483725951236,0,0.0,0,-0.0025125926209057852,193,0.965,0.755,0,0,0,0,0,200,0,0,200,,0.9295293884777092,0.9829444579914328,0.965,0.9295293884777092,0.9829444579914328,artifacts/runs/ppo/1,ppo,10000000,final,10010624,1d67488e2ec8c8522968511a772f65cfe3d8699d,aa28e4f4fd67c42b54cc6e93b365289bca6512297f4b84c1784bb2fe48a6d1b3,26b6c49f8552f5fa626c19bab5222205eb83d294854734a23c3b0b1b3d70e14a,77e172f4133c465b39c1f770f59e892666d3c9109a0d74da434e54a2c3a5294b,a82172a5d0cdab6b63ae362ee461ed3fa67d30136b83e87be42a72da47da455f,8d1481982a00eb2ce0ff3666e34c32e7d7d1a5c92dbb3206d2b5c46f3255e70a,LearnedPolicy,False,jonswap,jonswap,3.12.3,2.5.2,2.13.0,2.9.0,1.3.0,3.2.7,e9fa15cc35312a5c1ecf0c42668a690b5061c090,7ebad1ecabd28a7000add2d05f888aa2e837c2cc,c7fbdcc4df48bd4a2cfe21811613e5e50e3e4868822fe6dddd13745d96692118,b98d65cc5e34337369dcd4d69d63651cc2c99c19e8494199e8b5ec9e06c8b87f,3ee7e46399aea60603c767e0a604e79e7db233924ce71fe027a1ccc1623b7eb0,7beb41daec3d6a34c6da7696c56a982667957298f017ebe137829282b6ce7985,e6f30e55e478d39061b94e38de33959ca99b16e8cac38a3bd99b34f6543ad4a2,20260924,1.5,kinematic,lambda,lam15,jonswap,lambda,15.0,False,0.0,0.0,0.0,0,0.0,30.0,,e6f30e55e478d39061b94e38de33959ca99b16e8cac38a3bd99b34f6543ad4a2
ppo,False,1,aft,id,SS4,200,200,1.0,0.9811546736227335,1.0,0.0,0.0,0.0,0.0,1.0,0.0,200,0.24547204476435272,0.26910043333532574,0.24568827045784816,0.2689100525464239,0.012504307505701182,0.023138740917974437,3.902877208976958,1.5262083333333334,1.525,0.2651472281941881,0.20737105299604391,0,0.0,0,-0.002491008676804465,139,0.695,0.75,0,0,0,0,0,200,0,0,200,,0.6280144790202163,0.7546358436926496,0.695,0.6280144790202163,0.7546358436926496,artifacts/runs/ppo/1,ppo,10000000,final,10010624,1d67488e2ec8c8522968511a772f65cfe3d8699d,aa28e4f4fd67c42b54cc6e93b365289bca6512297f4b84c1784bb2fe48a6d1b3,26b6c49f8552f5fa626c19bab5222205eb83d294854734a23c3b0b1b3d70e14a,77e172f4133c465b39c1f770f59e892666d3c9109a0d74da434e54a2c3a5294b,a82172a5d0cdab6b63ae362ee461ed3fa67d30136b83e87be42a72da47da455f,8d1481982a00eb2ce0ff3666e34c32e7d7d1a5c92dbb3206d2b5c46f3255e70a,LearnedPolicy,False,jonswap,jonswap,3.12.3,2.5.2,2.13.0,2.9.0,1.3.0,3.2.7,e9fa15cc35312a5c1ecf0c42668a690b5061c090,7ebad1ecabd28a7000add2d05f888aa2e837c2cc,c7fbdcc4df48bd4a2cfe21811613e5e50e3e4868822fe6dddd13745d96692118,b98d65cc5e34337369dcd4d69d63651cc2c99c19e8494199e8b5ec9e06c8b87f,3ee7e46399aea60603c767e0a604e79e7db233924ce71fe027a1ccc1623b7eb0,7beb41daec3d6a34c6da7696c56a982667957298f017ebe137829282b6ce7985,e6f30e55e478d39061b94e38de33959ca99b16e8cac38a3bd99b34f6543ad4a2,20260924,1.5,kinematic,lambda,lam15,jonswap,lambda,15.0,False,0.0,0.0,0.0,0,0.0,30.0,,e6f30e55e478d39061b94e38de33959ca99b16e8cac38a3bd99b34f6543ad4a2
ppo,False,1,aft,id,SS5,200,200,1.0,0.9811546736227335,1.0,0.0,0.0,0.0,0.0,1.0,0.0,200,0.24626456915554462,0.27256603153971,0.2477706870691846,0.2708940240854715,0.013568065877207911,0.0264911041937225,7.896381825699447,1.5397083333333337,1.5375,0.26731246303406336,0.20783315468090463,0,0.0,0,-0.004501200337730904,54,0.27,0.745,0,0,0,0,0,200,0,0,200,,0.21323449814685846,0.33543435198668425,0.27,0.21323449814685846,0.33543435198668425,artifacts/runs/ppo/1,ppo,10000000,final,10010624,1d67488e2ec8c8522968511a772f65cfe3d8699d,aa28e4f4fd67c42b54cc6e93b365289bca6512297f4b84c1784bb2fe48a6d1b3,26b6c49f8552f5fa626c19bab5222205eb83d294854734a23c3b0b1b3d70e14a,77e172f4133c465b39c1f770f59e892666d3c9109a0d74da434e54a2c3a5294b,a82172a5d0cdab6b63ae362ee461ed3fa67d30136b83e87be42a72da47da455f,8d1481982a00eb2ce0ff3666e34c32e7d7d1a5c92dbb3206d2b5c46f3255e70a,LearnedPolicy,False,jonswap,jonswap,3.12.3,2.5.2,2.13.0,2.9.0,1.3.0,3.2.7,e9fa15cc35312a5c1ecf0c42668a690b5061c090,7ebad1ecabd28a7000add2d05f888aa2e837c2cc,c7fbdcc4df48bd4a2cfe21811613e5e50e3e4868822fe6dddd13745d96692118,b98d65cc5e34337369dcd4d69d63651cc2c99c19e8494199e8b5ec9e06c8b87f,3ee7e46399aea60603c767e0a604e79e7db233924ce71fe027a1ccc1623b7eb0,7beb41daec3d6a34c6da7696c56a982667957298f017ebe137829282b6ce7985,e6f30e55e478d39061b94e38de33959ca99b16e8cac38a3bd99b34f6543ad4a2,20260924,1.5,kinematic,lambda,lam15,jonswap,lambda,15.0,False,0.0,0.0,0.0,0,0.0,30.0,,e6f30e55e478d39061b94e38de33959ca99b16e8cac38a3bd99b34f6543ad4a2
ppo,False,1,aft,id,SS6,200,193,0.965,0.9295293884777092,0.9829444579914328,0.0,0.0,0.03,0.005,0.965,0.0,200,0.2477768322921294,0.28624225241781176,0.252314228251294,0.2901370595899199,0.012615764089826377,0.027821972802194287,12.161141909705284,1.5661041666666664,1.5541666666666667,0.27275435190082264,0.2119290212844724,0,0.0,4,-0.006399684378135733,26,0.13,0.0,0,0,0,0,0,198,2,0,200,,0.0902820227966932,0.18366351872248407,0.13,0.0902820227966932,0.18366351872248407,artifacts/runs/ppo/1,ppo,10000000,final,10010624,1d67488e2ec8c8522968511a772f65cfe3d8699d,aa28e4f4fd67c42b54cc6e93b365289bca6512297f4b84c1784bb2fe48a6d1b3,26b6c49f8552f5fa626c19bab5222205eb83d294854734a23c3b0b1b3d70e14a,77e172f4133c465b39c1f770f59e892666d3c9109a0d74da434e54a2c3a5294b,a82172a5d0cdab6b63ae362ee461ed3fa67d30136b83e87be42a72da47da455f,8d1481982a00eb2ce0ff3666e34c32e7d7d1a5c92dbb3206d2b5c46f3255e70a,LearnedPolicy,False,jonswap,jonswap,3.12.3,2.5.2,2.13.0,2.9.0,1.3.0,3.2.7,e9fa15cc35312a5c1ecf0c42668a690b5061c090,7ebad1ecabd28a7000add2d05f888aa2e837c2cc,c7fbdcc4df48bd4a2cfe21811613e5e50e3e4868822fe6dddd13745d96692118,b98d65cc5e34337369dcd4d69d63651cc2c99c19e8494199e8b5ec9e06c8b87f,3ee7e46399aea60603c767e0a604e79e7db233924ce71fe027a1ccc1623b7eb0,7beb41daec3d6a34c6da7696c56a982667957298f017ebe137829282b6ce7985,e6f30e55e478d39061b94e38de33959ca99b16e8cac38a3bd99b34f6543ad4a2,20260924,1.5,kinematic,lambda,lam15,jonswap,lambda,15.0,False,0.0,0.0,0.0,0,0.0,30.0,,e6f30e55e478d39061b94e38de33959ca99b16e8cac38a3bd99b34f6543ad4a2
ppo,False,1,aft,unseen_seastate,SS6,200,194,0.97,0.9361057075454807,0.9861796856598887,0.0,0.0,0.025,0.005,0.97,0.0,200,0.2429760277823086,0.285274806243165,0.2458842162321188,0.2919207693806613,0.013090032554198553,0.03447956852374784,12.999639812305176,1.5637916666666667,1.5583333333333333,0.2664986098474833,0.21080647764549176,0,0.0,3,-0.005583030484003146,17,0.085,0.0,0,0,0,0,0,195,5,0,200,,0.05374575017747561,0.13189587071565567,0.085,0.05374575017747561,0.13189587071565567,artifacts/runs/ppo/1,ppo,10000000,final,10010624,1d67488e2ec8c8522968511a772f65cfe3d8699d,aa28e4f4fd67c42b54cc6e93b365289bca6512297f4b84c1784bb2fe48a6d1b3,26b6c49f8552f5fa626c19bab5222205eb83d294854734a23c3b0b1b3d70e14a,77e172f4133c465b39c1f770f59e892666d3c9109a0d74da434e54a2c3a5294b,a82172a5d0cdab6b63ae362ee461ed3fa67d30136b83e87be42a72da47da455f,8d1481982a00eb2ce0ff3666e34c32e7d7d1a5c92dbb3206d2b5c46f3255e70a,LearnedPolicy,False,jonswap,jonswap,3.12.3,2.5.2,2.13.0,2.9.0,1.3.0,3.2.7,e9fa15cc35312a5c1ecf0c42668a690b5061c090,7ebad1ecabd28a7000add2d05f888aa2e837c2cc,c7fbdcc4df48bd4a2cfe21811613e5e50e3e4868822fe6dddd13745d96692118,b98d65cc5e34337369dcd4d69d63651cc2c99c19e8494199e8b5ec9e06c8b87f,3ee7e46399aea60603c767e0a604e79e7db233924ce71fe027a1ccc1623b7eb0,7beb41daec3d6a34c6da7696c56a982667957298f017ebe137829282b6ce7985,e6f30e55e478d39061b94e38de33959ca99b16e8cac38a3bd99b34f6543ad4a2,20260924,1.5,kinematic,lambda,lam15,jonswap,lambda,15.0,False,0.0,0.0,0.0,0,0.0,30.0,,e6f30e55e478d39061b94e38de33959ca99b16e8cac38a3bd99b34f6543ad4a2
ppo,False,1,aft,unseen_heading,SS3,200,200,1.0,0.9811546736227335,1.0,0.0,0.0,0.0,0.0,1.0,0.0,200,0.24572907823449042,0.26403895318438897,0.24562542198795198,0.2643241336588766,0.01460506273440949,0.0259729163897215,3.6901467670260253,1.5260416666666665,1.5333333333333332,0.26242429214399315,0.2041266930220444,0,0.0,0,-0.002566227838409044,200,1.0,0.0,0,0,0,0,0,200,0,0,200,,0.9811546736227335,1.0,1.0,0.9811546736227335,1.0,artifacts/runs/ppo/1,ppo,10000000,final,10010624,1d67488e2ec8c8522968511a772f65cfe3d8699d,aa28e4f4fd67c42b54cc6e93b365289bca6512297f4b84c1784bb2fe48a6d1b3,26b6c49f8552f5fa626c19bab5222205eb83d294854734a23c3b0b1b3d70e14a,77e172f4133c465b39c1f770f59e892666d3c9109a0d74da434e54a2c3a5294b,a82172a5d0cdab6b63ae362ee461ed3fa67d30136b83e87be42a72da47da455f,8d1481982a00eb2ce0ff3666e34c32e7d7d1a5c92dbb3206d2b5c46f3255e70a,LearnedPolicy,False,jonswap,jonswap,3.12.3,2.5.2,2.13.0,2.9.0,1.3.0,3.2.7,e9fa15cc35312a5c1ecf0c42668a690b5061c090,7ebad1ecabd28a7000add2d05f888aa2e837c2cc,c7fbdcc4df48bd4a2cfe21811613e5e50e3e4868822fe6dddd13745d96692118,b98d65cc5e34337369dcd4d69d63651cc2c99c19e8494199e8b5ec9e06c8b87f,3ee7e46399aea60603c767e0a604e79e7db233924ce71fe027a1ccc1623b7eb0,7beb41daec3d6a34c6da7696c56a982667957298f017ebe137829282b6ce7985,e6f30e55e478d39061b94e38de33959ca99b16e8cac38a3bd99b34f6543ad4a2,20260924,1.5,kinematic,lambda,lam15,jonswap,lambda,15.0,False,0.0,0.0,0.0,0,0.0,30.0,,e6f30e55e478d39061b94e38de33959ca99b16e8cac38a3bd99b34f6543ad4a2
ppo,False,1,aft,unseen_heading,SS4,200,200,1.0,0.9811546736227335,1.0,0.0,0.0,0.0,0.0,1.0,0.0,200,0.24724426150690473,0.2662034812933437,0.24691333944582475,0.2668862299545751,0.011872331371588753,0.023103498461478227,4.188924812033299,1.5268541666666666,1.5270833333333331,0.26154684037068643,0.2068255920495955,0,0.0,0,-0.0025945701242352484,174,0.87,0.0,0,0,0,0,0,200,0,0,200,,0.8163364812775159,0.9097179772033067,0.87,0.8163364812775159,0.9097179772033067,artifacts/runs/ppo/1,ppo,10000000,final,10010624,1d67488e2ec8c8522968511a772f65cfe3d8699d,aa28e4f4fd67c42b54cc6e93b365289bca6512297f4b84c1784bb2fe48a6d1b3,26b6c49f8552f5fa626c19bab5222205eb83d294854734a23c3b0b1b3d70e14a,77e172f4133c465b39c1f770f59e892666d3c9109a0d74da434e54a2c3a5294b,a82172a5d0cdab6b63ae362ee461ed3fa67d30136b83e87be42a72da47da455f,8d1481982a00eb2ce0ff3666e34c32e7d7d1a5c92dbb3206d2b5c46f3255e70a,LearnedPolicy,False,jonswap,jonswap,3.12.3,2.5.2,2.13.0,2.9.0,1.3.0,3.2.7,e9fa15cc35312a5c1ecf0c42668a690b5061c090,7ebad1ecabd28a7000add2d05f888aa2e837c2cc,c7fbdcc4df48bd4a2cfe21811613e5e50e3e4868822fe6dddd13745d96692118,b98d65cc5e34337369dcd4d69d63651cc2c99c19e8494199e8b5ec9e06c8b87f,3ee7e46399aea60603c767e0a604e79e7db233924ce71fe027a1ccc1623b7eb0,7beb41daec3d6a34c6da7696c56a982667957298f017ebe137829282b6ce7985,e6f30e55e478d39061b94e38de33959ca99b16e8cac38a3bd99b34f6543ad4a2,20260924,1.5,kinematic,lambda,lam15,jonswap,lambda,15.0,False,0.0,0.0,0.0,0,0.0,30.0,,e6f30e55e478d39061b94e38de33959ca99b16e8cac38a3bd99b34f6543ad4a2
ppo,False,1,aft,unseen_heading,SS5,200,200,1.0,0.9811546736227335,1.0,0.0,0.0,0.0,0.0,1.0,0.0,200,0.24487366504538055,0.2715378628461028,0.24676031693435446,0.27324664768765455,0.012050956003194727,0.02307121326136474,6.847213631581838,1.5358333333333332,1.5375,0.2627302561796404,0.2059917236371379,0,0.0,0,-0.0029234029703983037,67,0.335,0.0,0,0,0,0,0,200,0,0,200,,0.2732408697841632,0.40297808792033485,0.335,0.2732408697841632,0.40297808792033485,artifacts/runs/ppo/1,ppo,10000000,final,10010624,1d67488e2ec8c8522968511a772f65cfe3d8699d,aa28e4f4fd67c42b54cc6e93b365289bca6512297f4b84c1784bb2fe48a6d1b3,26b6c49f8552f5fa626c19bab5222205eb83d294854734a23c3b0b1b3d70e14a,77e172f4133c465b39c1f770f59e892666d3c9109a0d74da434e54a2c3a5294b,a82172a5d0cdab6b63ae362ee461ed3fa67d30136b83e87be42a72da47da455f,8d1481982a00eb2ce0ff3666e34c32e7d7d1a5c92dbb3206d2b5c46f3255e70a,LearnedPolicy,False,jonswap,jonswap,3.12.3,2.5.2,2.13.0,2.9.0,1.3.0,3.2.7,e9fa15cc35312a5c1ecf0c42668a690b5061c090,7ebad1ecabd28a7000add2d05f888aa2e837c2cc,c7fbdcc4df48bd4a2cfe21811613e5e50e3e4868822fe6dddd13745d96692118,b98d65cc5e34337369dcd4d69d63651cc2c99c19e8494199e8b5ec9e06c8b87f,3ee7e46399aea60603c767e0a604e79e7db233924ce71fe027a1ccc1623b7eb0,7beb41daec3d6a34c6da7696c56a982667957298f017ebe137829282b6ce7985,e6f30e55e478d39061b94e38de33959ca99b16e8cac38a3bd99b34f6543ad4a2,20260924,1.5,kinematic,lambda,lam15,jonswap,lambda,15.0,False,0.0,0.0,0.0,0,0.0,30.0,,e6f30e55e478d39061b94e38de33959ca99b16e8cac38a3bd99b34f6543ad4a2
ppo,False,1,aft,unseen_heading,SS6,200,170,0.85,0.7939442071583334,0.89286406437758,0.0,0.005,0.135,0.01,0.85,0.0,200,0.24063945065939019,0.2927855244881358,0.24573147504039575,0.30901864738930884,0.014091045703997843,0.05577314430819053,18.421776383742383,1.6296666666666666,1.6083333333333334,0.26296947398373893,0.21387747580473046,0,0.0,9,-0.007038405428407878,9,0.045,0.0,0,0,0,0,0,188,12,0,200,,0.023852543001492997,0.0832967040018196,0.045,0.023852543001492997,0.0832967040018196,artifacts/runs/ppo/1,ppo,10000000,final,10010624,1d67488e2ec8c8522968511a772f65cfe3d8699d,aa28e4f4fd67c42b54cc6e93b365289bca6512297f4b84c1784bb2fe48a6d1b3,26b6c49f8552f5fa626c19bab5222205eb83d294854734a23c3b0b1b3d70e14a,77e172f4133c465b39c1f770f59e892666d3c9109a0d74da434e54a2c3a5294b,a82172a5d0cdab6b63ae362ee461ed3fa67d30136b83e87be42a72da47da455f,8d1481982a00eb2ce0ff3666e34c32e7d7d1a5c92dbb3206d2b5c46f3255e70a,LearnedPolicy,False,jonswap,jonswap,3.12.3,2.5.2,2.13.0,2.9.0,1.3.0,3.2.7,e9fa15cc35312a5c1ecf0c42668a690b5061c090,7ebad1ecabd28a7000add2d05f888aa2e837c2cc,c7fbdcc4df48bd4a2cfe21811613e5e50e3e4868822fe6dddd13745d96692118,b98d65cc5e34337369dcd4d69d63651cc2c99c19e8494199e8b5ec9e06c8b87f,3ee7e46399aea60603c767e0a604e79e7db233924ce71fe027a1ccc1623b7eb0,7beb41daec3d6a34c6da7696c56a982667957298f017ebe137829282b6ce7985,e6f30e55e478d39061b94e38de33959ca99b16e8cac38a3bd99b34f6543ad4a2,20260924,1.5,kinematic,lambda,lam15,jonswap,lambda,15.0,False,0.0,0.0,0.0,0,0.0,30.0,,e6f30e55e478d39061b94e38de33959ca99b16e8cac38a3bd99b34f6543ad4a2
ppo,False,1,aft,unseen_vessel,SS3,200,200,1.0,0.9811546736227335,1.0,0.0,0.0,0.0,0.0,1.0,0.0,200,0.24665634312628903,0.2635586055767301,0.24711000720628218,0.2636791196500152,0.012086799954256391,0.02143650740260826,3.150139113784173,1.5238958333333332,1.5208333333333333,0.2616825599210424,0.2049590156374787,0,0.0,0,-0.0025074376935143683,200,1.0,0.0,0,0,0,0,0,200,0,0,200,,0.9811546736227335,1.0,1.0,0.9811546736227335,1.0,artifacts/runs/ppo/1,ppo,10000000,final,10010624,1d67488e2ec8c8522968511a772f65cfe3d8699d,aa28e4f4fd67c42b54cc6e93b365289bca6512297f4b84c1784bb2fe48a6d1b3,26b6c49f8552f5fa626c19bab5222205eb83d294854734a23c3b0b1b3d70e14a,77e172f4133c465b39c1f770f59e892666d3c9109a0d74da434e54a2c3a5294b,a82172a5d0cdab6b63ae362ee461ed3fa67d30136b83e87be42a72da47da455f,8d1481982a00eb2ce0ff3666e34c32e7d7d1a5c92dbb3206d2b5c46f3255e70a,LearnedPolicy,False,jonswap,jonswap,3.12.3,2.5.2,2.13.0,2.9.0,1.3.0,3.2.7,e9fa15cc35312a5c1ecf0c42668a690b5061c090,7ebad1ecabd28a7000add2d05f888aa2e837c2cc,c7fbdcc4df48bd4a2cfe21811613e5e50e3e4868822fe6dddd13745d96692118,b98d65cc5e34337369dcd4d69d63651cc2c99c19e8494199e8b5ec9e06c8b87f,3ee7e46399aea60603c767e0a604e79e7db233924ce71fe027a1ccc1623b7eb0,7beb41daec3d6a34c6da7696c56a982667957298f017ebe137829282b6ce7985,e6f30e55e478d39061b94e38de33959ca99b16e8cac38a3bd99b34f6543ad4a2,20260924,1.5,kinematic,lambda,lam15,jonswap,lambda,15.0,False,0.0,0.0,0.0,0,0.0,30.0,,e6f30e55e478d39061b94e38de33959ca99b16e8cac38a3bd99b34f6543ad4a2
ppo,False,1,aft,unseen_vessel,SS4,200,200,1.0,0.9811546736227335,1.0,0.0,0.0,0.0,0.0,1.0,0.0,200,0.24629887338088388,0.2671430462034763,0.2460889043568978,0.26729892739947275,0.012345437999723097,0.022741276971213968,3.6571509371806976,1.5229166666666665,1.525,0.2635634654430968,0.20587207169608773,0,0.0,0,-0.0026058126458457023,155,0.775,0.0,0,0,0,0,0,200,0,0,200,,0.7122587676433947,0.8273763028491088,0.775,0.7122587676433947,0.8273763028491088,artifacts/runs/ppo/1,ppo,10000000,final,10010624,1d67488e2ec8c8522968511a772f65cfe3d8699d,aa28e4f4fd67c42b54cc6e93b365289bca6512297f4b84c1784bb2fe48a6d1b3,26b6c49f8552f5fa626c19bab5222205eb83d294854734a23c3b0b1b3d70e14a,77e172f4133c465b39c1f770f59e892666d3c9109a0d74da434e54a2c3a5294b,a82172a5d0cdab6b63ae362ee461ed3fa67d30136b83e87be42a72da47da455f,8d1481982a00eb2ce0ff3666e34c32e7d7d1a5c92dbb3206d2b5c46f3255e70a,LearnedPolicy,False,jonswap,jonswap,3.12.3,2.5.2,2.13.0,2.9.0,1.3.0,3.2.7,e9fa15cc35312a5c1ecf0c42668a690b5061c090,7ebad1ecabd28a7000add2d05f888aa2e837c2cc,c7fbdcc4df48bd4a2cfe21811613e5e50e3e4868822fe6dddd13745d96692118,b98d65cc5e34337369dcd4d69d63651cc2c99c19e8494199e8b5ec9e06c8b87f,3ee7e46399aea60603c767e0a604e79e7db233924ce71fe027a1ccc1623b7eb0,7beb41daec3d6a34c6da7696c56a982667957298f017ebe137829282b6ce7985,e6f30e55e478d39061b94e38de33959ca99b16e8cac38a3bd99b34f6543ad4a2,20260924,1.5,kinematic,lambda,lam15,jonswap,lambda,15.0,False,0.0,0.0,0.0,0,0.0,30.0,,e6f30e55e478d39061b94e38de33959ca99b16e8cac38a3bd99b34f6543ad4a2
ppo,False,1,aft,unseen_vessel,SS5,200,200,1.0,0.9811546736227335,1.0,0.0,0.0,0.0,0.0,1.0,0.0,200,0.24753835812531433,0.27459154779680367,0.2477260061143152,0.2744641632355323,0.012930100030228816,0.024979871262639126,4.055258978105073,1.524979166666667,1.525,0.2675449580360161,0.2052056265362401,0,0.0,0,-0.003008265670921337,109,0.545,0.0,0,0,0,0,0,200,0,0,200,,0.47578611372488105,0.6125178069011651,0.545,0.47578611372488105,0.6125178069011651,artifacts/runs/ppo/1,ppo,10000000,final,10010624,1d67488e2ec8c8522968511a772f65cfe3d8699d,aa28e4f4fd67c42b54cc6e93b365289bca6512297f4b84c1784bb2fe48a6d1b3,26b6c49f8552f5fa626c19bab5222205eb83d294854734a23c3b0b1b3d70e14a,77e172f4133c465b39c1f770f59e892666d3c9109a0d74da434e54a2c3a5294b,a82172a5d0cdab6b63ae362ee461ed3fa67d30136b83e87be42a72da47da455f,8d1481982a00eb2ce0ff3666e34c32e7d7d1a5c92dbb3206d2b5c46f3255e70a,LearnedPolicy,False,jonswap,jonswap,3.12.3,2.5.2,2.13.0,2.9.0,1.3.0,3.2.7,e9fa15cc35312a5c1ecf0c42668a690b5061c090,7ebad1ecabd28a7000add2d05f888aa2e837c2cc,c7fbdcc4df48bd4a2cfe21811613e5e50e3e4868822fe6dddd13745d96692118,b98d65cc5e34337369dcd4d69d63651cc2c99c19e8494199e8b5ec9e06c8b87f,3ee7e46399aea60603c767e0a604e79e7db233924ce71fe027a1ccc1623b7eb0,7beb41daec3d6a34c6da7696c56a982667957298f017ebe137829282b6ce7985,e6f30e55e478d39061b94e38de33959ca99b16e8cac38a3bd99b34f6543ad4a2,20260924,1.5,kinematic,lambda,lam15,jonswap,lambda,15.0,False,0.0,0.0,0.0,0,0.0,30.0,,e6f30e55e478d39061b94e38de33959ca99b16e8cac38a3bd99b34f6543ad4a2
ppo,False,1,aft,unseen_vessel,SS6,200,198,0.99,0.9642782382838231,0.9972533418664555,0.005,0.0,0.005,0.0,0.99,0.0,199,0.24718371404259087,0.2831225020105939,0.24761362904385856,0.2855704722223805,0.01210646360888495,0.026051396581445563,8.99804690617385,1.552240368509213,1.5541666666666667,0.2756307023495669,0.20698698065645374,0,0.0,0,-0.004852432860201953,35,0.17587939698492464,0.0,0,0,0,1,0,198,1,0,200,,0.12926639955748412,0.23476893744907826,0.175,0.12860515066273331,0.23364431148248993,artifacts/runs/ppo/1,ppo,10000000,final,10010624,1d67488e2ec8c8522968511a772f65cfe3d8699d,aa28e4f4fd67c42b54cc6e93b365289bca6512297f4b84c1784bb2fe48a6d1b3,26b6c49f8552f5fa626c19bab5222205eb83d294854734a23c3b0b1b3d70e14a,77e172f4133c465b39c1f770f59e892666d3c9109a0d74da434e54a2c3a5294b,a82172a5d0cdab6b63ae362ee461ed3fa67d30136b83e87be42a72da47da455f,8d1481982a00eb2ce0ff3666e34c32e7d7d1a5c92dbb3206d2b5c46f3255e70a,LearnedPolicy,False,jonswap,jonswap,3.12.3,2.5.2,2.13.0,2.9.0,1.3.0,3.2.7,e9fa15cc35312a5c1ecf0c42668a690b5061c090,7ebad1ecabd28a7000add2d05f888aa2e837c2cc,c7fbdcc4df48bd4a2cfe21811613e5e50e3e4868822fe6dddd13745d96692118,b98d65cc5e34337369dcd4d69d63651cc2c99c19e8494199e8b5ec9e06c8b87f,3ee7e46399aea60603c767e0a604e79e7db233924ce71fe027a1ccc1623b7eb0,7beb41daec3d6a34c6da7696c56a982667957298f017ebe137829282b6ce7985,e6f30e55e478d39061b94e38de33959ca99b16e8cac38a3bd99b34f6543ad4a2,20260924,1.5,kinematic,lambda,lam15,jonswap,lambda,15.0,False,0.0,0.0,0.0,0,0.0,30.0,,e6f30e55e478d39061b94e38de33959ca99b16e8cac38a3bd99b34f6543ad4a2
ppo,False,2,aft,id,SS3,200,200,1.0,0.9811546736227335,1.0,0.0,0.0,0.0,0.0,1.0,0.0,200,0.24137720778168215,0.2614049105468289,0.2414683345994088,0.26130881307555626,0.010439812142241205,0.021373132882039455,2.977501290529532,1.5510416666666669,1.55,0.22202182313770108,0.20748996319415405,0,0.0,0,-0.0022720280583036112,193,0.965,0.755,0,0,0,0,0,200,0,0,200,,0.9295293884777092,0.9829444579914328,0.965,0.9295293884777092,0.9829444579914328,artifacts/runs/ppo/2,ppo,10000000,final,10010624,1d67488e2ec8c8522968511a772f65cfe3d8699d,aa28e4f4fd67c42b54cc6e93b365289bca6512297f4b84c1784bb2fe48a6d1b3,26b6c49f8552f5fa626c19bab5222205eb83d294854734a23c3b0b1b3d70e14a,785d07894e5792c21be9101064cf625c2f21171047f56684d5a0e9b55a6aee91,9a95795a0e61c02e4389f547b94a9dd08c0912af60a5e2094e5cc314ffbfabc3,02bd6e2fc9633ae4e89365c42d519dc4e8ef0c67d17be4050ff3a485b90047de,LearnedPolicy,False,jonswap,jonswap,3.12.3,2.5.2,2.13.0,2.9.0,1.3.0,3.2.7,e9fa15cc35312a5c1ecf0c42668a690b5061c090,7ebad1ecabd28a7000add2d05f888aa2e837c2cc,c7fbdcc4df48bd4a2cfe21811613e5e50e3e4868822fe6dddd13745d96692118,b98d65cc5e34337369dcd4d69d63651cc2c99c19e8494199e8b5ec9e06c8b87f,3ee7e46399aea60603c767e0a604e79e7db233924ce71fe027a1ccc1623b7eb0,7beb41daec3d6a34c6da7696c56a982667957298f017ebe137829282b6ce7985,e6f30e55e478d39061b94e38de33959ca99b16e8cac38a3bd99b34f6543ad4a2,20260924,1.5,kinematic,lambda,lam15,jonswap,lambda,15.0,False,0.0,0.0,0.0,0,0.0,30.0,,e6f30e55e478d39061b94e38de33959ca99b16e8cac38a3bd99b34f6543ad4a2
ppo,False,2,aft,id,SS4,200,200,1.0,0.9811546736227335,1.0,0.0,0.0,0.0,0.0,1.0,0.0,200,0.24285323373354878,0.26621331796101344,0.24341417463725357,0.2664844513319823,0.010743174715966669,0.022883358602319506,3.7354706551250345,1.5539166666666666,1.5520833333333335,0.22627701618674417,0.20759379870404412,0,0.0,0,-0.0036201864593534178,142,0.71,0.75,0,0,0,0,0,200,0,0,200,,0.6436252189922268,0.7684597439293211,0.71,0.6436252189922268,0.7684597439293211,artifacts/runs/ppo/2,ppo,10000000,final,10010624,1d67488e2ec8c8522968511a772f65cfe3d8699d,aa28e4f4fd67c42b54cc6e93b365289bca6512297f4b84c1784bb2fe48a6d1b3,26b6c49f8552f5fa626c19bab5222205eb83d294854734a23c3b0b1b3d70e14a,785d07894e5792c21be9101064cf625c2f21171047f56684d5a0e9b55a6aee91,9a95795a0e61c02e4389f547b94a9dd08c0912af60a5e2094e5cc314ffbfabc3,02bd6e2fc9633ae4e89365c42d519dc4e8ef0c67d17be4050ff3a485b90047de,LearnedPolicy,False,jonswap,jonswap,3.12.3,2.5.2,2.13.0,2.9.0,1.3.0,3.2.7,e9fa15cc35312a5c1ecf0c42668a690b5061c090,7ebad1ecabd28a7000add2d05f888aa2e837c2cc,c7fbdcc4df48bd4a2cfe21811613e5e50e3e4868822fe6dddd13745d96692118,b98d65cc5e34337369dcd4d69d63651cc2c99c19e8494199e8b5ec9e06c8b87f,3ee7e46399aea60603c767e0a604e79e7db233924ce71fe027a1ccc1623b7eb0,7beb41daec3d6a34c6da7696c56a982667957298f017ebe137829282b6ce7985,e6f30e55e478d39061b94e38de33959ca99b16e8cac38a3bd99b34f6543ad4a2,20260924,1.5,kinematic,lambda,lam15,jonswap,lambda,15.0,False,0.0,0.0,0.0,0,0.0,30.0,,e6f30e55e478d39061b94e38de33959ca99b16e8cac38a3bd99b34f6543ad4a2
ppo,False,2,aft,id,SS5,200,200,1.0,0.9811546736227335,1.0,0.0,0.0,0.0,0.0,1.0,0.0,200,0.24262328785294857,0.2742361273030862,0.24356196199345004,0.27467082543303006,0.012840424321864096,0.0279164673691036,7.21062767213379,1.558645833333333,1.55625,0.23132387960032477,0.21128458147485588,0,0.0,0,-0.004573345936903712,52,0.26,0.745,0,0,0,0,0,200,0,0,200,,0.20413830063574687,0.32490745602534116,0.26,0.20413830063574687,0.32490745602534116,artifacts/runs/ppo/2,ppo,10000000,final,10010624,1d67488e2ec8c8522968511a772f65cfe3d8699d,aa28e4f4fd67c42b54cc6e93b365289bca6512297f4b84c1784bb2fe48a6d1b3,26b6c49f8552f5fa626c19bab5222205eb83d294854734a23c3b0b1b3d70e14a,785d07894e5792c21be9101064cf625c2f21171047f56684d5a0e9b55a6aee91,9a95795a0e61c02e4389f547b94a9dd08c0912af60a5e2094e5cc314ffbfabc3,02bd6e2fc9633ae4e89365c42d519dc4e8ef0c67d17be4050ff3a485b90047de,LearnedPolicy,False,jonswap,jonswap,3.12.3,2.5.2,2.13.0,2.9.0,1.3.0,3.2.7,e9fa15cc35312a5c1ecf0c42668a690b5061c090,7ebad1ecabd28a7000add2d05f888aa2e837c2cc,c7fbdcc4df48bd4a2cfe21811613e5e50e3e4868822fe6dddd13745d96692118,b98d65cc5e34337369dcd4d69d63651cc2c99c19e8494199e8b5ec9e06c8b87f,3ee7e46399aea60603c767e0a604e79e7db233924ce71fe027a1ccc1623b7eb0,7beb41daec3d6a34c6da7696c56a982667957298f017ebe137829282b6ce7985,e6f30e55e478d39061b94e38de33959ca99b16e8cac38a3bd99b34f6543ad4a2,20260924,1.5,kinematic,lambda,lam15,jonswap,lambda,15.0,False,0.0,0.0,0.0,0,0.0,30.0,,e6f30e55e478d39061b94e38de33959ca99b16e8cac38a3bd99b34f6543ad4a2
ppo,False,2,aft,id,SS6,200,197,0.985,0.9568342712073097,0.9948857622067417,0.0,0.0,0.005,0.01,0.985,0.0,200,0.24700335462531314,0.2860857523612192,0.24949931018398167,0.28761297759399534,0.015721316735216945,0.039234744586789924,11.836433819841503,1.5922916666666667,1.5791666666666666,0.23473249426985213,0.21560184416250464,0,0.0,2,-0.006081580427606806,24,0.12,0.0,0,0,0,0,0,197,3,0,200,,0.08197992706375512,0.17234252098296743,0.12,0.08197992706375512,0.17234252098296743,artifacts/runs/ppo/2,ppo,10000000,final,10010624,1d67488e2ec8c8522968511a772f65cfe3d8699d,aa28e4f4fd67c42b54cc6e93b365289bca6512297f4b84c1784bb2fe48a6d1b3,26b6c49f8552f5fa626c19bab5222205eb83d294854734a23c3b0b1b3d70e14a,785d07894e5792c21be9101064cf625c2f21171047f56684d5a0e9b55a6aee91,9a95795a0e61c02e4389f547b94a9dd08c0912af60a5e2094e5cc314ffbfabc3,02bd6e2fc9633ae4e89365c42d519dc4e8ef0c67d17be4050ff3a485b90047de,LearnedPolicy,False,jonswap,jonswap,3.12.3,2.5.2,2.13.0,2.9.0,1.3.0,3.2.7,e9fa15cc35312a5c1ecf0c42668a690b5061c090,7ebad1ecabd28a7000add2d05f888aa2e837c2cc,c7fbdcc4df48bd4a2cfe21811613e5e50e3e4868822fe6dddd13745d96692118,b98d65cc5e34337369dcd4d69d63651cc2c99c19e8494199e8b5ec9e06c8b87f,3ee7e46399aea60603c767e0a604e79e7db233924ce71fe027a1ccc1623b7eb0,7beb41daec3d6a34c6da7696c56a982667957298f017ebe137829282b6ce7985,e6f30e55e478d39061b94e38de33959ca99b16e8cac38a3bd99b34f6543ad4a2,20260924,1.5,kinematic,lambda,lam15,jonswap,lambda,15.0,False,0.0,0.0,0.0,0,0.0,30.0,,e6f30e55e478d39061b94e38de33959ca99b16e8cac38a3bd99b34f6543ad4a2
ppo,False,2,aft,unseen_seastate,SS6,200,198,0.99,0.9642782382838231,0.9972533418664555,0.0,0.0,0.01,0.0,0.99,0.0,200,0.24207057282842234,0.28450972402291386,0.2436993417168632,0.28698773826246293,0.015451374467690949,0.04163779659446093,10.925578088840766,1.5913541666666666,1.5604166666666668,0.2334205264989423,0.21846814820871224,0,0.0,4,-0.006027685210510962,17,0.085,0.0,0,0,0,0,0,200,0,0,200,,0.05374575017747561,0.13189587071565567,0.085,0.05374575017747561,0.13189587071565567,artifacts/runs/ppo/2,ppo,10000000,final,10010624,1d67488e2ec8c8522968511a772f65cfe3d8699d,aa28e4f4fd67c42b54cc6e93b365289bca6512297f4b84c1784bb2fe48a6d1b3,26b6c49f8552f5fa626c19bab5222205eb83d294854734a23c3b0b1b3d70e14a,785d07894e5792c21be9101064cf625c2f21171047f56684d5a0e9b55a6aee91,9a95795a0e61c02e4389f547b94a9dd08c0912af60a5e2094e5cc314ffbfabc3,02bd6e2fc9633ae4e89365c42d519dc4e8ef0c67d17be4050ff3a485b90047de,LearnedPolicy,False,jonswap,jonswap,3.12.3,2.5.2,2.13.0,2.9.0,1.3.0,3.2.7,e9fa15cc35312a5c1ecf0c42668a690b5061c090,7ebad1ecabd28a7000add2d05f888aa2e837c2cc,c7fbdcc4df48bd4a2cfe21811613e5e50e3e4868822fe6dddd13745d96692118,b98d65cc5e34337369dcd4d69d63651cc2c99c19e8494199e8b5ec9e06c8b87f,3ee7e46399aea60603c767e0a604e79e7db233924ce71fe027a1ccc1623b7eb0,7beb41daec3d6a34c6da7696c56a982667957298f017ebe137829282b6ce7985,e6f30e55e478d39061b94e38de33959ca99b16e8cac38a3bd99b34f6543ad4a2,20260924,1.5,kinematic,lambda,lam15,jonswap,lambda,15.0,False,0.0,0.0,0.0,0,0.0,30.0,,e6f30e55e478d39061b94e38de33959ca99b16e8cac38a3bd99b34f6543ad4a2
ppo,False,2,aft,unseen_heading,SS3,200,200,1.0,0.9811546736227335,1.0,0.0,0.0,0.0,0.0,1.0,0.0,200,0.24204893024479046,0.26199737257683775,0.2420319691545945,0.2621168747403191,0.010444529565698097,0.017933594974691842,2.9902404704213055,1.5553333333333332,1.5666666666666667,0.22370077524701842,0.20566946084154553,0,0.0,0,-0.0021734539226536125,200,1.0,0.0,0,0,0,0,0,200,0,0,200,,0.9811546736227335,1.0,1.0,0.9811546736227335,1.0,artifacts/runs/ppo/2,ppo,10000000,final,10010624,1d67488e2ec8c8522968511a772f65cfe3d8699d,aa28e4f4fd67c42b54cc6e93b365289bca6512297f4b84c1784bb2fe48a6d1b3,26b6c49f8552f5fa626c19bab5222205eb83d294854734a23c3b0b1b3d70e14a,785d07894e5792c21be9101064cf625c2f21171047f56684d5a0e9b55a6aee91,9a95795a0e61c02e4389f547b94a9dd08c0912af60a5e2094e5cc314ffbfabc3,02bd6e2fc9633ae4e89365c42d519dc4e8ef0c67d17be4050ff3a485b90047de,LearnedPolicy,False,jonswap,jonswap,3.12.3,2.5.2,2.13.0,2.9.0,1.3.0,3.2.7,e9fa15cc35312a5c1ecf0c42668a690b5061c090,7ebad1ecabd28a7000add2d05f888aa2e837c2cc,c7fbdcc4df48bd4a2cfe21811613e5e50e3e4868822fe6dddd13745d96692118,b98d65cc5e34337369dcd4d69d63651cc2c99c19e8494199e8b5ec9e06c8b87f,3ee7e46399aea60603c767e0a604e79e7db233924ce71fe027a1ccc1623b7eb0,7beb41daec3d6a34c6da7696c56a982667957298f017ebe137829282b6ce7985,e6f30e55e478d39061b94e38de33959ca99b16e8cac38a3bd99b34f6543ad4a2,20260924,1.5,kinematic,lambda,lam15,jonswap,lambda,15.0,False,0.0,0.0,0.0,0,0.0,30.0,,e6f30e55e478d39061b94e38de33959ca99b16e8cac38a3bd99b34f6543ad4a2
ppo,False,2,aft,unseen_heading,SS4,200,200,1.0,0.9811546736227335,1.0,0.0,0.0,0.0,0.0,1.0,0.0,200,0.242549941887298,0.2601580027624439,0.24290454815570273,0.26140261064038783,0.010260493871064532,0.021653464778496626,3.926314061997716,1.5528333333333335,1.55,0.2240481303193354,0.2072933300232078,0,0.0,0,-0.002262137506838577,174,0.87,0.0,0,0,0,0,0,200,0,0,200,,0.8163364812775159,0.9097179772033067,0.87,0.8163364812775159,0.9097179772033067,artifacts/runs/ppo/2,ppo,10000000,final,10010624,1d67488e2ec8c8522968511a772f65cfe3d8699d,aa28e4f4fd67c42b54cc6e93b365289bca6512297f4b84c1784bb2fe48a6d1b3,26b6c49f8552f5fa626c19bab5222205eb83d294854734a23c3b0b1b3d70e14a,785d07894e5792c21be9101064cf625c2f21171047f56684d5a0e9b55a6aee91,9a95795a0e61c02e4389f547b94a9dd08c0912af60a5e2094e5cc314ffbfabc3,02bd6e2fc9633ae4e89365c42d519dc4e8ef0c67d17be4050ff3a485b90047de,LearnedPolicy,False,jonswap,jonswap,3.12.3,2.5.2,2.13.0,2.9.0,1.3.0,3.2.7,e9fa15cc35312a5c1ecf0c42668a690b5061c090,7ebad1ecabd28a7000add2d05f888aa2e837c2cc,c7fbdcc4df48bd4a2cfe21811613e5e50e3e4868822fe6dddd13745d96692118,b98d65cc5e34337369dcd4d69d63651cc2c99c19e8494199e8b5ec9e06c8b87f,3ee7e46399aea60603c767e0a604e79e7db233924ce71fe027a1ccc1623b7eb0,7beb41daec3d6a34c6da7696c56a982667957298f017ebe137829282b6ce7985,e6f30e55e478d39061b94e38de33959ca99b16e8cac38a3bd99b34f6543ad4a2,20260924,1.5,kinematic,lambda,lam15,jonswap,lambda,15.0,False,0.0,0.0,0.0,0,0.0,30.0,,e6f30e55e478d39061b94e38de33959ca99b16e8cac38a3bd99b34f6543ad4a2
ppo,False,2,aft,unseen_heading,SS5,200,200,1.0,0.9811546736227335,1.0,0.0,0.0,0.0,0.0,1.0,0.0,200,0.24231541075060392,0.27099048118951946,0.24398345509533448,0.27161221659738505,0.011563316054672743,0.02430797788062461,7.141549131063589,1.5432708333333331,1.5458333333333334,0.22766770092784483,0.21206797465827382,0,0.0,0,-0.004130189573260288,67,0.335,0.0,0,0,0,0,0,200,0,0,200,,0.2732408697841632,0.40297808792033485,0.335,0.2732408697841632,0.40297808792033485,artifacts/runs/ppo/2,ppo,10000000,final,10010624,1d67488e2ec8c8522968511a772f65cfe3d8699d,aa28e4f4fd67c42b54cc6e93b365289bca6512297f4b84c1784bb2fe48a6d1b3,26b6c49f8552f5fa626c19bab5222205eb83d294854734a23c3b0b1b3d70e14a,785d07894e5792c21be9101064cf625c2f21171047f56684d5a0e9b55a6aee91,9a95795a0e61c02e4389f547b94a9dd08c0912af60a5e2094e5cc314ffbfabc3,02bd6e2fc9633ae4e89365c42d519dc4e8ef0c67d17be4050ff3a485b90047de,LearnedPolicy,False,jonswap,jonswap,3.12.3,2.5.2,2.13.0,2.9.0,1.3.0,3.2.7,e9fa15cc35312a5c1ecf0c42668a690b5061c090,7ebad1ecabd28a7000add2d05f888aa2e837c2cc,c7fbdcc4df48bd4a2cfe21811613e5e50e3e4868822fe6dddd13745d96692118,b98d65cc5e34337369dcd4d69d63651cc2c99c19e8494199e8b5ec9e06c8b87f,3ee7e46399aea60603c767e0a604e79e7db233924ce71fe027a1ccc1623b7eb0,7beb41daec3d6a34c6da7696c56a982667957298f017ebe137829282b6ce7985,e6f30e55e478d39061b94e38de33959ca99b16e8cac38a3bd99b34f6543ad4a2,20260924,1.5,kinematic,lambda,lam15,jonswap,lambda,15.0,False,0.0,0.0,0.0,0,0.0,30.0,,e6f30e55e478d39061b94e38de33959ca99b16e8cac38a3bd99b34f6543ad4a2
ppo,False,2,aft,unseen_heading,SS6,200,176,0.88,0.8276574790170326,0.9180200729362449,0.005,0.02,0.05,0.045,0.88,0.0,200,0.2431530215471856,0.28282787916334506,0.24560648042890013,0.2929298158315255,0.017979978040731617,0.06293026105294151,14.791648866351544,1.6817291666666667,1.6145833333333335,0.22186936807861435,0.2224175396372283,0,0.0,5,-0.005677285720653276,9,0.045,0.0,0,0,0,1,0,188,11,0,200,,0.023852543001492997,0.0832967040018196,0.045,0.023852543001492997,0.0832967040018196,artifacts/runs/ppo/2,ppo,10000000,final,10010624,1d67488e2ec8c8522968511a772f65cfe3d8699d,aa28e4f4fd67c42b54cc6e93b365289bca6512297f4b84c1784bb2fe48a6d1b3,26b6c49f8552f5fa626c19bab5222205eb83d294854734a23c3b0b1b3d70e14a,785d07894e5792c21be9101064cf625c2f21171047f56684d5a0e9b55a6aee91,9a95795a0e61c02e4389f547b94a9dd08c0912af60a5e2094e5cc314ffbfabc3,02bd6e2fc9633ae4e89365c42d519dc4e8ef0c67d17be4050ff3a485b90047de,LearnedPolicy,False,jonswap,jonswap,3.12.3,2.5.2,2.13.0,2.9.0,1.3.0,3.2.7,e9fa15cc35312a5c1ecf0c42668a690b5061c090,7ebad1ecabd28a7000add2d05f888aa2e837c2cc,c7fbdcc4df48bd4a2cfe21811613e5e50e3e4868822fe6dddd13745d96692118,b98d65cc5e34337369dcd4d69d63651cc2c99c19e8494199e8b5ec9e06c8b87f,3ee7e46399aea60603c767e0a604e79e7db233924ce71fe027a1ccc1623b7eb0,7beb41daec3d6a34c6da7696c56a982667957298f017ebe137829282b6ce7985,e6f30e55e478d39061b94e38de33959ca99b16e8cac38a3bd99b34f6543ad4a2,20260924,1.5,kinematic,lambda,lam15,jonswap,lambda,15.0,False,0.0,0.0,0.0,0,0.0,30.0,,e6f30e55e478d39061b94e38de33959ca99b16e8cac38a3bd99b34f6543ad4a2
ppo,False,2,aft,unseen_vessel,SS3,200,200,1.0,0.9811546736227335,1.0,0.0,0.0,0.0,0.0,1.0,0.0,200,0.24274978822540683,0.26349709546853356,0.2427584290746717,0.26376203798424214,0.009886138920748673,0.018153615888203998,2.6970565527819654,1.5537291666666666,1.5541666666666667,0.22119092507605845,0.2063592961282945,0,0.0,0,-0.002321971962549322,200,1.0,0.0,0,0,0,0,0,200,0,0,200,,0.9811546736227335,1.0,1.0,0.9811546736227335,1.0,artifacts/runs/ppo/2,ppo,10000000,final,10010624,1d67488e2ec8c8522968511a772f65cfe3d8699d,aa28e4f4fd67c42b54cc6e93b365289bca6512297f4b84c1784bb2fe48a6d1b3,26b6c49f8552f5fa626c19bab5222205eb83d294854734a23c3b0b1b3d70e14a,785d07894e5792c21be9101064cf625c2f21171047f56684d5a0e9b55a6aee91,9a95795a0e61c02e4389f547b94a9dd08c0912af60a5e2094e5cc314ffbfabc3,02bd6e2fc9633ae4e89365c42d519dc4e8ef0c67d17be4050ff3a485b90047de,LearnedPolicy,False,jonswap,jonswap,3.12.3,2.5.2,2.13.0,2.9.0,1.3.0,3.2.7,e9fa15cc35312a5c1ecf0c42668a690b5061c090,7ebad1ecabd28a7000add2d05f888aa2e837c2cc,c7fbdcc4df48bd4a2cfe21811613e5e50e3e4868822fe6dddd13745d96692118,b98d65cc5e34337369dcd4d69d63651cc2c99c19e8494199e8b5ec9e06c8b87f,3ee7e46399aea60603c767e0a604e79e7db233924ce71fe027a1ccc1623b7eb0,7beb41daec3d6a34c6da7696c56a982667957298f017ebe137829282b6ce7985,e6f30e55e478d39061b94e38de33959ca99b16e8cac38a3bd99b34f6543ad4a2,20260924,1.5,kinematic,lambda,lam15,jonswap,lambda,15.0,False,0.0,0.0,0.0,0,0.0,30.0,,e6f30e55e478d39061b94e38de33959ca99b16e8cac38a3bd99b34f6543ad4a2
ppo,False,2,aft,unseen_vessel,SS4,200,200,1.0,0.9811546736227335,1.0,0.0,0.0,0.0,0.0,1.0,0.0,200,0.2428362907261208,0.2633876306145263,0.2429844548313779,0.2635190573481628,0.010606616132300902,0.020702170511024916,3.9495334932580355,1.5518333333333334,1.5541666666666667,0.2228592986511689,0.20542011244598818,0,0.0,0,-0.0024172530091779417,155,0.775,0.0,0,0,0,0,0,200,0,0,200,,0.7122587676433947,0.8273763028491088,0.775,0.7122587676433947,0.8273763028491088,artifacts/runs/ppo/2,ppo,10000000,final,10010624,1d67488e2ec8c8522968511a772f65cfe3d8699d,aa28e4f4fd67c42b54cc6e93b365289bca6512297f4b84c1784bb2fe48a6d1b3,26b6c49f8552f5fa626c19bab5222205eb83d294854734a23c3b0b1b3d70e14a,785d07894e5792c21be9101064cf625c2f21171047f56684d5a0e9b55a6aee91,9a95795a0e61c02e4389f547b94a9dd08c0912af60a5e2094e5cc314ffbfabc3,02bd6e2fc9633ae4e89365c42d519dc4e8ef0c67d17be4050ff3a485b90047de,LearnedPolicy,False,jonswap,jonswap,3.12.3,2.5.2,2.13.0,2.9.0,1.3.0,3.2.7,e9fa15cc35312a5c1ecf0c42668a690b5061c090,7ebad1ecabd28a7000add2d05f888aa2e837c2cc,c7fbdcc4df48bd4a2cfe21811613e5e50e3e4868822fe6dddd13745d96692118,b98d65cc5e34337369dcd4d69d63651cc2c99c19e8494199e8b5ec9e06c8b87f,3ee7e46399aea60603c767e0a604e79e7db233924ce71fe027a1ccc1623b7eb0,7beb41daec3d6a34c6da7696c56a982667957298f017ebe137829282b6ce7985,e6f30e55e478d39061b94e38de33959ca99b16e8cac38a3bd99b34f6543ad4a2,20260924,1.5,kinematic,lambda,lam15,jonswap,lambda,15.0,False,0.0,0.0,0.0,0,0.0,30.0,,e6f30e55e478d39061b94e38de33959ca99b16e8cac38a3bd99b34f6543ad4a2
ppo,False,2,aft,unseen_vessel,SS5,200,200,1.0,0.9811546736227335,1.0,0.0,0.0,0.0,0.0,1.0,0.0,200,0.24176188774364088,0.27071573893862066,0.2421105033686826,0.2705744466059443,0.011522737980630263,0.02499861913965673,4.549605413698155,1.5577291666666668,1.5625,0.23011235356697352,0.20492557213686444,0,0.0,0,-0.002771046124271427,113,0.565,0.0,0,0,0,0,0,200,0,0,200,,0.49570736259794607,0.6318427449730093,0.565,0.49570736259794607,0.6318427449730093,artifacts/runs/ppo/2,ppo,10000000,final,10010624,1d67488e2ec8c8522968511a772f65cfe3d8699d,aa28e4f4fd67c42b54cc6e93b365289bca6512297f4b84c1784bb2fe48a6d1b3,26b6c49f8552f5fa626c19bab5222205eb83d294854734a23c3b0b1b3d70e14a,785d07894e5792c21be9101064cf625c2f21171047f56684d5a0e9b55a6aee91,9a95795a0e61c02e4389f547b94a9dd08c0912af60a5e2094e5cc314ffbfabc3,02bd6e2fc9633ae4e89365c42d519dc4e8ef0c67d17be4050ff3a485b90047de,LearnedPolicy,False,jonswap,jonswap,3.12.3,2.5.2,2.13.0,2.9.0,1.3.0,3.2.7,e9fa15cc35312a5c1ecf0c42668a690b5061c090,7ebad1ecabd28a7000add2d05f888aa2e837c2cc,c7fbdcc4df48bd4a2cfe21811613e5e50e3e4868822fe6dddd13745d96692118,b98d65cc5e34337369dcd4d69d63651cc2c99c19e8494199e8b5ec9e06c8b87f,3ee7e46399aea60603c767e0a604e79e7db233924ce71fe027a1ccc1623b7eb0,7beb41daec3d6a34c6da7696c56a982667957298f017ebe137829282b6ce7985,e6f30e55e478d39061b94e38de33959ca99b16e8cac38a3bd99b34f6543ad4a2,20260924,1.5,kinematic,lambda,lam15,jonswap,lambda,15.0,False,0.0,0.0,0.0,0,0.0,30.0,,e6f30e55e478d39061b94e38de33959ca99b16e8cac38a3bd99b34f6543ad4a2
ppo,False,2,aft,unseen_vessel,SS6,200,197,0.985,0.9568342712073097,0.9948857622067417,0.005,0.0,0.005,0.005,0.985,0.0,199,0.24523015262782694,0.2755475943322775,0.2456453706179022,0.27647712828653265,0.014941322879903787,0.030343579758553507,7.993195411922866,1.5744556113902846,1.575,0.2405001132762819,0.2104739097015515,0,0.0,1,-0.0051329159940291125,36,0.18090452261306533,0.0,0,0,0,1,0,198,1,0,200,,0.13363018106250263,0.24026507319977192,0.18,0.13294625859420173,0.23911475028724882,artifacts/runs/ppo/2,ppo,10000000,final,10010624,1d67488e2ec8c8522968511a772f65cfe3d8699d,aa28e4f4fd67c42b54cc6e93b365289bca6512297f4b84c1784bb2fe48a6d1b3,26b6c49f8552f5fa626c19bab5222205eb83d294854734a23c3b0b1b3d70e14a,785d07894e5792c21be9101064cf625c2f21171047f56684d5a0e9b55a6aee91,9a95795a0e61c02e4389f547b94a9dd08c0912af60a5e2094e5cc314ffbfabc3,02bd6e2fc9633ae4e89365c42d519dc4e8ef0c67d17be4050ff3a485b90047de,LearnedPolicy,False,jonswap,jonswap,3.12.3,2.5.2,2.13.0,2.9.0,1.3.0,3.2.7,e9fa15cc35312a5c1ecf0c42668a690b5061c090,7ebad1ecabd28a7000add2d05f888aa2e837c2cc,c7fbdcc4df48bd4a2cfe21811613e5e50e3e4868822fe6dddd13745d96692118,b98d65cc5e34337369dcd4d69d63651cc2c99c19e8494199e8b5ec9e06c8b87f,3ee7e46399aea60603c767e0a604e79e7db233924ce71fe027a1ccc1623b7eb0,7beb41daec3d6a34c6da7696c56a982667957298f017ebe137829282b6ce7985,e6f30e55e478d39061b94e38de33959ca99b16e8cac38a3bd99b34f6543ad4a2,20260924,1.5,kinematic,lambda,lam15,jonswap,lambda,15.0,False,0.0,0.0,0.0,0,0.0,30.0,,e6f30e55e478d39061b94e38de33959ca99b16e8cac38a3bd99b34f6543ad4a2
ppo,False,3,aft,id,SS3,200,200,1.0,0.9811546736227335,1.0,0.0,0.0,0.0,0.0,1.0,0.0,200,0.24611746521656824,0.26824075861915087,0.24605855795369294,0.26833879023406987,0.008347534282189473,0.01576972592545143,3.1011138078698806,1.5156041666666664,1.5104166666666665,0.23850676735318457,0.19221831228261288,0,0.0,0,-0.0021909341630337205,193,0.965,0.755,0,0,0,0,0,200,0,0,200,,0.9295293884777092,0.9829444579914328,0.965,0.9295293884777092,0.9829444579914328,artifacts/runs/ppo/3,ppo,10000000,final,10010624,1d67488e2ec8c8522968511a772f65cfe3d8699d,aa28e4f4fd67c42b54cc6e93b365289bca6512297f4b84c1784bb2fe48a6d1b3,26b6c49f8552f5fa626c19bab5222205eb83d294854734a23c3b0b1b3d70e14a,ab7152483da4fd50de264a3f0daaffb37cb7febe316803c154b3ed5a494f4d8f,97bb0f4a9cea41eba346cbef16d10a8fd2e625280036dca49859e9d49d7d98f7,e06fa8718729185b93b0874dab70fd01f0cf9fa14cf7de867d18c5555d8c8858,LearnedPolicy,False,jonswap,jonswap,3.12.3,2.5.2,2.13.0,2.9.0,1.3.0,3.2.7,e9fa15cc35312a5c1ecf0c42668a690b5061c090,7ebad1ecabd28a7000add2d05f888aa2e837c2cc,c7fbdcc4df48bd4a2cfe21811613e5e50e3e4868822fe6dddd13745d96692118,b98d65cc5e34337369dcd4d69d63651cc2c99c19e8494199e8b5ec9e06c8b87f,3ee7e46399aea60603c767e0a604e79e7db233924ce71fe027a1ccc1623b7eb0,7beb41daec3d6a34c6da7696c56a982667957298f017ebe137829282b6ce7985,e6f30e55e478d39061b94e38de33959ca99b16e8cac38a3bd99b34f6543ad4a2,20260924,1.5,kinematic,lambda,lam15,jonswap,lambda,15.0,False,0.0,0.0,0.0,0,0.0,30.0,,e6f30e55e478d39061b94e38de33959ca99b16e8cac38a3bd99b34f6543ad4a2
ppo,False,3,aft,id,SS4,200,200,1.0,0.9811546736227335,1.0,0.0,0.0,0.0,0.0,1.0,0.0,200,0.24449993688009425,0.27091514204780065,0.24467111937745398,0.2705861716664513,0.00792410043668832,0.01622072992863951,4.113185203952196,1.5191041666666667,1.5187499999999998,0.24013581053820346,0.19271253450051007,0,0.0,0,-0.0027973514816232664,141,0.705,0.75,0,0,0,0,0,200,0,0,200,,0.6384128547538122,0.7638605614315084,0.705,0.6384128547538122,0.7638605614315084,artifacts/runs/ppo/3,ppo,10000000,final,10010624,1d67488e2ec8c8522968511a772f65cfe3d8699d,aa28e4f4fd67c42b54cc6e93b365289bca6512297f4b84c1784bb2fe48a6d1b3,26b6c49f8552f5fa626c19bab5222205eb83d294854734a23c3b0b1b3d70e14a,ab7152483da4fd50de264a3f0daaffb37cb7febe316803c154b3ed5a494f4d8f,97bb0f4a9cea41eba346cbef16d10a8fd2e625280036dca49859e9d49d7d98f7,e06fa8718729185b93b0874dab70fd01f0cf9fa14cf7de867d18c5555d8c8858,LearnedPolicy,False,jonswap,jonswap,3.12.3,2.5.2,2.13.0,2.9.0,1.3.0,3.2.7,e9fa15cc35312a5c1ecf0c42668a690b5061c090,7ebad1ecabd28a7000add2d05f888aa2e837c2cc,c7fbdcc4df48bd4a2cfe21811613e5e50e3e4868822fe6dddd13745d96692118,b98d65cc5e34337369dcd4d69d63651cc2c99c19e8494199e8b5ec9e06c8b87f,3ee7e46399aea60603c767e0a604e79e7db233924ce71fe027a1ccc1623b7eb0,7beb41daec3d6a34c6da7696c56a982667957298f017ebe137829282b6ce7985,e6f30e55e478d39061b94e38de33959ca99b16e8cac38a3bd99b34f6543ad4a2,20260924,1.5,kinematic,lambda,lam15,jonswap,lambda,15.0,False,0.0,0.0,0.0,0,0.0,30.0,,e6f30e55e478d39061b94e38de33959ca99b16e8cac38a3bd99b34f6543ad4a2
ppo,False,3,aft,id,SS5,200,199,0.995,0.9722262956021069,0.9991168312843989,0.0,0.0,0.005,0.0,0.995,0.0,200,0.24784373353507486,0.2741829713798957,0.24860843983933179,0.27590908403466435,0.010114560225789538,0.02118897365614238,7.955396477411082,1.5301458333333335,1.5291666666666666,0.24313855486660466,0.19488072123789185,0,0.0,0,-0.004774778717200634,55,0.275,0.745,0,0,0,0,0,200,0,0,200,,0.21779700329307355,0.34068339357669647,0.275,0.21779700329307355,0.34068339357669647,artifacts/runs/ppo/3,ppo,10000000,final,10010624,1d67488e2ec8c8522968511a772f65cfe3d8699d,aa28e4f4fd67c42b54cc6e93b365289bca6512297f4b84c1784bb2fe48a6d1b3,26b6c49f8552f5fa626c19bab5222205eb83d294854734a23c3b0b1b3d70e14a,ab7152483da4fd50de264a3f0daaffb37cb7febe316803c154b3ed5a494f4d8f,97bb0f4a9cea41eba346cbef16d10a8fd2e625280036dca49859e9d49d7d98f7,e06fa8718729185b93b0874dab70fd01f0cf9fa14cf7de867d18c5555d8c8858,LearnedPolicy,False,jonswap,jonswap,3.12.3,2.5.2,2.13.0,2.9.0,1.3.0,3.2.7,e9fa15cc35312a5c1ecf0c42668a690b5061c090,7ebad1ecabd28a7000add2d05f888aa2e837c2cc,c7fbdcc4df48bd4a2cfe21811613e5e50e3e4868822fe6dddd13745d96692118,b98d65cc5e34337369dcd4d69d63651cc2c99c19e8494199e8b5ec9e06c8b87f,3ee7e46399aea60603c767e0a604e79e7db233924ce71fe027a1ccc1623b7eb0,7beb41daec3d6a34c6da7696c56a982667957298f017ebe137829282b6ce7985,e6f30e55e478d39061b94e38de33959ca99b16e8cac38a3bd99b34f6543ad4a2,20260924,1.5,kinematic,lambda,lam15,jonswap,lambda,15.0,False,0.0,0.0,0.0,0,0.0,30.0,,e6f30e55e478d39061b94e38de33959ca99b16e8cac38a3bd99b34f6543ad4a2
ppo,False,3,aft,id,SS6,200,194,0.97,0.9361057075454807,0.9861796856598887,0.0,0.0,0.03,0.0,0.97,0.0,200,0.2527763392451061,0.2928305558665474,0.2535894265078173,0.29546131857252755,0.010469068054448416,0.030225965441683253,12.857519052841432,1.5733125000000001,1.55625,0.2473446989279238,0.197942338218157,0,0.0,1,-0.005193106171403903,25,0.125,0.0,0,0,0,0,0,197,3,0,200,,0.08611974475712644,0.17801425002582347,0.125,0.08611974475712644,0.17801425002582347,artifacts/runs/ppo/3,ppo,10000000,final,10010624,1d67488e2ec8c8522968511a772f65cfe3d8699d,aa28e4f4fd67c42b54cc6e93b365289bca6512297f4b84c1784bb2fe48a6d1b3,26b6c49f8552f5fa626c19bab5222205eb83d294854734a23c3b0b1b3d70e14a,ab7152483da4fd50de264a3f0daaffb37cb7febe316803c154b3ed5a494f4d8f,97bb0f4a9cea41eba346cbef16d10a8fd2e625280036dca49859e9d49d7d98f7,e06fa8718729185b93b0874dab70fd01f0cf9fa14cf7de867d18c5555d8c8858,LearnedPolicy,False,jonswap,jonswap,3.12.3,2.5.2,2.13.0,2.9.0,1.3.0,3.2.7,e9fa15cc35312a5c1ecf0c42668a690b5061c090,7ebad1ecabd28a7000add2d05f888aa2e837c2cc,c7fbdcc4df48bd4a2cfe21811613e5e50e3e4868822fe6dddd13745d96692118,b98d65cc5e34337369dcd4d69d63651cc2c99c19e8494199e8b5ec9e06c8b87f,3ee7e46399aea60603c767e0a604e79e7db233924ce71fe027a1ccc1623b7eb0,7beb41daec3d6a34c6da7696c56a982667957298f017ebe137829282b6ce7985,e6f30e55e478d39061b94e38de33959ca99b16e8cac38a3bd99b34f6543ad4a2,20260924,1.5,kinematic,lambda,lam15,jonswap,lambda,15.0,False,0.0,0.0,0.0,0,0.0,30.0,,e6f30e55e478d39061b94e38de33959ca99b16e8cac38a3bd99b34f6543ad4a2
ppo,False,3,aft,unseen_seastate,SS6,200,194,0.97,0.9361057075454807,0.9861796856598887,0.0,0.0,0.015,0.015,0.97,0.0,200,0.25056308872083144,0.282432080049193,0.25046223758701547,0.2872830631284631,0.009995210509833955,0.03400776406298012,12.553542359451866,1.5666874999999998,1.5333333333333332,0.24356176174876915,0.19727705349931973,0,0.0,3,-0.005301594999029819,21,0.105,0.0,0,0,0,0,0,197,3,0,200,,0.06970748792681017,0.1551803199112304,0.105,0.06970748792681017,0.1551803199112304,artifacts/runs/ppo/3,ppo,10000000,final,10010624,1d67488e2ec8c8522968511a772f65cfe3d8699d,aa28e4f4fd67c42b54cc6e93b365289bca6512297f4b84c1784bb2fe48a6d1b3,26b6c49f8552f5fa626c19bab5222205eb83d294854734a23c3b0b1b3d70e14a,ab7152483da4fd50de264a3f0daaffb37cb7febe316803c154b3ed5a494f4d8f,97bb0f4a9cea41eba346cbef16d10a8fd2e625280036dca49859e9d49d7d98f7,e06fa8718729185b93b0874dab70fd01f0cf9fa14cf7de867d18c5555d8c8858,LearnedPolicy,False,jonswap,jonswap,3.12.3,2.5.2,2.13.0,2.9.0,1.3.0,3.2.7,e9fa15cc35312a5c1ecf0c42668a690b5061c090,7ebad1ecabd28a7000add2d05f888aa2e837c2cc,c7fbdcc4df48bd4a2cfe21811613e5e50e3e4868822fe6dddd13745d96692118,b98d65cc5e34337369dcd4d69d63651cc2c99c19e8494199e8b5ec9e06c8b87f,3ee7e46399aea60603c767e0a604e79e7db233924ce71fe027a1ccc1623b7eb0,7beb41daec3d6a34c6da7696c56a982667957298f017ebe137829282b6ce7985,e6f30e55e478d39061b94e38de33959ca99b16e8cac38a3bd99b34f6543ad4a2,20260924,1.5,kinematic,lambda,lam15,jonswap,lambda,15.0,False,0.0,0.0,0.0,0,0.0,30.0,,e6f30e55e478d39061b94e38de33959ca99b16e8cac38a3bd99b34f6543ad4a2
ppo,False,3,aft,unseen_heading,SS3,200,200,1.0,0.9811546736227335,1.0,0.0,0.0,0.0,0.0,1.0,0.0,200,0.24620004144604168,0.26303845403358167,0.24599055554535976,0.26304596730821855,0.007737620504918332,0.015945849217458993,3.1802138882216515,1.51875,1.5291666666666666,0.2398637534844589,0.19257517996809967,0,0.0,0,-0.0024256283032111957,200,1.0,0.0,0,0,0,0,0,200,0,0,200,,0.9811546736227335,1.0,1.0,0.9811546736227335,1.0,artifacts/runs/ppo/3,ppo,10000000,final,10010624,1d67488e2ec8c8522968511a772f65cfe3d8699d,aa28e4f4fd67c42b54cc6e93b365289bca6512297f4b84c1784bb2fe48a6d1b3,26b6c49f8552f5fa626c19bab5222205eb83d294854734a23c3b0b1b3d70e14a,ab7152483da4fd50de264a3f0daaffb37cb7febe316803c154b3ed5a494f4d8f,97bb0f4a9cea41eba346cbef16d10a8fd2e625280036dca49859e9d49d7d98f7,e06fa8718729185b93b0874dab70fd01f0cf9fa14cf7de867d18c5555d8c8858,LearnedPolicy,False,jonswap,jonswap,3.12.3,2.5.2,2.13.0,2.9.0,1.3.0,3.2.7,e9fa15cc35312a5c1ecf0c42668a690b5061c090,7ebad1ecabd28a7000add2d05f888aa2e837c2cc,c7fbdcc4df48bd4a2cfe21811613e5e50e3e4868822fe6dddd13745d96692118,b98d65cc5e34337369dcd4d69d63651cc2c99c19e8494199e8b5ec9e06c8b87f,3ee7e46399aea60603c767e0a604e79e7db233924ce71fe027a1ccc1623b7eb0,7beb41daec3d6a34c6da7696c56a982667957298f017ebe137829282b6ce7985,e6f30e55e478d39061b94e38de33959ca99b16e8cac38a3bd99b34f6543ad4a2,20260924,1.5,kinematic,lambda,lam15,jonswap,lambda,15.0,False,0.0,0.0,0.0,0,0.0,30.0,,e6f30e55e478d39061b94e38de33959ca99b16e8cac38a3bd99b34f6543ad4a2
ppo,False,3,aft,unseen_heading,SS4,200,200,1.0,0.9811546736227335,1.0,0.0,0.0,0.0,0.0,1.0,0.0,200,0.2469181333070546,0.26562190278791276,0.24728212387070053,0.2655195637512353,0.0073812375747437705,0.015905211461718898,3.8524096081725716,1.5147916666666668,1.5166666666666666,0.24120370450049058,0.19281446849148418,0,0.0,0,-0.0023532659675398722,173,0.865,0.0,0,0,0,0,0,200,0,0,200,,0.8107086162924745,0.9055342954521209,0.865,0.8107086162924745,0.9055342954521209,artifacts/runs/ppo/3,ppo,10000000,final,10010624,1d67488e2ec8c8522968511a772f65cfe3d8699d,aa28e4f4fd67c42b54cc6e93b365289bca6512297f4b84c1784bb2fe48a6d1b3,26b6c49f8552f5fa626c19bab5222205eb83d294854734a23c3b0b1b3d70e14a,ab7152483da4fd50de264a3f0daaffb37cb7febe316803c154b3ed5a494f4d8f,97bb0f4a9cea41eba346cbef16d10a8fd2e625280036dca49859e9d49d7d98f7,e06fa8718729185b93b0874dab70fd01f0cf9fa14cf7de867d18c5555d8c8858,LearnedPolicy,False,jonswap,jonswap,3.12.3,2.5.2,2.13.0,2.9.0,1.3.0,3.2.7,e9fa15cc35312a5c1ecf0c42668a690b5061c090,7ebad1ecabd28a7000add2d05f888aa2e837c2cc,c7fbdcc4df48bd4a2cfe21811613e5e50e3e4868822fe6dddd13745d96692118,b98d65cc5e34337369dcd4d69d63651cc2c99c19e8494199e8b5ec9e06c8b87f,3ee7e46399aea60603c767e0a604e79e7db233924ce71fe027a1ccc1623b7eb0,7beb41daec3d6a34c6da7696c56a982667957298f017ebe137829282b6ce7985,e6f30e55e478d39061b94e38de33959ca99b16e8cac38a3bd99b34f6543ad4a2,20260924,1.5,kinematic,lambda,lam15,jonswap,lambda,15.0,False,0.0,0.0,0.0,0,0.0,30.0,,e6f30e55e478d39061b94e38de33959ca99b16e8cac38a3bd99b34f6543ad4a2
ppo,False,3,aft,unseen_heading,SS5,200,200,1.0,0.9811546736227335,1.0,0.0,0.0,0.0,0.0,1.0,0.0,200,0.24871226082141273,0.27639737660929486,0.25056990749604435,0.2760182979735267,0.007684838487414603,0.015699947616383585,6.9469870887361935,1.5099583333333333,1.5083333333333333,0.24596637839834593,0.19122643629698746,0,0.0,0,-0.002638944236884543,66,0.33,0.0,0,0,0,0,0,200,0,0,200,,0.26857425870603957,0.39783315226223115,0.33,0.26857425870603957,0.39783315226223115,artifacts/runs/ppo/3,ppo,10000000,final,10010624,1d67488e2ec8c8522968511a772f65cfe3d8699d,aa28e4f4fd67c42b54cc6e93b365289bca6512297f4b84c1784bb2fe48a6d1b3,26b6c49f8552f5fa626c19bab5222205eb83d294854734a23c3b0b1b3d70e14a,ab7152483da4fd50de264a3f0daaffb37cb7febe316803c154b3ed5a494f4d8f,97bb0f4a9cea41eba346cbef16d10a8fd2e625280036dca49859e9d49d7d98f7,e06fa8718729185b93b0874dab70fd01f0cf9fa14cf7de867d18c5555d8c8858,LearnedPolicy,False,jonswap,jonswap,3.12.3,2.5.2,2.13.0,2.9.0,1.3.0,3.2.7,e9fa15cc35312a5c1ecf0c42668a690b5061c090,7ebad1ecabd28a7000add2d05f888aa2e837c2cc,c7fbdcc4df48bd4a2cfe21811613e5e50e3e4868822fe6dddd13745d96692118,b98d65cc5e34337369dcd4d69d63651cc2c99c19e8494199e8b5ec9e06c8b87f,3ee7e46399aea60603c767e0a604e79e7db233924ce71fe027a1ccc1623b7eb0,7beb41daec3d6a34c6da7696c56a982667957298f017ebe137829282b6ce7985,e6f30e55e478d39061b94e38de33959ca99b16e8cac38a3bd99b34f6543ad4a2,20260924,1.5,kinematic,lambda,lam15,jonswap,lambda,15.0,False,0.0,0.0,0.0,0,0.0,30.0,,e6f30e55e478d39061b94e38de33959ca99b16e8cac38a3bd99b34f6543ad4a2
ppo,False,3,aft,unseen_heading,SS6,200,173,0.865,0.8107086162924745,0.9055342954521209,0.0,0.0,0.12,0.015,0.865,0.0,200,0.25670057582300243,0.3065702756928286,0.2595068735358369,0.31703094727895886,0.012143549002049113,0.0494539968330308,19.724697628447686,1.6613749999999998,1.5916666666666666,0.2332590326651713,0.19979701311533468,0,0.0,9,-0.005791445222217003,8,0.04,0.0,0,0,0,0,0,189,11,0,200,,0.020405632066152306,0.07693206820093293,0.04,0.020405632066152306,0.07693206820093293,artifacts/runs/ppo/3,ppo,10000000,final,10010624,1d67488e2ec8c8522968511a772f65cfe3d8699d,aa28e4f4fd67c42b54cc6e93b365289bca6512297f4b84c1784bb2fe48a6d1b3,26b6c49f8552f5fa626c19bab5222205eb83d294854734a23c3b0b1b3d70e14a,ab7152483da4fd50de264a3f0daaffb37cb7febe316803c154b3ed5a494f4d8f,97bb0f4a9cea41eba346cbef16d10a8fd2e625280036dca49859e9d49d7d98f7,e06fa8718729185b93b0874dab70fd01f0cf9fa14cf7de867d18c5555d8c8858,LearnedPolicy,False,jonswap,jonswap,3.12.3,2.5.2,2.13.0,2.9.0,1.3.0,3.2.7,e9fa15cc35312a5c1ecf0c42668a690b5061c090,7ebad1ecabd28a7000add2d05f888aa2e837c2cc,c7fbdcc4df48bd4a2cfe21811613e5e50e3e4868822fe6dddd13745d96692118,b98d65cc5e34337369dcd4d69d63651cc2c99c19e8494199e8b5ec9e06c8b87f,3ee7e46399aea60603c767e0a604e79e7db233924ce71fe027a1ccc1623b7eb0,7beb41daec3d6a34c6da7696c56a982667957298f017ebe137829282b6ce7985,e6f30e55e478d39061b94e38de33959ca99b16e8cac38a3bd99b34f6543ad4a2,20260924,1.5,kinematic,lambda,lam15,jonswap,lambda,15.0,False,0.0,0.0,0.0,0,0.0,30.0,,e6f30e55e478d39061b94e38de33959ca99b16e8cac38a3bd99b34f6543ad4a2
ppo,False,3,aft,unseen_vessel,SS3,200,200,1.0,0.9811546736227335,1.0,0.0,0.0,0.0,0.0,1.0,0.0,200,0.24616098347596044,0.2637226370647586,0.24608600618045884,0.26356377242362095,0.007767631097029798,0.016279116145483736,2.660517701313802,1.5173750000000001,1.5208333333333333,0.23734824688328168,0.19199982405514315,0,0.0,0,-0.002544185080113195,200,1.0,0.0,0,0,0,0,0,200,0,0,200,,0.9811546736227335,1.0,1.0,0.9811546736227335,1.0,artifacts/runs/ppo/3,ppo,10000000,final,10010624,1d67488e2ec8c8522968511a772f65cfe3d8699d,aa28e4f4fd67c42b54cc6e93b365289bca6512297f4b84c1784bb2fe48a6d1b3,26b6c49f8552f5fa626c19bab5222205eb83d294854734a23c3b0b1b3d70e14a,ab7152483da4fd50de264a3f0daaffb37cb7febe316803c154b3ed5a494f4d8f,97bb0f4a9cea41eba346cbef16d10a8fd2e625280036dca49859e9d49d7d98f7,e06fa8718729185b93b0874dab70fd01f0cf9fa14cf7de867d18c5555d8c8858,LearnedPolicy,False,jonswap,jonswap,3.12.3,2.5.2,2.13.0,2.9.0,1.3.0,3.2.7,e9fa15cc35312a5c1ecf0c42668a690b5061c090,7ebad1ecabd28a7000add2d05f888aa2e837c2cc,c7fbdcc4df48bd4a2cfe21811613e5e50e3e4868822fe6dddd13745d96692118,b98d65cc5e34337369dcd4d69d63651cc2c99c19e8494199e8b5ec9e06c8b87f,3ee7e46399aea60603c767e0a604e79e7db233924ce71fe027a1ccc1623b7eb0,7beb41daec3d6a34c6da7696c56a982667957298f017ebe137829282b6ce7985,e6f30e55e478d39061b94e38de33959ca99b16e8cac38a3bd99b34f6543ad4a2,20260924,1.5,kinematic,lambda,lam15,jonswap,lambda,15.0,False,0.0,0.0,0.0,0,0.0,30.0,,e6f30e55e478d39061b94e38de33959ca99b16e8cac38a3bd99b34f6543ad4a2
ppo,False,3,aft,unseen_vessel,SS4,200,200,1.0,0.9811546736227335,1.0,0.0,0.0,0.0,0.0,1.0,0.0,200,0.24446890552078737,0.2733974584942994,0.24475872183766195,0.2732761951369422,0.008207086331250403,0.017274393800629246,3.551176567642916,1.5196041666666666,1.5208333333333333,0.23995019774284287,0.19123977366324696,0,0.0,0,-0.0024213640647840285,155,0.775,0.0,0,0,0,0,0,200,0,0,200,,0.7122587676433947,0.8273763028491088,0.775,0.7122587676433947,0.8273763028491088,artifacts/runs/ppo/3,ppo,10000000,final,10010624,1d67488e2ec8c8522968511a772f65cfe3d8699d,aa28e4f4fd67c42b54cc6e93b365289bca6512297f4b84c1784bb2fe48a6d1b3,26b6c49f8552f5fa626c19bab5222205eb83d294854734a23c3b0b1b3d70e14a,ab7152483da4fd50de264a3f0daaffb37cb7febe316803c154b3ed5a494f4d8f,97bb0f4a9cea41eba346cbef16d10a8fd2e625280036dca49859e9d49d7d98f7,e06fa8718729185b93b0874dab70fd01f0cf9fa14cf7de867d18c5555d8c8858,LearnedPolicy,False,jonswap,jonswap,3.12.3,2.5.2,2.13.0,2.9.0,1.3.0,3.2.7,e9fa15cc35312a5c1ecf0c42668a690b5061c090,7ebad1ecabd28a7000add2d05f888aa2e837c2cc,c7fbdcc4df48bd4a2cfe21811613e5e50e3e4868822fe6dddd13745d96692118,b98d65cc5e34337369dcd4d69d63651cc2c99c19e8494199e8b5ec9e06c8b87f,3ee7e46399aea60603c767e0a604e79e7db233924ce71fe027a1ccc1623b7eb0,7beb41daec3d6a34c6da7696c56a982667957298f017ebe137829282b6ce7985,e6f30e55e478d39061b94e38de33959ca99b16e8cac38a3bd99b34f6543ad4a2,20260924,1.5,kinematic,lambda,lam15,jonswap,lambda,15.0,False,0.0,0.0,0.0,0,0.0,30.0,,e6f30e55e478d39061b94e38de33959ca99b16e8cac38a3bd99b34f6543ad4a2
ppo,False,3,aft,unseen_vessel,SS5,200,200,1.0,0.9811546736227335,1.0,0.0,0.0,0.0,0.0,1.0,0.0,200,0.24640092397392113,0.27741227448013717,0.2463262092595869,0.2778065725903045,0.008920677103954487,0.01820844486112247,4.316741198559329,1.5242083333333334,1.5208333333333333,0.2423257860685608,0.19137113011493143,0,0.0,0,-0.003407988571371956,109,0.545,0.0,0,0,0,0,0,200,0,0,200,,0.47578611372488105,0.6125178069011651,0.545,0.47578611372488105,0.6125178069011651,artifacts/runs/ppo/3,ppo,10000000,final,10010624,1d67488e2ec8c8522968511a772f65cfe3d8699d,aa28e4f4fd67c42b54cc6e93b365289bca6512297f4b84c1784bb2fe48a6d1b3,26b6c49f8552f5fa626c19bab5222205eb83d294854734a23c3b0b1b3d70e14a,ab7152483da4fd50de264a3f0daaffb37cb7febe316803c154b3ed5a494f4d8f,97bb0f4a9cea41eba346cbef16d10a8fd2e625280036dca49859e9d49d7d98f7,e06fa8718729185b93b0874dab70fd01f0cf9fa14cf7de867d18c5555d8c8858,LearnedPolicy,False,jonswap,jonswap,3.12.3,2.5.2,2.13.0,2.9.0,1.3.0,3.2.7,e9fa15cc35312a5c1ecf0c42668a690b5061c090,7ebad1ecabd28a7000add2d05f888aa2e837c2cc,c7fbdcc4df48bd4a2cfe21811613e5e50e3e4868822fe6dddd13745d96692118,b98d65cc5e34337369dcd4d69d63651cc2c99c19e8494199e8b5ec9e06c8b87f,3ee7e46399aea60603c767e0a604e79e7db233924ce71fe027a1ccc1623b7eb0,7beb41daec3d6a34c6da7696c56a982667957298f017ebe137829282b6ce7985,e6f30e55e478d39061b94e38de33959ca99b16e8cac38a3bd99b34f6543ad4a2,20260924,1.5,kinematic,lambda,lam15,jonswap,lambda,15.0,False,0.0,0.0,0.0,0,0.0,30.0,,e6f30e55e478d39061b94e38de33959ca99b16e8cac38a3bd99b34f6543ad4a2
ppo,False,3,aft,unseen_vessel,SS6,200,198,0.99,0.9642782382838231,0.9972533418664555,0.0,0.0,0.01,0.0,0.99,0.0,200,0.2503990880668272,0.2864429808938835,0.2504691048387071,0.2857417571840079,0.00952683414114626,0.02247375599531436,7.196918937598501,1.5505624999999998,1.5479166666666666,0.25100546566061543,0.191169973666878,0,0.0,0,-0.004658357056733928,35,0.175,0.0,0,0,0,0,0,200,0,0,200,,0.12860515066273331,0.23364431148248993,0.175,0.12860515066273331,0.23364431148248993,artifacts/runs/ppo/3,ppo,10000000,final,10010624,1d67488e2ec8c8522968511a772f65cfe3d8699d,aa28e4f4fd67c42b54cc6e93b365289bca6512297f4b84c1784bb2fe48a6d1b3,26b6c49f8552f5fa626c19bab5222205eb83d294854734a23c3b0b1b3d70e14a,ab7152483da4fd50de264a3f0daaffb37cb7febe316803c154b3ed5a494f4d8f,97bb0f4a9cea41eba346cbef16d10a8fd2e625280036dca49859e9d49d7d98f7,e06fa8718729185b93b0874dab70fd01f0cf9fa14cf7de867d18c5555d8c8858,LearnedPolicy,False,jonswap,jonswap,3.12.3,2.5.2,2.13.0,2.9.0,1.3.0,3.2.7,e9fa15cc35312a5c1ecf0c42668a690b5061c090,7ebad1ecabd28a7000add2d05f888aa2e837c2cc,c7fbdcc4df48bd4a2cfe21811613e5e50e3e4868822fe6dddd13745d96692118,b98d65cc5e34337369dcd4d69d63651cc2c99c19e8494199e8b5ec9e06c8b87f,3ee7e46399aea60603c767e0a604e79e7db233924ce71fe027a1ccc1623b7eb0,7beb41daec3d6a34c6da7696c56a982667957298f017ebe137829282b6ce7985,e6f30e55e478d39061b94e38de33959ca99b16e8cac38a3bd99b34f6543ad4a2,20260924,1.5,kinematic,lambda,lam15,jonswap,lambda,15.0,False,0.0,0.0,0.0,0,0.0,30.0,,e6f30e55e478d39061b94e38de33959ca99b16e8cac38a3bd99b34f6543ad4a2
ppo,False,4,aft,id,SS3,200,200,1.0,0.9811546736227335,1.0,0.0,0.0,0.0,0.0,1.0,0.0,200,0.2423769232350033,0.26273207772169854,0.24260010516340638,0.2627919093514796,0.009464689379903628,0.02120631220369557,4.56552984717858,1.5574166666666667,1.5520833333333335,0.23711149710869933,0.21276730848164246,0,0.0,0,-0.0027540149914030295,193,0.965,0.755,0,0,0,0,0,200,0,0,200,,0.9295293884777092,0.9829444579914328,0.965,0.9295293884777092,0.9829444579914328,artifacts/runs/ppo/4,ppo,10000000,final,10010624,1d67488e2ec8c8522968511a772f65cfe3d8699d,aa28e4f4fd67c42b54cc6e93b365289bca6512297f4b84c1784bb2fe48a6d1b3,26b6c49f8552f5fa626c19bab5222205eb83d294854734a23c3b0b1b3d70e14a,0f6fa22d0d78ca95d6921cbffd3a3f33256b0b062e60450732bc5ff3d852289b,6e5d7599d8b22d2faeae0c29e77815969a718294a40510afc7a7f4c6eeba4d38,25ca4106038d25702886c8826640f3a64cf21ce82006e4cae60c158511cd7d6e,LearnedPolicy,False,jonswap,jonswap,3.12.3,2.5.2,2.13.0,2.9.0,1.3.0,3.2.7,e9fa15cc35312a5c1ecf0c42668a690b5061c090,7ebad1ecabd28a7000add2d05f888aa2e837c2cc,c7fbdcc4df48bd4a2cfe21811613e5e50e3e4868822fe6dddd13745d96692118,b98d65cc5e34337369dcd4d69d63651cc2c99c19e8494199e8b5ec9e06c8b87f,3ee7e46399aea60603c767e0a604e79e7db233924ce71fe027a1ccc1623b7eb0,7beb41daec3d6a34c6da7696c56a982667957298f017ebe137829282b6ce7985,e6f30e55e478d39061b94e38de33959ca99b16e8cac38a3bd99b34f6543ad4a2,20260924,1.5,kinematic,lambda,lam15,jonswap,lambda,15.0,False,0.0,0.0,0.0,0,0.0,30.0,,e6f30e55e478d39061b94e38de33959ca99b16e8cac38a3bd99b34f6543ad4a2
ppo,False,4,aft,id,SS4,200,200,1.0,0.9811546736227335,1.0,0.0,0.0,0.0,0.0,1.0,0.0,200,0.2418580443054964,0.2655522241315952,0.24244053809651694,0.2660872286733329,0.010410206527670801,0.021212723432939996,4.65752450968809,1.564875,1.5625,0.23866053231949955,0.2118102964304287,0,0.0,0,-0.0028029466506326074,143,0.715,0.75,0,0,0,0,0,200,0,0,200,,0.6488465397039482,0.7730499699538271,0.715,0.6488465397039482,0.7730499699538271,artifacts/runs/ppo/4,ppo,10000000,final,10010624,1d67488e2ec8c8522968511a772f65cfe3d8699d,aa28e4f4fd67c42b54cc6e93b365289bca6512297f4b84c1784bb2fe48a6d1b3,26b6c49f8552f5fa626c19bab5222205eb83d294854734a23c3b0b1b3d70e14a,0f6fa22d0d78ca95d6921cbffd3a3f33256b0b062e60450732bc5ff3d852289b,6e5d7599d8b22d2faeae0c29e77815969a718294a40510afc7a7f4c6eeba4d38,25ca4106038d25702886c8826640f3a64cf21ce82006e4cae60c158511cd7d6e,LearnedPolicy,False,jonswap,jonswap,3.12.3,2.5.2,2.13.0,2.9.0,1.3.0,3.2.7,e9fa15cc35312a5c1ecf0c42668a690b5061c090,7ebad1ecabd28a7000add2d05f888aa2e837c2cc,c7fbdcc4df48bd4a2cfe21811613e5e50e3e4868822fe6dddd13745d96692118,b98d65cc5e34337369dcd4d69d63651cc2c99c19e8494199e8b5ec9e06c8b87f,3ee7e46399aea60603c767e0a604e79e7db233924ce71fe027a1ccc1623b7eb0,7beb41daec3d6a34c6da7696c56a982667957298f017ebe137829282b6ce7985,e6f30e55e478d39061b94e38de33959ca99b16e8cac38a3bd99b34f6543ad4a2,20260924,1.5,kinematic,lambda,lam15,jonswap,lambda,15.0,False,0.0,0.0,0.0,0,0.0,30.0,,e6f30e55e478d39061b94e38de33959ca99b16e8cac38a3bd99b34f6543ad4a2
ppo,False,4,aft,id,SS5,200,199,0.995,0.9722262956021069,0.9991168312843989,0.0,0.0,0.005,0.0,0.995,0.0,200,0.24471929765585104,0.2699214040634117,0.2459607446652506,0.269958443295807,0.011389614978323425,0.02361463488687131,8.734482172445773,1.5800625,1.5812499999999998,0.24111213748614857,0.21787943178336344,0,0.0,0,-0.004638075396881831,55,0.275,0.745,0,0,0,0,0,200,0,0,200,,0.21779700329307355,0.34068339357669647,0.275,0.21779700329307355,0.34068339357669647,artifacts/runs/ppo/4,ppo,10000000,final,10010624,1d67488e2ec8c8522968511a772f65cfe3d8699d,aa28e4f4fd67c42b54cc6e93b365289bca6512297f4b84c1784bb2fe48a6d1b3,26b6c49f8552f5fa626c19bab5222205eb83d294854734a23c3b0b1b3d70e14a,0f6fa22d0d78ca95d6921cbffd3a3f33256b0b062e60450732bc5ff3d852289b,6e5d7599d8b22d2faeae0c29e77815969a718294a40510afc7a7f4c6eeba4d38,25ca4106038d25702886c8826640f3a64cf21ce82006e4cae60c158511cd7d6e,LearnedPolicy,False,jonswap,jonswap,3.12.3,2.5.2,2.13.0,2.9.0,1.3.0,3.2.7,e9fa15cc35312a5c1ecf0c42668a690b5061c090,7ebad1ecabd28a7000add2d05f888aa2e837c2cc,c7fbdcc4df48bd4a2cfe21811613e5e50e3e4868822fe6dddd13745d96692118,b98d65cc5e34337369dcd4d69d63651cc2c99c19e8494199e8b5ec9e06c8b87f,3ee7e46399aea60603c767e0a604e79e7db233924ce71fe027a1ccc1623b7eb0,7beb41daec3d6a34c6da7696c56a982667957298f017ebe137829282b6ce7985,e6f30e55e478d39061b94e38de33959ca99b16e8cac38a3bd99b34f6543ad4a2,20260924,1.5,kinematic,lambda,lam15,jonswap,lambda,15.0,False,0.0,0.0,0.0,0,0.0,30.0,,e6f30e55e478d39061b94e38de33959ca99b16e8cac38a3bd99b34f6543ad4a2
ppo,False,4,aft,id,SS6,200,193,0.965,0.9295293884777092,0.9829444579914328,0.0,0.0,0.025,0.01,0.965,0.0,200,0.23921175016880858,0.2812033670629456,0.24019456145756335,0.2807883555508758,0.012713019921836155,0.02708301114850329,14.025279697784406,1.6130000000000002,1.6125,0.24086378849934803,0.22140635258166813,0,0.0,2,-0.006400421564287686,26,0.13,0.0,0,0,0,0,0,196,4,0,200,,0.0902820227966932,0.18366351872248407,0.13,0.0902820227966932,0.18366351872248407,artifacts/runs/ppo/4,ppo,10000000,final,10010624,1d67488e2ec8c8522968511a772f65cfe3d8699d,aa28e4f4fd67c42b54cc6e93b365289bca6512297f4b84c1784bb2fe48a6d1b3,26b6c49f8552f5fa626c19bab5222205eb83d294854734a23c3b0b1b3d70e14a,0f6fa22d0d78ca95d6921cbffd3a3f33256b0b062e60450732bc5ff3d852289b,6e5d7599d8b22d2faeae0c29e77815969a718294a40510afc7a7f4c6eeba4d38,25ca4106038d25702886c8826640f3a64cf21ce82006e4cae60c158511cd7d6e,LearnedPolicy,False,jonswap,jonswap,3.12.3,2.5.2,2.13.0,2.9.0,1.3.0,3.2.7,e9fa15cc35312a5c1ecf0c42668a690b5061c090,7ebad1ecabd28a7000add2d05f888aa2e837c2cc,c7fbdcc4df48bd4a2cfe21811613e5e50e3e4868822fe6dddd13745d96692118,b98d65cc5e34337369dcd4d69d63651cc2c99c19e8494199e8b5ec9e06c8b87f,3ee7e46399aea60603c767e0a604e79e7db233924ce71fe027a1ccc1623b7eb0,7beb41daec3d6a34c6da7696c56a982667957298f017ebe137829282b6ce7985,e6f30e55e478d39061b94e38de33959ca99b16e8cac38a3bd99b34f6543ad4a2,20260924,1.5,kinematic,lambda,lam15,jonswap,lambda,15.0,False,0.0,0.0,0.0,0,0.0,30.0,,e6f30e55e478d39061b94e38de33959ca99b16e8cac38a3bd99b34f6543ad4a2
ppo,False,4,aft,unseen_seastate,SS6,200,193,0.965,0.9295293884777092,0.9829444579914328,0.0,0.0,0.035,0.0,0.965,0.0,200,0.2389099503407201,0.27538681091250483,0.23992683989219177,0.2738958419839082,0.012402141855500981,0.027680390157513165,12.7507484346138,1.5984375,1.5916666666666666,0.24062308535886007,0.22228495348212943,0,0.0,4,-0.006230522340955785,17,0.085,0.0,0,0,0,0,0,199,1,0,200,,0.05374575017747561,0.13189587071565567,0.085,0.05374575017747561,0.13189587071565567,artifacts/runs/ppo/4,ppo,10000000,final,10010624,1d67488e2ec8c8522968511a772f65cfe3d8699d,aa28e4f4fd67c42b54cc6e93b365289bca6512297f4b84c1784bb2fe48a6d1b3,26b6c49f8552f5fa626c19bab5222205eb83d294854734a23c3b0b1b3d70e14a,0f6fa22d0d78ca95d6921cbffd3a3f33256b0b062e60450732bc5ff3d852289b,6e5d7599d8b22d2faeae0c29e77815969a718294a40510afc7a7f4c6eeba4d38,25ca4106038d25702886c8826640f3a64cf21ce82006e4cae60c158511cd7d6e,LearnedPolicy,False,jonswap,jonswap,3.12.3,2.5.2,2.13.0,2.9.0,1.3.0,3.2.7,e9fa15cc35312a5c1ecf0c42668a690b5061c090,7ebad1ecabd28a7000add2d05f888aa2e837c2cc,c7fbdcc4df48bd4a2cfe21811613e5e50e3e4868822fe6dddd13745d96692118,b98d65cc5e34337369dcd4d69d63651cc2c99c19e8494199e8b5ec9e06c8b87f,3ee7e46399aea60603c767e0a604e79e7db233924ce71fe027a1ccc1623b7eb0,7beb41daec3d6a34c6da7696c56a982667957298f017ebe137829282b6ce7985,e6f30e55e478d39061b94e38de33959ca99b16e8cac38a3bd99b34f6543ad4a2,20260924,1.5,kinematic,lambda,lam15,jonswap,lambda,15.0,False,0.0,0.0,0.0,0,0.0,30.0,,e6f30e55e478d39061b94e38de33959ca99b16e8cac38a3bd99b34f6543ad4a2
ppo,False,4,aft,unseen_heading,SS3,200,200,1.0,0.9811546736227335,1.0,0.0,0.0,0.0,0.0,1.0,0.0,200,0.2436111314453348,0.26127362537571786,0.24347710898269465,0.26061346742918157,0.010378776147264705,0.021456710463808863,4.062799234894754,1.5619166666666666,1.5645833333333332,0.23766105473391694,0.21355012382090074,0,0.0,0,-0.0024982047527022395,200,1.0,0.0,0,0,0,0,0,200,0,0,200,,0.9811546736227335,1.0,1.0,0.9811546736227335,1.0,artifacts/runs/ppo/4,ppo,10000000,final,10010624,1d67488e2ec8c8522968511a772f65cfe3d8699d,aa28e4f4fd67c42b54cc6e93b365289bca6512297f4b84c1784bb2fe48a6d1b3,26b6c49f8552f5fa626c19bab5222205eb83d294854734a23c3b0b1b3d70e14a,0f6fa22d0d78ca95d6921cbffd3a3f33256b0b062e60450732bc5ff3d852289b,6e5d7599d8b22d2faeae0c29e77815969a718294a40510afc7a7f4c6eeba4d38,25ca4106038d25702886c8826640f3a64cf21ce82006e4cae60c158511cd7d6e,LearnedPolicy,False,jonswap,jonswap,3.12.3,2.5.2,2.13.0,2.9.0,1.3.0,3.2.7,e9fa15cc35312a5c1ecf0c42668a690b5061c090,7ebad1ecabd28a7000add2d05f888aa2e837c2cc,c7fbdcc4df48bd4a2cfe21811613e5e50e3e4868822fe6dddd13745d96692118,b98d65cc5e34337369dcd4d69d63651cc2c99c19e8494199e8b5ec9e06c8b87f,3ee7e46399aea60603c767e0a604e79e7db233924ce71fe027a1ccc1623b7eb0,7beb41daec3d6a34c6da7696c56a982667957298f017ebe137829282b6ce7985,e6f30e55e478d39061b94e38de33959ca99b16e8cac38a3bd99b34f6543ad4a2,20260924,1.5,kinematic,lambda,lam15,jonswap,lambda,15.0,False,0.0,0.0,0.0,0,0.0,30.0,,e6f30e55e478d39061b94e38de33959ca99b16e8cac38a3bd99b34f6543ad4a2
ppo,False,4,aft,unseen_heading,SS4,200,200,1.0,0.9811546736227335,1.0,0.0,0.0,0.0,0.0,1.0,0.0,200,0.24582374007165114,0.2656750837745069,0.24589233273809222,0.2661010849527202,0.009877486701054426,0.021995240563031142,4.869884105243552,1.5603333333333333,1.5541666666666667,0.2394567831113059,0.2139876431959783,0,0.0,0,-0.002643032078058805,175,0.875,0.0,0,0,0,0,0,200,0,0,200,,0.8219857499741765,0.9138802552428735,0.875,0.8219857499741765,0.9138802552428735,artifacts/runs/ppo/4,ppo,10000000,final,10010624,1d67488e2ec8c8522968511a772f65cfe3d8699d,aa28e4f4fd67c42b54cc6e93b365289bca6512297f4b84c1784bb2fe48a6d1b3,26b6c49f8552f5fa626c19bab5222205eb83d294854734a23c3b0b1b3d70e14a,0f6fa22d0d78ca95d6921cbffd3a3f33256b0b062e60450732bc5ff3d852289b,6e5d7599d8b22d2faeae0c29e77815969a718294a40510afc7a7f4c6eeba4d38,25ca4106038d25702886c8826640f3a64cf21ce82006e4cae60c158511cd7d6e,LearnedPolicy,False,jonswap,jonswap,3.12.3,2.5.2,2.13.0,2.9.0,1.3.0,3.2.7,e9fa15cc35312a5c1ecf0c42668a690b5061c090,7ebad1ecabd28a7000add2d05f888aa2e837c2cc,c7fbdcc4df48bd4a2cfe21811613e5e50e3e4868822fe6dddd13745d96692118,b98d65cc5e34337369dcd4d69d63651cc2c99c19e8494199e8b5ec9e06c8b87f,3ee7e46399aea60603c767e0a604e79e7db233924ce71fe027a1ccc1623b7eb0,7beb41daec3d6a34c6da7696c56a982667957298f017ebe137829282b6ce7985,e6f30e55e478d39061b94e38de33959ca99b16e8cac38a3bd99b34f6543ad4a2,20260924,1.5,kinematic,lambda,lam15,jonswap,lambda,15.0,False,0.0,0.0,0.0,0,0.0,30.0,,e6f30e55e478d39061b94e38de33959ca99b16e8cac38a3bd99b34f6543ad4a2
ppo,False,4,aft,unseen_heading,SS5,200,200,1.0,0.9811546736227335,1.0,0.0,0.0,0.0,0.0,1.0,0.0,200,0.2444857370299392,0.2688997068477013,0.24400517270779148,0.27128631322478985,0.010343175689608183,0.02127134445256053,8.095718023054994,1.5662083333333334,1.5583333333333333,0.23980966844370585,0.21567819775004404,0,0.0,0,-0.0031564144425196123,66,0.33,0.0,0,0,0,0,0,200,0,0,200,,0.26857425870603957,0.39783315226223115,0.33,0.26857425870603957,0.39783315226223115,artifacts/runs/ppo/4,ppo,10000000,final,10010624,1d67488e2ec8c8522968511a772f65cfe3d8699d,aa28e4f4fd67c42b54cc6e93b365289bca6512297f4b84c1784bb2fe48a6d1b3,26b6c49f8552f5fa626c19bab5222205eb83d294854734a23c3b0b1b3d70e14a,0f6fa22d0d78ca95d6921cbffd3a3f33256b0b062e60450732bc5ff3d852289b,6e5d7599d8b22d2faeae0c29e77815969a718294a40510afc7a7f4c6eeba4d38,25ca4106038d25702886c8826640f3a64cf21ce82006e4cae60c158511cd7d6e,LearnedPolicy,False,jonswap,jonswap,3.12.3,2.5.2,2.13.0,2.9.0,1.3.0,3.2.7,e9fa15cc35312a5c1ecf0c42668a690b5061c090,7ebad1ecabd28a7000add2d05f888aa2e837c2cc,c7fbdcc4df48bd4a2cfe21811613e5e50e3e4868822fe6dddd13745d96692118,b98d65cc5e34337369dcd4d69d63651cc2c99c19e8494199e8b5ec9e06c8b87f,3ee7e46399aea60603c767e0a604e79e7db233924ce71fe027a1ccc1623b7eb0,7beb41daec3d6a34c6da7696c56a982667957298f017ebe137829282b6ce7985,e6f30e55e478d39061b94e38de33959ca99b16e8cac38a3bd99b34f6543ad4a2,20260924,1.5,kinematic,lambda,lam15,jonswap,lambda,15.0,False,0.0,0.0,0.0,0,0.0,30.0,,e6f30e55e478d39061b94e38de33959ca99b16e8cac38a3bd99b34f6543ad4a2
ppo,False,4,aft,unseen_heading,SS6,200,173,0.865,0.8107086162924745,0.9055342954521209,0.0,0.0,0.105,0.03,0.865,0.0,200,0.23682634237156655,0.27384763764890535,0.2389048634549012,0.27655915453889374,0.014105126868061705,0.037815755642916164,18.444801490319104,1.6429791666666664,1.61875,0.22869771845195408,0.22572825768341762,0,0.0,17,-0.006286508750856779,10,0.05,0.0,0,0,0,0,0,190,10,0,200,,0.02738264560076393,0.08957814813877599,0.05,0.02738264560076393,0.08957814813877599,artifacts/runs/ppo/4,ppo,10000000,final,10010624,1d67488e2ec8c8522968511a772f65cfe3d8699d,aa28e4f4fd67c42b54cc6e93b365289bca6512297f4b84c1784bb2fe48a6d1b3,26b6c49f8552f5fa626c19bab5222205eb83d294854734a23c3b0b1b3d70e14a,0f6fa22d0d78ca95d6921cbffd3a3f33256b0b062e60450732bc5ff3d852289b,6e5d7599d8b22d2faeae0c29e77815969a718294a40510afc7a7f4c6eeba4d38,25ca4106038d25702886c8826640f3a64cf21ce82006e4cae60c158511cd7d6e,LearnedPolicy,False,jonswap,jonswap,3.12.3,2.5.2,2.13.0,2.9.0,1.3.0,3.2.7,e9fa15cc35312a5c1ecf0c42668a690b5061c090,7ebad1ecabd28a7000add2d05f888aa2e837c2cc,c7fbdcc4df48bd4a2cfe21811613e5e50e3e4868822fe6dddd13745d96692118,b98d65cc5e34337369dcd4d69d63651cc2c99c19e8494199e8b5ec9e06c8b87f,3ee7e46399aea60603c767e0a604e79e7db233924ce71fe027a1ccc1623b7eb0,7beb41daec3d6a34c6da7696c56a982667957298f017ebe137829282b6ce7985,e6f30e55e478d39061b94e38de33959ca99b16e8cac38a3bd99b34f6543ad4a2,20260924,1.5,kinematic,lambda,lam15,jonswap,lambda,15.0,False,0.0,0.0,0.0,0,0.0,30.0,,e6f30e55e478d39061b94e38de33959ca99b16e8cac38a3bd99b34f6543ad4a2
ppo,False,4,aft,unseen_vessel,SS3,200,200,1.0,0.9811546736227335,1.0,0.0,0.0,0.0,0.0,1.0,0.0,200,0.2436729697782133,0.26364373492773485,0.2434702246950838,0.2634114614954789,0.010476428465076239,0.021805426668013578,4.165880653029854,1.5603958333333332,1.55,0.2362017851878799,0.21310074818543462,0,0.0,0,-0.0026528339656156745,200,1.0,0.0,0,0,0,0,0,200,0,0,200,,0.9811546736227335,1.0,1.0,0.9811546736227335,1.0,artifacts/runs/ppo/4,ppo,10000000,final,10010624,1d67488e2ec8c8522968511a772f65cfe3d8699d,aa28e4f4fd67c42b54cc6e93b365289bca6512297f4b84c1784bb2fe48a6d1b3,26b6c49f8552f5fa626c19bab5222205eb83d294854734a23c3b0b1b3d70e14a,0f6fa22d0d78ca95d6921cbffd3a3f33256b0b062e60450732bc5ff3d852289b,6e5d7599d8b22d2faeae0c29e77815969a718294a40510afc7a7f4c6eeba4d38,25ca4106038d25702886c8826640f3a64cf21ce82006e4cae60c158511cd7d6e,LearnedPolicy,False,jonswap,jonswap,3.12.3,2.5.2,2.13.0,2.9.0,1.3.0,3.2.7,e9fa15cc35312a5c1ecf0c42668a690b5061c090,7ebad1ecabd28a7000add2d05f888aa2e837c2cc,c7fbdcc4df48bd4a2cfe21811613e5e50e3e4868822fe6dddd13745d96692118,b98d65cc5e34337369dcd4d69d63651cc2c99c19e8494199e8b5ec9e06c8b87f,3ee7e46399aea60603c767e0a604e79e7db233924ce71fe027a1ccc1623b7eb0,7beb41daec3d6a34c6da7696c56a982667957298f017ebe137829282b6ce7985,e6f30e55e478d39061b94e38de33959ca99b16e8cac38a3bd99b34f6543ad4a2,20260924,1.5,kinematic,lambda,lam15,jonswap,lambda,15.0,False,0.0,0.0,0.0,0,0.0,30.0,,e6f30e55e478d39061b94e38de33959ca99b16e8cac38a3bd99b34f6543ad4a2
ppo,False,4,aft,unseen_vessel,SS4,200,200,1.0,0.9811546736227335,1.0,0.0,0.0,0.0,0.0,1.0,0.0,200,0.2454709149455177,0.26310689975741575,0.2450798811484008,0.2638218578477247,0.010270394639242892,0.022270657540404228,4.603467375927504,1.5626875,1.5583333333333333,0.23687254622612797,0.2124329959054494,0,0.0,0,-0.002553606622128729,155,0.775,0.0,0,0,0,0,0,200,0,0,200,,0.7122587676433947,0.8273763028491088,0.775,0.7122587676433947,0.8273763028491088,artifacts/runs/ppo/4,ppo,10000000,final,10010624,1d67488e2ec8c8522968511a772f65cfe3d8699d,aa28e4f4fd67c42b54cc6e93b365289bca6512297f4b84c1784bb2fe48a6d1b3,26b6c49f8552f5fa626c19bab5222205eb83d294854734a23c3b0b1b3d70e14a,0f6fa22d0d78ca95d6921cbffd3a3f33256b0b062e60450732bc5ff3d852289b,6e5d7599d8b22d2faeae0c29e77815969a718294a40510afc7a7f4c6eeba4d38,25ca4106038d25702886c8826640f3a64cf21ce82006e4cae60c158511cd7d6e,LearnedPolicy,False,jonswap,jonswap,3.12.3,2.5.2,2.13.0,2.9.0,1.3.0,3.2.7,e9fa15cc35312a5c1ecf0c42668a690b5061c090,7ebad1ecabd28a7000add2d05f888aa2e837c2cc,c7fbdcc4df48bd4a2cfe21811613e5e50e3e4868822fe6dddd13745d96692118,b98d65cc5e34337369dcd4d69d63651cc2c99c19e8494199e8b5ec9e06c8b87f,3ee7e46399aea60603c767e0a604e79e7db233924ce71fe027a1ccc1623b7eb0,7beb41daec3d6a34c6da7696c56a982667957298f017ebe137829282b6ce7985,e6f30e55e478d39061b94e38de33959ca99b16e8cac38a3bd99b34f6543ad4a2,20260924,1.5,kinematic,lambda,lam15,jonswap,lambda,15.0,False,0.0,0.0,0.0,0,0.0,30.0,,e6f30e55e478d39061b94e38de33959ca99b16e8cac38a3bd99b34f6543ad4a2
ppo,False,4,aft,unseen_vessel,SS5,200,200,1.0,0.9811546736227335,1.0,0.0,0.0,0.0,0.0,1.0,0.0,200,0.24568457180511988,0.26906991516589646,0.24553278973486414,0.26883265870029066,0.009952143660920044,0.02254992794743702,5.054464307112027,1.5707916666666666,1.56875,0.2411702695589183,0.21487856696154106,0,0.0,0,-0.0036459875447364025,112,0.56,0.0,0,0,0,0,0,200,0,0,200,,0.4907167533465867,0.6270218074881414,0.56,0.4907167533465867,0.6270218074881414,artifacts/runs/ppo/4,ppo,10000000,final,10010624,1d67488e2ec8c8522968511a772f65cfe3d8699d,aa28e4f4fd67c42b54cc6e93b365289bca6512297f4b84c1784bb2fe48a6d1b3,26b6c49f8552f5fa626c19bab5222205eb83d294854734a23c3b0b1b3d70e14a,0f6fa22d0d78ca95d6921cbffd3a3f33256b0b062e60450732bc5ff3d852289b,6e5d7599d8b22d2faeae0c29e77815969a718294a40510afc7a7f4c6eeba4d38,25ca4106038d25702886c8826640f3a64cf21ce82006e4cae60c158511cd7d6e,LearnedPolicy,False,jonswap,jonswap,3.12.3,2.5.2,2.13.0,2.9.0,1.3.0,3.2.7,e9fa15cc35312a5c1ecf0c42668a690b5061c090,7ebad1ecabd28a7000add2d05f888aa2e837c2cc,c7fbdcc4df48bd4a2cfe21811613e5e50e3e4868822fe6dddd13745d96692118,b98d65cc5e34337369dcd4d69d63651cc2c99c19e8494199e8b5ec9e06c8b87f,3ee7e46399aea60603c767e0a604e79e7db233924ce71fe027a1ccc1623b7eb0,7beb41daec3d6a34c6da7696c56a982667957298f017ebe137829282b6ce7985,e6f30e55e478d39061b94e38de33959ca99b16e8cac38a3bd99b34f6543ad4a2,20260924,1.5,kinematic,lambda,lam15,jonswap,lambda,15.0,False,0.0,0.0,0.0,0,0.0,30.0,,e6f30e55e478d39061b94e38de33959ca99b16e8cac38a3bd99b34f6543ad4a2
ppo,False,4,aft,unseen_vessel,SS6,200,197,0.985,0.9568342712073097,0.9948857622067417,0.005,0.0,0.01,0.0,0.985,0.0,199,0.24731476369891633,0.27828096876872155,0.24776413412377551,0.2810901713161154,0.010637439283597705,0.02494326179926254,8.867360149617191,1.5991206030150755,1.6,0.24843931329858152,0.21947359291352772,0,0.0,1,-0.00699903081388127,35,0.17587939698492464,0.0,0,0,0,1,0,198,1,0,200,,0.12926639955748412,0.23476893744907826,0.175,0.12860515066273331,0.23364431148248993,artifacts/runs/ppo/4,ppo,10000000,final,10010624,1d67488e2ec8c8522968511a772f65cfe3d8699d,aa28e4f4fd67c42b54cc6e93b365289bca6512297f4b84c1784bb2fe48a6d1b3,26b6c49f8552f5fa626c19bab5222205eb83d294854734a23c3b0b1b3d70e14a,0f6fa22d0d78ca95d6921cbffd3a3f33256b0b062e60450732bc5ff3d852289b,6e5d7599d8b22d2faeae0c29e77815969a718294a40510afc7a7f4c6eeba4d38,25ca4106038d25702886c8826640f3a64cf21ce82006e4cae60c158511cd7d6e,LearnedPolicy,False,jonswap,jonswap,3.12.3,2.5.2,2.13.0,2.9.0,1.3.0,3.2.7,e9fa15cc35312a5c1ecf0c42668a690b5061c090,7ebad1ecabd28a7000add2d05f888aa2e837c2cc,c7fbdcc4df48bd4a2cfe21811613e5e50e3e4868822fe6dddd13745d96692118,b98d65cc5e34337369dcd4d69d63651cc2c99c19e8494199e8b5ec9e06c8b87f,3ee7e46399aea60603c767e0a604e79e7db233924ce71fe027a1ccc1623b7eb0,7beb41daec3d6a34c6da7696c56a982667957298f017ebe137829282b6ce7985,e6f30e55e478d39061b94e38de33959ca99b16e8cac38a3bd99b34f6543ad4a2,20260924,1.5,kinematic,lambda,lam15,jonswap,lambda,15.0,False,0.0,0.0,0.0,0,0.0,30.0,,e6f30e55e478d39061b94e38de33959ca99b16e8cac38a3bd99b34f6543ad4a2
