slug,regime,ss,index,vessel,heading_deg,speed_kn,method,run_seed,outcome,rel_vz_normal_m_s,rel_tilt_deg,td_t_episode_s,steps,seeds_with_outcome,seeds_flown,reflight_matches_committed
id_ss5_125_all_land,id,SS5,125,frigate,180.0,12.0,pid_feedforward,0,success,-0.37290063587752037,5.904045612206299,3.3791666666666664,117,1,1,True
id_ss5_125_all_land,id,SS5,125,frigate,180.0,12.0,ppo,0,success,-0.18791396409122604,3.086919299334179,1.4666666666666666,59,5,5,True
id_ss5_125_all_land,id,SS5,125,frigate,180.0,12.0,residual_ppo,0,success,-0.2663823336012366,0.5068006228911571,1.7666666666666666,68,5,5,True
id_ss3_6_all_land,id,SS3,6,frigate,180.0,12.0,pid_feedforward,0,success,-0.20180859364405807,3.1381366023316213,3.7333333333333334,127,1,1,True
id_ss3_6_all_land,id,SS3,6,frigate,180.0,12.0,ppo,0,success,-0.24342916724792762,0.48905686625326683,1.4541666666666666,59,5,5,True
id_ss3_6_all_land,id,SS3,6,frigate,180.0,12.0,residual_ppo,0,success,-0.22470050252730583,0.6170693680598696,1.7666666666666666,68,5,5,True
id_ss5_146_pid_bounces,id,SS5,146,frigate,45.0,12.0,pid_feedforward,0,bounce,-0.1424077252152831,10.045137258050984,4.2375,129,1,1,True
id_ss5_146_pid_bounces,id,SS5,146,frigate,45.0,12.0,ppo,0,success,-0.28528607974461623,7.289932013591618,1.625,64,5,5,True
id_ss5_146_pid_bounces,id,SS5,146,frigate,45.0,12.0,residual_ppo,0,success,-0.2678188355052399,11.26392426548787,1.8875,72,5,5,True
id_ss6_168_pid_hard,id,SS6,168,frigate,45.0,12.0,pid_feedforward,0,hard_landing,-0.2011071472517624,19.166393004801954,5.245833333333334,173,1,1,True
id_ss6_168_pid_hard,id,SS6,168,frigate,45.0,12.0,ppo,0,success,-0.2738743919331687,4.777164072948365,1.5958333333333332,63,5,5,True
id_ss6_168_pid_hard,id,SS6,168,frigate,45.0,12.0,residual_ppo,0,success,-0.22611347510162066,6.317208886970609,2.2541666666666664,83,5,5,True
id_ss6_10_rl_hard,id,SS6,10,frigate,90.0,12.0,pid_feedforward,0,success,-0.21379980348364555,3.2530049675592885,5.0125,166,1,1,True
id_ss6_10_rl_hard,id,SS6,10,frigate,90.0,12.0,ppo,0,hard_landing,-0.13567420913896255,16.333995309776334,1.6416666666666666,51,4,5,True
id_ss6_10_rl_hard,id,SS6,10,frigate,90.0,12.0,residual_ppo,1,hard_landing,-0.2715887423212463,16.525096280823362,2.025,76,2,5,True
id_ss6_102_residual_hard,id,SS6,102,frigate,90.0,12.0,pid_feedforward,0,bounce,-0.18073423218550258,2.7163551032988487,5.875,192,1,1,True
id_ss6_102_residual_hard,id,SS6,102,frigate,90.0,12.0,ppo,0,success,-0.2985299096649314,6.036203689606372,2.183333333333333,81,5,5,True
id_ss6_102_residual_hard,id,SS6,102,frigate,90.0,12.0,residual_ppo,0,hard_landing,-0.1546613461918206,21.855061721817812,2.7083333333333335,83,5,5,True
id_ss6_178_all_fail,id,SS6,178,frigate,90.0,6.0,pid_feedforward,0,hard_landing,-0.17494982981029358,18.80957696683217,3.591666666666667,123,1,1,True
id_ss6_178_all_fail,id,SS6,178,frigate,90.0,6.0,ppo,2,hard_landing,-0.11796917635739587,15.170574108593032,1.9375,74,1,5,True
id_ss6_178_all_fail,id,SS6,178,frigate,90.0,6.0,residual_ppo,0,bounce,-0.20810049614879972,5.419136282607059,1.75,67,2,5,True
