controller,arm,n,n_touchdown,n_success,n_bounce,n_hard_landing,n_off_pad,n_crash,n_timeout,n_gap_gt_33ms,n_gap_gt_50ms,n_gap_gt_75ms,n_gap_gt_100ms,n_gap_gt_250ms,n_gap_gt_50ms_com_closing,dwell_end_in_contact,cp_pushoff_max_m_s_p50,cp_pushoff_max_m_s_p99,penetration_max_m_p99,clearance_max_m_p95
pid_feedforward,base,1580,1580,1568,10,2,0,0,0,39,9,0,0,0,5,1571,0.02738243409032775,0.0568481583381039,0.0029525292159453885,0.00126075455894632
pid_feedforward,erp0,1580,1580,1572,6,2,0,0,0,40,5,0,0,0,4,1570,0.0005886267982634,0.003481057358031499,0.01618514366754603,0.0012542943398636997
pid_feedforward,grace_probe,1580,1580,1578,0,2,0,0,0,39,10,2,1,0,6,1574,0.0274132569728554,0.05759724843586213,0.002972094965613339,0.00126075455894632
pid_feedforward,hz480,1580,1580,1566,10,4,0,0,0,49,13,0,0,0,10,1571,0.02808916591925375,0.05121987602051103,0.0013662256493914113,0.0013662981113166
pid_feedforward_lowvz,base,1580,1580,1515,64,1,0,0,0,186,57,3,0,0,49,1532,0.018204960922498348,0.04450876635541924,0.002321453237986227,0.0017105516936260238
pid_feedforward_lowvz,erp0,1580,1580,1513,66,1,0,0,0,205,56,3,0,0,49,1524,0.00040614020899150003,0.003705585452386819,0.01274876729122066,0.0016993970907646697
pid_feedforward_lowvz,grace_probe,1580,1580,1579,0,1,0,0,0,186,58,11,7,1,50,1571,0.018640100566974398,0.04450876635541924,0.002321453237986227,0.0017105516936260238
pid_feedforward_lowvz,grace_probe1920,1580,1580,1577,2,1,0,0,0,345,116,27,11,5,116,1549,0.01908714378945915,0.043341996970792454,0.000300249377741332,0.0020340724613166147
pid_feedforward_lowvz,grace_probe480,1580,1580,1579,0,1,0,0,0,240,78,23,10,1,76,1556,0.01947673998301455,0.0392297880476174,0.0010514864463426713,0.0018935791928595001
pid_feedforward_lowvz,grace_probe960,1580,1580,1578,1,1,0,0,0,313,112,37,17,2,112,1549,0.01955325606272615,0.04302283564435295,0.0005854200552816832,0.0019923630011911947
pid_feedforward_lowvz,grace_probe960_erp0,1580,1580,1578,1,1,0,0,0,294,103,35,15,1,103,1552,0.0002350633278294,0.002634918481421236,0.003468463542792727,0.0019896251411338503
pid_feedforward_lowvz,grace_probe_erp0,1580,1580,1579,0,1,0,0,0,205,59,11,7,1,50,1561,0.00041775559790785,0.003793383542552041,0.01274876729122066,0.0017070346121266801
pid_feedforward_lowvz,hz480,1580,1580,1493,86,1,0,0,0,240,77,2,0,0,75,1507,0.019249530723307047,0.0392297880476174,0.0010514864463426713,0.0018786537408399448
